date,y_true,y_pred,y_pred_q15,vrp_wedge,put_call_skew_30d,ticker,horizon
2014-01-06,0.228148,0.156282,0.130691,0.066479,0.03123,LMT,21
2014-01-07,0.230149,0.152403,0.129505,0.054308,0.030178,LMT,21
2014-01-08,0.236392,0.159969,0.129559,0.054324,0.032081,LMT,21
2014-01-09,0.236053,0.153888,0.130569,0.052836,0.030503,LMT,21
2014-01-10,0.238827,0.15639,0.129452,0.046241,0.028285,LMT,21
2014-01-13,0.235134,0.155075,0.131503,0.046836,0.025287,LMT,21
2014-01-14,0.238176,0.149244,0.13115,0.051818,0.011554,LMT,21
2014-01-15,0.238229,0.154626,0.129794,0.025659,0.029291,LMT,21
2014-01-16,0.240163,0.149962,0.1308,0.032759,0.029978,LMT,21
2014-01-17,0.243052,0.154727,0.130422,0.026063,0.03064,LMT,21
2014-01-21,0.242621,0.156002,0.130494,0.033927,0.033987,LMT,21
2014-01-22,0.241519,0.150302,0.131106,0.047551,0.019053,LMT,21
2014-01-23,0.230297,0.147552,0.130944,0.001776,0.025903,LMT,21
2014-01-24,0.229027,0.148384,0.131906,0.016366,0.030832,LMT,21
2014-01-27,0.224074,0.147927,0.134844,0.010728,0.027113,LMT,21
2014-01-28,0.224325,0.147758,0.132884,-0.006932,0.025756,LMT,21
2014-01-29,0.224336,0.147556,0.133364,0.004472,0.034756,LMT,21
2014-01-30,0.224183,0.144805,0.130707,-0.006108,0.024066,LMT,21
2014-01-31,0.209494,0.148134,0.141149,-0.016286,0.026257,LMT,21
2014-02-03,0.201627,0.157533,0.14832,-0.002617,0.03797,LMT,21
2014-02-04,0.189309,0.175899,0.161984,-0.026544,0.036038,LMT,21
2014-02-05,0.180043,0.176574,0.170863,-0.034008,0.037598,LMT,21
2014-02-06,0.17661,0.176091,0.170374,-0.033003,0.024801,LMT,21
2014-02-07,0.167919,0.180755,0.182805,-0.055243,0.027716,LMT,21
2014-02-10,0.168193,0.18125,0.181137,-0.056924,0.034693,LMT,21
2014-02-11,0.16436,0.183115,0.181802,-0.064605,0.024076,LMT,21
2014-02-12,0.166875,0.176202,0.176263,-0.066018,0.021364,LMT,21
2014-02-13,0.157881,0.177024,0.179187,-0.070777,0.028417,LMT,21
2014-02-14,0.15256,0.179411,0.182824,-0.062358,0.012974,LMT,21
2014-02-18,0.157558,0.17967,0.183372,-0.067215,0.02498,LMT,21
2014-02-19,0.158611,0.181109,0.184385,-0.065248,0.022695,LMT,21
2014-02-20,0.157578,0.180677,0.181727,-0.065275,0.015052,LMT,21
2014-02-21,0.158967,0.178154,0.178496,-0.07365,0.018907,LMT,21
2014-02-24,0.153067,0.179787,0.161908,-0.054295,0.018454,LMT,21
2014-02-25,0.148207,0.178533,0.165158,-0.054093,0.025782,LMT,21
2014-02-26,0.144741,0.180803,0.164344,-0.041134,0.018715,LMT,21
2014-02-27,0.144688,0.18128,0.169378,-0.025435,-0.00292,LMT,21
2014-02-28,0.144212,0.177378,0.159198,-0.050431,0.026076,LMT,21
2014-03-03,0.139932,0.181069,0.160688,-0.036705,0.027313,LMT,21
2014-03-04,0.141444,0.175599,0.140726,-0.033565,0.026012,LMT,21
2014-03-05,0.139441,0.154687,0.140306,-0.019091,0.019099,LMT,21
2014-03-06,0.145403,0.152357,0.135314,-0.013385,0.024975,LMT,21
2014-03-07,0.149464,0.154162,0.133276,-0.007747,0.025775,LMT,21
2014-03-10,0.154669,0.155961,0.1374,0.005089,0.02289,LMT,21
2014-03-11,0.159855,0.171702,0.137908,0.014958,0.01975,LMT,21
2014-03-12,0.163539,0.169741,0.135811,0.008347,0.028679,LMT,21
2014-03-13,0.161593,0.171865,0.137839,0.022136,0.026996,LMT,21
2014-03-14,0.163324,0.154862,0.136661,0.022875,0.023564,LMT,21
2014-03-17,0.168439,0.169773,0.133298,0.023051,0.027231,LMT,21
2014-03-18,0.172042,0.169344,0.133056,0.026992,0.020695,LMT,21
2014-03-19,0.165582,0.172903,0.131506,0.040952,0.010551,LMT,21
2014-03-20,0.163733,0.170036,0.129236,0.018123,0.029048,LMT,21
2014-03-21,0.175713,0.174201,0.132133,0.072807,-0.028513,LMT,21
2014-03-24,0.187189,0.172441,0.130738,0.02381,0.010056,LMT,21
2014-03-25,0.18868,0.169967,0.129073,0.017905,0.026492,LMT,21
2014-03-26,0.190118,0.169001,0.128826,0.027889,0.013941,LMT,21
2014-03-27,0.19158,0.169066,0.129495,0.030376,0.021939,LMT,21
2014-03-28,0.190646,0.16947,0.13083,0.029383,0.02905,LMT,21
2014-03-31,0.192217,0.173013,0.131737,0.036293,0.021802,LMT,21
2014-04-01,0.194089,0.171711,0.129819,0.03732,0.025713,LMT,21
2014-04-02,0.192576,0.174573,0.13307,0.0332,0.027366,LMT,21
2014-04-03,0.194763,0.170061,0.135806,0.042827,0.016955,LMT,21
2014-04-04,0.19167,0.170038,0.136225,0.045264,0.024043,LMT,21
2014-04-07,0.188968,0.173088,0.135996,0.052574,0.026544,LMT,21
2014-04-08,0.184995,0.159279,0.138337,0.066562,0.013546,LMT,21
2014-04-09,0.180836,0.156326,0.143484,0.038431,0.036469,LMT,21
2014-04-10,0.176224,0.15491,0.143802,0.057266,0.021708,LMT,21
2014-04-11,0.175927,0.155804,0.141362,0.057512,0.028898,LMT,21
2014-04-14,0.17305,0.16065,0.140793,0.05434,0.032323,LMT,21
2014-04-15,0.170423,0.161226,0.144408,0.057907,0.025885,LMT,21
2014-04-16,0.168334,0.164179,0.142877,0.02803,0.037921,LMT,21
2014-04-17,0.168575,0.157552,0.141106,0.038355,0.019486,LMT,21
2014-04-21,0.167251,0.160444,0.142476,0.040796,0.027101,LMT,21
2014-04-22,0.151021,0.159592,0.144114,0.006342,0.031519,LMT,21
2014-04-23,0.132692,0.171788,0.146337,0.00209,0.01195,LMT,21
2014-04-24,0.128568,0.174205,0.146042,-0.014952,0.029865,LMT,21
2014-04-25,0.123146,0.179288,0.14892,0.004446,0.015348,LMT,21
2014-04-28,0.122973,0.174204,0.149085,-0.003527,0.019333,LMT,21
2014-04-29,0.125235,0.161294,0.143962,-0.013387,0.025918,LMT,21
2014-04-30,0.12195,0.160582,0.141801,-0.023812,0.0266,LMT,21
2014-05-01,0.119504,0.145254,0.138155,-0.024717,0.029521,LMT,21
2014-05-02,0.119742,0.144473,0.134919,-0.025621,0.030509,LMT,21
2014-05-05,0.117436,0.1483,0.139255,-0.017113,0.012211,LMT,21
2014-05-06,0.115527,0.146906,0.12993,-0.021741,0.024377,LMT,21
2014-05-07,0.112449,0.145615,0.133514,-0.01327,0.016251,LMT,21
2014-05-08,0.116527,0.147927,0.133952,-0.024341,0.029076,LMT,21
2014-05-09,0.116798,0.162273,0.1343,-0.020235,0.027393,LMT,21
2014-05-12,0.120053,0.164285,0.130556,-0.006371,0.00647,LMT,21
2014-05-13,0.122191,0.156153,0.129247,-0.021811,0.023588,LMT,21
2014-05-14,0.121088,0.152667,0.132369,-0.022649,0.028913,LMT,21
2014-05-15,0.118664,0.153856,0.132583,-0.015074,0.027495,LMT,21
2014-05-16,0.119246,0.15406,0.133338,-0.010908,0.02569,LMT,21
2014-05-19,0.121352,0.153997,0.134576,-0.006479,0.025123,LMT,21
2014-05-20,0.122458,0.154525,0.133896,-0.011195,0.02598,LMT,21
2014-05-21,0.122953,0.153326,0.129972,0.000263,0.022909,LMT,21
2014-05-22,0.126175,0.153989,0.133519,0.016095,0.025399,LMT,21
2014-05-23,0.127842,0.154897,0.131573,0.019928,0.020216,LMT,21
2014-05-27,0.128431,0.155309,0.132904,0.037774,0.014623,LMT,21
2014-05-28,0.127432,0.155545,0.132649,0.027346,0.027629,LMT,21
2014-05-29,0.124054,0.156171,0.132672,0.042511,-0.014268,LMT,21
2014-05-30,0.124818,0.138711,0.124068,0.024723,0.01105,LMT,21
2014-06-02,0.131064,0.138879,0.124724,0.030115,0.019353,LMT,21
2014-06-03,0.133872,0.137099,0.124836,0.028266,0.020548,LMT,21
2014-06-04,0.133466,0.143574,0.119134,0.03369,0.020024,LMT,21
2014-06-05,0.135242,0.1439,0.11853,0.040232,0.016745,LMT,21
2014-06-06,0.1358,0.14448,0.118895,0.030913,0.023399,LMT,21
2014-06-09,0.131401,0.144617,0.117651,0.04186,0.006235,LMT,21
2014-06-10,0.133572,0.145931,0.117677,0.029759,0.026567,LMT,21
2014-06-11,0.132258,0.147086,0.125598,0.031861,0.021979,LMT,21
2014-06-12,0.129584,0.143367,0.125744,0.033197,0.025896,LMT,21
2014-06-13,0.130147,0.14385,0.124148,0.029594,0.026489,LMT,21
2014-06-16,0.130559,0.143892,0.124268,0.043616,0.017881,LMT,21
2014-06-17,0.133283,0.143411,0.125118,0.036328,0.022328,LMT,21
2014-06-18,0.130941,0.138297,0.125722,0.040089,0.011164,LMT,21
2014-06-19,0.131102,0.138145,0.12583,0.037701,0.010691,LMT,21
2014-06-20,0.134252,0.147117,0.128015,0.021942,0.028488,LMT,21
2014-06-23,0.133279,0.147807,0.128362,0.028049,0.017973,LMT,21
2014-06-24,0.133074,0.14665,0.12624,0.030998,0.013198,LMT,21
2014-06-25,0.132699,0.149057,0.126721,0.034679,0.013568,LMT,21
2014-06-26,0.132563,0.152363,0.129097,0.041718,0.021072,LMT,21
2014-06-27,0.132459,0.140627,0.130227,0.040406,0.016202,LMT,21
2014-06-30,0.134871,0.140631,0.130245,0.040117,0.027321,LMT,21
2014-07-01,0.127488,0.142505,0.13014,0.043243,0.02114,LMT,21
2014-07-02,0.128618,0.145286,0.131807,0.039595,0.026566,LMT,21
2014-07-03,0.1288,0.147284,0.131156,0.03722,0.024171,LMT,21
2014-07-07,0.130843,0.146301,0.131441,0.040441,0.024175,LMT,21
2014-07-08,0.133484,0.145423,0.129152,0.046207,0.02335,LMT,21
2014-07-09,0.134542,0.146279,0.130394,0.04354,0.029482,LMT,21
2014-07-10,0.133347,0.144805,0.129218,0.050216,0.021239,LMT,21
2014-07-11,0.130544,0.145606,0.131138,0.057577,0.010227,LMT,21
2014-07-14,0.132205,0.145564,0.131216,0.057627,0.02408,LMT,21
2014-07-15,0.132365,0.147425,0.128655,0.058273,0.016024,LMT,21
2014-07-16,0.130741,0.146738,0.127722,0.047756,0.023098,LMT,21
2014-07-17,0.12957,0.147589,0.128552,0.0579,0.021228,LMT,21
2014-07-18,0.130227,0.147964,0.127754,0.04126,0.024772,LMT,21
2014-07-21,0.126401,0.145734,0.128437,0.05082,0.015598,LMT,21
2014-07-22,0.124293,0.143803,0.122868,0.006326,0.018059,LMT,21
2014-07-23,0.122303,0.147484,0.120495,0.003724,0.013832,LMT,21
2014-07-24,0.121509,0.149594,0.122342,0.016009,0.009307,LMT,21
2014-07-25,0.121683,0.148642,0.118634,0.001215,0.025173,LMT,21
2014-07-28,0.117863,0.139472,0.122286,0.022617,0.011252,LMT,21
2014-07-29,0.118023,0.1402,0.123498,0.017294,0.012894,LMT,21
2014-07-30,0.113587,0.140365,0.122972,0.011584,0.021087,LMT,21
2014-07-31,0.11316,0.145522,0.129723,0.041831,0.021283,LMT,21
2014-08-01,0.110121,0.144421,0.129927,0.043194,0.033093,LMT,21
2014-08-04,0.112027,0.144657,0.12968,0.03834,0.030469,LMT,21
2014-08-05,0.108128,0.145127,0.129795,0.04608,0.029483,LMT,21
2014-08-06,0.107119,0.144971,0.130431,0.050666,0.035139,LMT,21
2014-08-07,0.105211,0.144675,0.129135,0.049036,0.03829,LMT,21
2014-08-08,0.102831,0.145481,0.129465,0.055323,0.021022,LMT,21
2014-08-11,0.10387,0.14481,0.130065,0.041222,0.03346,LMT,21
2014-08-12,0.101545,0.145381,0.130814,0.034882,0.034902,LMT,21
2014-08-13,0.09899,0.143751,0.129337,0.023844,0.028316,LMT,21
2014-08-14,0.09946,0.141436,0.12586,0.010261,0.027695,LMT,21
2014-08-15,0.098046,0.140932,0.126913,0.017579,0.019202,LMT,21
2014-08-18,0.098887,0.140278,0.123832,0.004583,0.029498,LMT,21
2014-08-19,0.099509,0.141068,0.124867,0.005654,0.024743,LMT,21
2014-08-20,0.096926,0.139958,0.123719,0.00689,0.011285,LMT,21
2014-08-21,0.098644,0.13869,0.125355,0.008553,0.009302,LMT,21
2014-08-22,0.101124,0.139122,0.12525,0.001829,0.014324,LMT,21
2014-08-25,0.100404,0.132747,0.107343,0.006459,0.024058,LMT,21
2014-08-26,0.105007,0.130957,0.110227,0.013384,0.018341,LMT,21
2014-08-27,0.112196,0.130779,0.111884,0.012754,0.023905,LMT,21
2014-08-28,0.116536,0.134005,0.120746,0.026985,0.012027,LMT,21
2014-08-29,0.118311,0.135603,0.120152,0.020538,0.01717,LMT,21
2014-09-02,0.121852,0.134284,0.120075,0.034651,0.022908,LMT,21
2014-09-03,0.12228,0.131675,0.118247,0.032064,0.024018,LMT,21
2014-09-04,0.124641,0.132986,0.118599,0.033071,0.026958,LMT,21
2014-09-05,0.124402,0.134257,0.122608,0.031438,0.030423,LMT,21
2014-09-08,0.126304,0.136831,0.123025,0.039737,0.02081,LMT,21
2014-09-09,0.136147,0.136719,0.123362,0.040283,0.020979,LMT,21
2014-09-10,0.139715,0.136551,0.125019,0.042511,0.02,LMT,21
2014-09-11,0.145225,0.135706,0.12572,0.03919,0.026354,LMT,21
2014-09-12,0.152439,0.140027,0.126455,0.043447,0.029182,LMT,21
2014-09-15,0.160988,0.13945,0.12589,0.057026,0.022344,LMT,21
2014-09-16,0.177042,0.137237,0.125004,0.051639,0.021634,LMT,21
2014-09-17,0.183986,0.135954,0.125673,0.03529,0.022988,LMT,21
2014-09-18,0.184975,0.140688,0.126007,0.038223,0.016274,LMT,21
2014-09-19,0.187567,0.137107,0.125361,0.032771,0.022464,LMT,21
2014-09-22,0.213196,0.137487,0.124443,0.033617,0.019099,LMT,21
2014-09-23,0.224843,0.143297,0.124802,0.05252,0.019342,LMT,21
2014-09-24,0.228602,0.146817,0.125337,0.058445,-0.012139,LMT,21
2014-09-25,0.228348,0.144004,0.124678,0.054678,0.013839,LMT,21
2014-09-26,0.226156,0.144814,0.125862,0.037482,0.028929,LMT,21
2014-09-29,0.225913,0.144062,0.124117,0.045483,0.031522,LMT,21
2014-09-30,0.225698,0.145503,0.125711,0.046463,0.021216,LMT,21
2014-10-01,0.22768,0.145828,0.124914,0.063514,0.02537,LMT,21
2014-10-02,0.227248,0.145577,0.125293,0.063621,0.028567,LMT,21
2014-10-03,0.228837,0.144351,0.125111,0.047614,0.031267,LMT,21
2014-10-06,0.229874,0.142135,0.125144,0.057157,0.031419,LMT,21
2014-10-07,0.232485,0.142929,0.124265,0.0714,0.03043,LMT,21
2014-10-08,0.226733,0.144765,0.127179,0.071049,0.017516,LMT,21
2014-10-09,0.22848,0.144419,0.126384,0.069474,0.034453,LMT,21
2014-10-10,0.22518,0.146371,0.124666,0.070658,0.032729,LMT,21
2014-10-13,0.220763,0.148288,0.132173,0.083758,0.039503,LMT,21
2014-10-14,0.214376,0.152339,0.137807,0.068768,0.046337,LMT,21
2014-10-15,0.200528,0.152624,0.141017,0.074372,0.051133,LMT,21
2014-10-16,0.193494,0.153668,0.140884,0.056585,0.056614,LMT,21
2014-10-17,0.192587,0.152881,0.136737,0.044159,0.042478,LMT,21
2014-10-20,0.192441,0.154706,0.139807,0.036937,0.046976,LMT,21
2014-10-21,0.162517,0.187871,0.154733,-0.021252,0.049807,LMT,21
2014-10-22,0.143774,0.18898,0.151511,-0.035857,0.045932,LMT,21
2014-10-23,0.137438,0.189148,0.157534,-0.051822,0.035748,LMT,21
2014-10-24,0.13463,0.193154,0.15454,-0.028099,0.013385,LMT,21
2014-10-27,0.132999,0.188848,0.146286,-0.042604,0.031553,LMT,21
2014-10-28,0.130965,0.181264,0.144246,-0.05802,0.035112,LMT,21
2014-10-29,0.134913,0.176419,0.13881,-0.054538,0.026505,LMT,21
2014-10-30,0.12767,0.165821,0.143558,-0.06133,0.036634,LMT,21
2014-10-31,0.127833,0.169698,0.138623,-0.054265,0.02674,LMT,21
2014-11-03,0.121296,0.17267,0.143972,-0.052953,0.02563,LMT,21
2014-11-04,0.118691,0.169733,0.142465,-0.053584,0.03188,LMT,21
2014-11-05,0.11195,0.168344,0.149394,-0.058132,0.033763,LMT,21
2014-11-06,0.11301,0.165965,0.135904,-0.056452,0.032357,LMT,21
2014-11-07,0.105512,0.170523,0.141687,-0.056053,0.031522,LMT,21
2014-11-10,0.109549,0.171212,0.13736,-0.050085,0.025741,LMT,21
2014-11-11,0.111411,0.164808,0.134978,-0.056334,0.030408,LMT,21
2014-11-12,0.115262,0.167558,0.13536,-0.048166,0.025993,LMT,21
2014-11-13,0.124218,0.166559,0.131668,-0.039485,0.027261,LMT,21
2014-11-14,0.134479,0.159411,0.129655,-0.032159,0.027386,LMT,21
2014-11-17,0.141026,0.166594,0.12812,-0.028655,0.023016,LMT,21
2014-11-18,0.148572,0.138893,0.120745,-0.026904,0.019222,LMT,21
2014-11-19,0.152426,0.140076,0.124995,-0.003888,0.027614,LMT,21
2014-11-20,0.153803,0.140995,0.127315,0.018093,0.01936,LMT,21
2014-11-21,0.154664,0.138099,0.124637,0.012236,0.021907,LMT,21
2014-11-24,0.15609,0.138037,0.125224,0.014141,0.016038,LMT,21
2014-11-25,0.155649,0.137508,0.124779,0.015997,0.016034,LMT,21
2014-11-26,0.155444,0.136934,0.125344,0.017742,0.011502,LMT,21
2014-11-28,0.15111,0.137634,0.123646,0.01709,0.023629,LMT,21
2014-12-01,0.153249,0.139353,0.120726,0.034991,0.023911,LMT,21
2014-12-02,0.156256,0.13977,0.117786,0.033308,0.026646,LMT,21
2014-12-03,0.168277,0.138908,0.117792,0.039519,0.019857,LMT,21
2014-12-04,0.174797,0.137805,0.117967,0.036417,0.028333,LMT,21
2014-12-05,0.174335,0.138123,0.117448,0.042381,0.026238,LMT,21
2014-12-08,0.182526,0.138676,0.118696,0.04691,0.025198,LMT,21
2014-12-09,0.183433,0.144405,0.119259,0.072512,0.013183,LMT,21
2014-12-10,0.182495,0.141246,0.123036,0.070674,0.025655,LMT,21
2014-12-11,0.19292,0.141363,0.124277,0.0615,0.027735,LMT,21
2014-12-12,0.192273,0.145384,0.128555,0.082568,0.020996,LMT,21
2014-12-15,0.187281,0.150456,0.127104,0.07652,0.025209,LMT,21
2014-12-16,0.179645,0.155475,0.133741,0.070471,0.027737,LMT,21
2014-12-17,0.180245,0.166562,0.13505,0.057352,0.030026,LMT,21
2014-12-18,0.174021,0.156176,0.141111,0.039201,0.030704,LMT,21
2014-12-19,0.174161,0.153004,0.13814,0.022611,0.022832,LMT,21
2014-12-22,0.173221,0.151315,0.135229,0.011793,0.022841,LMT,21
2014-12-23,0.178559,0.151389,0.130957,0.007134,0.018614,LMT,21
2014-12-24,0.179132,0.151978,0.128279,0.010157,0.014557,LMT,21
2014-12-26,0.191003,0.149141,0.128122,0.00736,0.025472,LMT,21
2014-12-29,0.198712,0.15277,0.126578,0.021485,0.036498,LMT,21
2014-12-30,0.200309,0.154435,0.127821,0.024271,0.045201,LMT,21
2014-12-31,0.202947,0.158621,0.133466,0.041501,0.031761,LMT,21
2015-01-02,0.200836,0.159899,0.133217,0.039925,0.033834,LMT,21
2015-01-05,0.193809,0.167669,0.136644,0.050375,0.032879,LMT,21
2015-01-06,0.189813,0.168912,0.137657,0.042617,0.040701,LMT,21
2015-01-07,0.195611,0.167837,0.136583,0.033057,0.045329,LMT,21
2015-01-08,0.188145,0.169033,0.139405,0.020662,0.033538,LMT,21
2015-01-09,0.187789,0.166361,0.137658,0.014133,0.035461,LMT,21
2015-01-12,0.187019,0.162707,0.13963,0.022465,0.037771,LMT,21
2015-01-13,0.17496,0.162163,0.14271,0.009601,0.043164,LMT,21
2015-01-14,0.174212,0.162451,0.142466,0.016777,0.044895,LMT,21
2015-01-15,0.173999,0.162473,0.140061,0.027966,0.039239,LMT,21
2015-01-16,0.173833,0.170904,0.152158,0.021128,0.046811,LMT,21
2015-01-20,0.169701,0.173309,0.15446,0.016123,0.039697,LMT,21
2015-01-21,0.169285,0.171989,0.151566,0.021674,0.03808,LMT,21
2015-01-22,0.166503,0.169247,0.145135,0.006919,0.037748,LMT,21
2015-01-23,0.166386,0.164529,0.138709,0.002806,0.032201,LMT,21
2015-01-26,0.160436,0.168829,0.142774,0.017808,0.022107,LMT,21
2015-01-27,0.161415,0.165793,0.139936,0.007819,0.025776,LMT,21
2015-01-28,0.147934,0.167584,0.141575,-0.003307,0.033276,LMT,21
2015-01-29,0.137376,0.161818,0.147049,-0.00875,0.035112,LMT,21
2015-01-30,0.13622,0.163267,0.147673,0.001204,0.037916,LMT,21
2015-02-02,0.128329,0.161888,0.147736,-0.008148,0.043844,LMT,21
2015-02-03,0.125822,0.16291,0.146939,-0.006402,0.034587,LMT,21
2015-02-04,0.122784,0.149139,0.144978,-0.009819,0.038975,LMT,21
2015-02-05,0.121859,0.147462,0.139787,-0.012866,0.036801,LMT,21
2015-02-06,0.112758,0.150083,0.136902,-0.020143,0.035177,LMT,21
2015-02-09,0.111255,0.157117,0.143649,0.002055,0.035994,LMT,21
2015-02-10,0.108824,0.15551,0.140655,-0.009122,0.034204,LMT,21
2015-02-11,0.11385,0.153378,0.135267,-0.007244,0.030477,LMT,21
2015-02-12,0.115762,0.151149,0.135478,-0.003551,0.027741,LMT,21
2015-02-13,0.114758,0.149241,0.134531,-0.009993,0.031499,LMT,21
2015-02-17,0.125885,0.142635,0.121265,-0.00528,0.025635,LMT,21
2015-02-18,0.127815,0.14114,0.121655,-0.009031,0.021642,LMT,21
2015-02-19,0.126929,0.138963,0.118285,-0.018651,0.029997,LMT,21
2015-02-20,0.124785,0.144216,0.12113,-0.003008,0.004917,LMT,21
2015-02-23,0.128777,0.152522,0.125147,0.005865,0.022318,LMT,21
2015-02-24,0.132834,0.150376,0.125971,0.000385,0.029779,LMT,21
2015-02-25,0.140658,0.146895,0.123024,0.001823,0.023402,LMT,21
2015-02-26,0.138914,0.143426,0.12265,-0.002901,0.028471,LMT,21
2015-02-27,0.141725,0.145942,0.125225,0.007948,0.015933,LMT,21
2015-03-02,0.142111,0.152067,0.127305,0.038761,0.014004,LMT,21
2015-03-03,0.148636,0.145971,0.128115,0.026378,0.028765,LMT,21
2015-03-04,0.149646,0.148038,0.126608,0.036454,0.02721,LMT,21
2015-03-05,0.153622,0.147853,0.12696,0.040189,0.02907,LMT,21
2015-03-06,0.155069,0.148199,0.126097,0.042494,0.03325,LMT,21
2015-03-09,0.154256,0.149292,0.128594,0.045902,0.027972,LMT,21
2015-03-10,0.154085,0.15323,0.134545,0.068289,0.026316,LMT,21
2015-03-11,0.154579,0.153859,0.13452,0.070166,0.028519,LMT,21
2015-03-12,0.159824,0.156068,0.134957,0.076241,0.023319,LMT,21
2015-03-13,0.155331,0.157221,0.133579,0.075654,0.019981,LMT,21
2015-03-16,0.154915,0.158992,0.131402,0.080642,0.013685,LMT,21
2015-03-17,0.155988,0.151699,0.13566,0.06782,0.024155,LMT,21
2015-03-18,0.14718,0.149385,0.137429,0.043354,0.033311,LMT,21
2015-03-19,0.147301,0.146913,0.129591,0.048827,0.028499,LMT,21
2015-03-20,0.148963,0.145347,0.129259,0.038442,0.027994,LMT,21
2015-03-23,0.15162,0.14714,0.127944,0.051006,0.016998,LMT,21
2015-03-24,0.150509,0.149062,0.127825,0.043045,0.019042,LMT,21
2015-03-25,0.146815,0.146115,0.12566,0.038217,0.015206,LMT,21
2015-03-26,0.141709,0.151889,0.127094,0.042825,0.009106,LMT,21
2015-03-27,0.143297,0.156889,0.126782,0.04962,0.013887,LMT,21
2015-03-30,0.142616,0.157747,0.127333,0.038944,0.026625,LMT,21
2015-03-31,0.151263,0.162773,0.130496,0.059244,0.024575,LMT,21
2015-04-01,0.143727,0.161594,0.133053,0.043732,0.040882,LMT,21
2015-04-02,0.143572,0.157276,0.131692,0.044534,0.032829,LMT,21
2015-04-06,0.14146,0.160209,0.132624,0.050134,0.018246,LMT,21
2015-04-07,0.142781,0.154905,0.132701,0.035828,0.03611,LMT,21
2015-04-08,0.143101,0.155284,0.127986,0.03719,0.035926,LMT,21
2015-04-09,0.143359,0.149407,0.125944,0.034667,0.032334,LMT,21
2015-04-10,0.143209,0.149739,0.129655,0.03106,0.028256,LMT,21
2015-04-13,0.140558,0.153029,0.131854,0.030281,0.032328,LMT,21
2015-04-14,0.140347,0.15064,0.129454,0.027966,0.027683,LMT,21
2015-04-15,0.138755,0.146046,0.136157,0.027112,0.027428,LMT,21
2015-04-16,0.137234,0.146745,0.131949,0.029948,0.020995,LMT,21
2015-04-17,0.134818,0.152158,0.133184,0.04658,0.031084,LMT,21
2015-04-20,0.132888,0.148687,0.133289,0.044512,0.025927,LMT,21
2015-04-21,0.129178,0.142982,0.129382,0.017696,0.022415,LMT,21
2015-04-22,0.125705,0.142861,0.129078,0.011543,0.015017,LMT,21
2015-04-23,0.121443,0.141702,0.128329,0.007277,0.01686,LMT,21
2015-04-24,0.121455,0.140135,0.128079,0.011801,0.021876,LMT,21
2015-04-27,0.118209,0.137157,0.125997,0.01689,0.02853,LMT,21
2015-04-28,0.115371,0.141912,0.129523,0.016594,0.027059,LMT,21
2015-04-29,0.113612,0.142951,0.12586,0.023414,0.031227,LMT,21
2015-04-30,0.108924,0.143096,0.123835,0.028281,0.03352,LMT,21
2015-05-01,0.1122,0.138512,0.121721,0.023461,0.030119,LMT,21
2015-05-04,0.111801,0.138118,0.1209,0.027477,0.024214,LMT,21
2015-05-05,0.11172,0.139619,0.121529,0.035954,0.02724,LMT,21
2015-05-06,0.106999,0.139791,0.123149,0.03213,0.035422,LMT,21
2015-05-07,0.105499,0.139789,0.124965,0.032144,0.027248,LMT,21
2015-05-08,0.104257,0.137865,0.120968,0.016918,0.030289,LMT,21
2015-05-11,0.105002,0.14149,0.122026,0.023479,0.020283,LMT,21
2015-05-12,0.101033,0.140157,0.120973,0.022343,0.022932,LMT,21
2015-05-13,0.101207,0.127476,0.105009,0.017375,0.027168,LMT,21
2015-05-14,0.101666,0.126688,0.109565,0.012363,0.026256,LMT,21
2015-05-15,0.102224,0.130125,0.114841,0.008409,0.02614,LMT,21
2015-05-18,0.104521,0.128804,0.117929,0.004917,0.022457,LMT,21
2015-05-19,0.109475,0.129375,0.11741,0.006589,0.024336,LMT,21
2015-05-20,0.108961,0.128492,0.118086,0.008619,0.020968,LMT,21
2015-05-21,0.108882,0.130166,0.118683,0.013506,0.018066,LMT,21
2015-05-22,0.110735,0.129567,0.117431,0.015193,0.020514,LMT,21
2015-05-26,0.110085,0.134671,0.123474,0.032746,0.019163,LMT,21
2015-05-27,0.110272,0.134172,0.126396,0.03421,0.017843,LMT,21
2015-05-28,0.109126,0.135006,0.126122,0.037567,0.018724,LMT,21
2015-05-29,0.111137,0.134959,0.126238,0.041933,0.012227,LMT,21
2015-06-01,0.104926,0.136839,0.130463,0.046104,0.020667,LMT,21
2015-06-02,0.101269,0.143043,0.12751,0.055042,0.011018,LMT,21
2015-06-03,0.101656,0.137002,0.127616,0.041631,0.025537,LMT,21
2015-06-04,0.100123,0.137197,0.127638,0.043571,0.025382,LMT,21
2015-06-05,0.103245,0.138278,0.125398,0.057138,0.02477,LMT,21
2015-06-08,0.106634,0.137605,0.124567,0.062038,0.019242,LMT,21
2015-06-09,0.108814,0.138874,0.126184,0.062048,0.020118,LMT,21
2015-06-10,0.118253,0.132921,0.124853,0.054591,0.020745,LMT,21
2015-06-11,0.120648,0.121064,0.107476,0.055977,0.020386,LMT,21
2015-06-12,0.120883,0.121347,0.107448,0.057672,0.021205,LMT,21
2015-06-15,0.120732,0.123883,0.111387,0.057968,0.025525,LMT,21
2015-06-16,0.119973,0.122921,0.112456,0.055971,0.02248,LMT,21
2015-06-17,0.118055,0.139314,0.117397,0.069393,0.001248,LMT,21
2015-06-18,0.120222,0.122812,0.111759,0.038601,0.014154,LMT,21
2015-06-19,0.120937,0.123558,0.11342,0.046535,0.018099,LMT,21
2015-06-22,0.123196,0.122603,0.110789,0.033415,0.021107,LMT,21
2015-06-23,0.123836,0.123039,0.112408,0.035015,0.021698,LMT,21
2015-06-24,0.124177,0.12282,0.112295,0.036997,0.017108,LMT,21
2015-06-25,0.125917,0.122595,0.112904,0.032846,0.021983,LMT,21
2015-06-26,0.131043,0.124004,0.116199,0.039673,0.016558,LMT,21
2015-06-29,0.14154,0.151682,0.119527,0.0735,0.028761,LMT,21
2015-06-30,0.141608,0.152111,0.117878,0.082407,0.024816,LMT,21
2015-07-01,0.142472,0.157105,0.11697,0.071636,0.028199,LMT,21
2015-07-02,0.142658,0.162563,0.118254,0.074659,0.030295,LMT,21
2015-07-06,0.143583,0.163526,0.119617,0.078022,0.033807,LMT,21
2015-07-07,0.141521,0.165649,0.122643,0.080539,0.020833,LMT,21
2015-07-08,0.138586,0.166737,0.122766,0.083237,0.026586,LMT,21
2015-07-09,0.138856,0.16737,0.123667,0.080765,0.021219,LMT,21
2015-07-10,0.131182,0.157463,0.123777,0.075923,0.008326,LMT,21
2015-07-13,0.13003,0.158585,0.123551,0.053456,0.023266,LMT,21
2015-07-14,0.131678,0.159568,0.124044,0.049,0.019739,LMT,21
2015-07-15,0.131923,0.16227,0.124329,0.048485,0.027991,LMT,21
2015-07-16,0.132552,0.162943,0.125118,0.056592,0.002126,LMT,21
2015-07-17,0.13269,0.158062,0.123615,0.04484,0.021477,LMT,21
2015-07-20,0.126149,0.14358,0.12344,0.031931,0.017862,LMT,21
2015-07-21,0.127263,0.139735,0.122637,0.031303,0.02212,LMT,21
2015-07-22,0.125563,0.136506,0.121084,0.025116,0.026879,LMT,21
2015-07-23,0.126152,0.136427,0.120103,0.027702,0.023167,LMT,21
2015-07-24,0.287422,0.161976,0.125306,0.05301,0.020848,LMT,21
2015-07-27,0.290079,0.164488,0.128297,0.055625,0.027418,LMT,21
2015-07-28,0.297578,0.159054,0.126554,0.034008,0.025231,LMT,21
2015-07-29,0.294398,0.159914,0.129008,0.024039,0.026285,LMT,21
2015-07-30,0.295314,0.148752,0.127686,0.031031,0.020026,LMT,21
2015-07-31,0.294805,0.144541,0.127607,0.021729,0.025352,LMT,21
2015-08-03,0.295672,0.145064,0.12747,0.023941,0.031141,LMT,21
2015-08-04,0.296543,0.14022,0.121281,0.017564,0.027502,LMT,21
2015-08-05,0.297006,0.137301,0.124923,0.021717,0.024822,LMT,21
2015-08-06,0.29826,0.136874,0.124918,0.027694,0.027012,LMT,21
2015-08-07,0.298272,0.179324,0.129733,0.032137,0.033108,LMT,21
2015-08-10,0.299052,0.170865,0.131712,0.03395,0.027438,LMT,21
2015-08-11,0.300206,0.171347,0.132589,0.039364,0.03144,LMT,21
2015-08-12,0.299397,0.17468,0.13193,0.044392,0.031804,LMT,21
2015-08-13,0.298982,0.175495,0.129673,0.038534,0.02839,LMT,21
2015-08-14,0.299887,0.17826,0.130334,0.036897,0.018998,LMT,21
2015-08-17,0.300249,0.183806,0.130348,0.039638,0.009163,LMT,21
2015-08-18,0.302576,0.172729,0.12851,0.034638,0.025791,LMT,21
2015-08-19,0.30294,0.183629,0.130895,0.043002,0.02244,LMT,21
2015-08-20,0.303881,0.184233,0.131901,0.060633,0.028822,LMT,21
2015-08-21,0.303557,0.192152,0.134147,0.09403,0.030182,LMT,21
2015-08-24,0.162482,0.21917,0.161803,0.077204,0.03242,LMT,21
2015-08-25,0.169569,0.201538,0.180787,0.006295,0.063387,LMT,21
2015-08-26,0.154718,0.205504,0.1791,0.001302,0.056407,LMT,21
2015-08-27,0.155375,0.195226,0.180892,-0.023303,0.059462,LMT,21
2015-08-28,0.15597,0.186636,0.176202,-0.042946,0.056996,LMT,21
2015-08-31,0.15766,0.170652,0.168668,-0.037889,0.050619,LMT,21
2015-09-01,0.162811,0.17193,0.171735,-0.013624,0.060927,LMT,21
2015-09-02,0.161794,0.164681,0.169311,-0.051865,0.065902,LMT,21
2015-09-03,0.16332,0.162208,0.168241,-0.056035,0.056452,LMT,21
2015-09-04,0.161559,0.164723,0.156605,-0.043038,0.053187,LMT,21
2015-09-08,0.162748,0.162727,0.150868,-0.069387,0.057359,LMT,21
2015-09-09,0.162531,0.162591,0.15253,-0.060671,0.055341,LMT,21
2015-09-10,0.16224,0.159678,0.148392,-0.076166,0.059481,LMT,21
2015-09-11,0.162673,0.15944,0.148974,-0.086249,0.064522,LMT,21
2015-09-14,0.163979,0.160744,0.150339,-0.076764,0.058182,LMT,21
2015-09-15,0.164645,0.158521,0.147987,-0.090691,0.04963,LMT,21
2015-09-16,0.170361,0.157367,0.145954,-0.100895,0.050989,LMT,21
2015-09-17,0.167707,0.157332,0.145033,-0.113426,0.048012,LMT,21
2015-09-18,0.166604,0.157218,0.145647,-0.107812,0.051013,LMT,21
2015-09-21,0.171162,0.153556,0.137218,-0.119738,0.048673,LMT,21
2015-09-22,0.175663,0.155091,0.138437,-0.102262,0.048836,LMT,21
2015-09-23,0.174961,0.155242,0.142926,0.044236,0.050933,LMT,21
2015-09-24,0.162448,0.15778,0.146276,0.044068,-0.016555,LMT,21
2015-09-25,0.160433,0.158054,0.146424,0.053043,0.04271,LMT,21
2015-09-28,0.161347,0.16174,0.144773,0.084403,0.041565,LMT,21
2015-09-29,0.169845,0.160648,0.147884,0.072463,0.053623,LMT,21
2015-09-30,0.174263,0.159054,0.146175,0.0583,0.047376,LMT,21
2015-10-01,0.168354,0.158897,0.144652,0.053494,0.047189,LMT,21
2015-10-02,0.166952,0.15787,0.144544,0.047412,0.056482,LMT,21
2015-10-05,0.164917,0.160524,0.15139,0.034361,0.048598,LMT,21
2015-10-06,0.1642,0.159939,0.147209,0.04364,0.037749,LMT,21
2015-10-07,0.163456,0.160844,0.150728,0.032641,0.048148,LMT,21
2015-10-08,0.164443,0.157016,0.145629,0.028422,0.044873,LMT,21
2015-10-09,0.162934,0.156825,0.146279,0.024261,0.033627,LMT,21
2015-10-12,0.165509,0.155429,0.14324,0.019807,0.044358,LMT,21
2015-10-13,0.165487,0.157664,0.146108,0.021657,0.031991,LMT,21
2015-10-14,0.163652,0.160927,0.149181,0.033221,0.033617,LMT,21
2015-10-15,0.159974,0.15998,0.148959,0.017161,0.043799,LMT,21
2015-10-16,0.163522,0.156293,0.148173,0.012121,0.0384,LMT,21
2015-10-19,0.169214,0.158733,0.150108,0.026642,0.037266,LMT,21
2015-10-20,0.164109,0.155577,0.144851,0.000121,0.033701,LMT,21
2015-10-21,0.158372,0.154392,0.142748,-0.003166,0.034171,LMT,21
2015-10-22,0.156267,0.151963,0.139633,-0.006848,0.02831,LMT,21
2015-10-23,0.156646,0.14938,0.13456,-0.004604,0.03169,LMT,21
2015-10-26,0.156739,0.161246,0.139678,0.05455,0.006216,LMT,21
2015-10-27,0.150806,0.155323,0.137277,0.034324,0.030595,LMT,21
2015-10-28,0.137033,0.153842,0.135951,0.017011,0.006356,LMT,21
2015-10-29,0.133793,0.14987,0.132389,0.002617,0.023097,LMT,21
2015-10-30,0.137764,0.149371,0.133,0.003506,0.019042,LMT,21
2015-11-02,0.13749,0.145899,0.132411,0.000704,0.027626,LMT,21
2015-11-03,0.142493,0.145538,0.131885,0.000823,0.027746,LMT,21
2015-11-04,0.146,0.144878,0.130322,-0.001477,0.029766,LMT,21
2015-11-05,0.144904,0.146547,0.131229,0.002598,0.026627,LMT,21
2015-11-06,0.142521,0.145969,0.130981,0.000542,0.031001,LMT,21
2015-11-09,0.146237,0.145697,0.133866,0.011112,0.030176,LMT,21
2015-11-10,0.144897,0.148159,0.133095,0.005079,0.033154,LMT,21
2015-11-11,0.145396,0.147299,0.131003,0.003535,0.031627,LMT,21
2015-11-12,0.146556,0.146575,0.132093,0.011254,0.028626,LMT,21
2015-11-13,0.143613,0.148223,0.137873,0.022906,0.029892,LMT,21
2015-11-16,0.141472,0.150843,0.140596,0.027704,0.013185,LMT,21
2015-11-17,0.136431,0.147507,0.133886,0.00926,0.026407,LMT,21
2015-11-18,0.137843,0.14651,0.13081,0.005405,0.028606,LMT,21
2015-11-19,0.137254,0.145083,0.130934,0.006298,0.026916,LMT,21
2015-11-20,0.138167,0.138868,0.117718,0.004427,0.026147,LMT,21
2015-11-23,0.136782,0.13618,0.116439,0.001507,0.026832,LMT,21
2015-11-24,0.135794,0.136,0.118644,0.001608,0.026635,LMT,21
2015-11-25,0.133844,0.140345,0.12116,0.011673,0.019772,LMT,21
2015-11-27,0.134829,0.143912,0.123872,0.034554,0.016048,LMT,21
2015-11-30,0.130347,0.148299,0.12858,0.049655,0.02255,LMT,21
2015-12-01,0.130025,0.139431,0.127461,0.032861,0.027564,LMT,21
2015-12-02,0.137649,0.14284,0.128235,0.032466,0.028534,LMT,21
2015-12-03,0.137365,0.144051,0.126029,0.03739,0.033396,LMT,21
2015-12-04,0.142568,0.14244,0.126439,0.02219,0.030692,LMT,21
2015-12-07,0.148202,0.148706,0.130289,0.029698,0.029007,LMT,21
2015-12-08,0.151444,0.153943,0.130813,0.038494,0.025308,LMT,21
2015-12-09,0.150478,0.155549,0.132026,0.036423,0.029701,LMT,21
2015-12-10,0.151878,0.153764,0.131111,0.03305,0.029428,LMT,21
2015-12-11,0.154693,0.168221,0.136173,0.06204,0.033268,LMT,21
2015-12-14,0.159989,0.163092,0.134799,0.063684,0.039534,LMT,21
2015-12-15,0.164043,0.15114,0.133692,0.062299,0.037997,LMT,21
2015-12-16,0.18131,0.155046,0.130903,0.042791,0.032682,LMT,21
2015-12-17,0.20253,0.155243,0.130886,0.049993,0.02653,LMT,21
2015-12-18,0.203062,0.164708,0.133746,0.065079,0.021337,LMT,21
2015-12-21,0.204061,0.157962,0.131413,0.04309,0.022648,LMT,21
2015-12-22,0.204666,0.14889,0.129709,0.02684,0.036701,LMT,21
2015-12-23,0.223981,0.139993,0.13051,0.033281,0.028976,LMT,21
2015-12-24,0.228954,0.14288,0.129657,0.029804,0.027415,LMT,21
2015-12-28,0.230913,0.164159,0.135015,0.04516,0.034933,LMT,21
2015-12-29,0.234357,0.145074,0.13159,0.041115,0.033428,LMT,21
2015-12-30,0.235632,0.169606,0.138736,0.050922,0.032744,LMT,21
2015-12-31,0.235226,0.168632,0.140194,0.06013,0.03035,LMT,21
2016-01-04,0.233307,0.167566,0.140225,0.074214,0.04463,LMT,21
2016-01-05,0.233195,0.171489,0.142648,0.062032,0.039534,LMT,21
2016-01-06,0.229149,0.174086,0.146376,0.065827,0.042919,LMT,21
2016-01-07,0.228384,0.170802,0.149493,0.089834,0.034763,LMT,21
2016-01-08,0.230399,0.169325,0.149979,0.076877,0.044466,LMT,21
2016-01-11,0.230613,0.170355,0.148075,0.078378,0.034216,LMT,21
2016-01-12,0.24745,0.167513,0.152541,0.058765,0.047292,LMT,21
2016-01-13,0.248462,0.16779,0.148417,0.075173,0.044596,LMT,21
2016-01-14,0.244518,0.162651,0.150738,0.062895,0.04823,LMT,21
2016-01-15,0.243642,0.168668,0.153116,0.074425,0.047189,LMT,21
2016-01-19,0.231074,0.167881,0.151888,0.065488,0.033845,LMT,21
2016-01-20,0.21154,0.166613,0.15803,0.081903,0.019765,LMT,21
2016-01-21,0.20979,0.165688,0.16038,0.060413,0.043244,LMT,21
2016-01-22,0.209211,0.158827,0.158183,0.038047,0.042112,LMT,21
2016-01-25,0.208496,0.16147,0.158662,0.033946,0.040267,LMT,21
2016-01-26,0.189493,0.164099,0.155801,-0.006901,0.035563,LMT,21
2016-01-27,0.184098,0.161484,0.151566,-0.01622,0.045438,LMT,21
2016-01-28,0.182798,0.155534,0.145981,-0.017305,0.041044,LMT,21
2016-01-29,0.18009,0.171853,0.171087,-0.04147,0.03998,LMT,21
2016-02-01,0.180992,0.178836,0.170627,-0.0337,0.034794,LMT,21
2016-02-02,0.179235,0.181049,0.173323,-0.029206,0.042555,LMT,21
2016-02-03,0.175476,0.175489,0.164484,-0.031802,0.041858,LMT,21
2016-02-04,0.173251,0.170406,0.165092,-0.025233,0.041299,LMT,21
2016-02-05,0.180514,0.170768,0.159732,-0.017594,0.042191,LMT,21
2016-02-08,0.177234,0.167798,0.152472,-0.008097,0.04745,LMT,21
2016-02-09,0.172875,0.183707,0.15735,-0.008932,0.047232,LMT,21
2016-02-10,0.171556,0.171877,0.154712,-0.012645,0.050154,LMT,21
2016-02-11,0.143032,0.177138,0.161004,0.030488,0.056162,LMT,21
2016-02-12,0.13733,0.170612,0.155582,-0.006204,0.059032,LMT,21
2016-02-16,0.137515,0.167261,0.155454,-0.012165,0.047536,LMT,21
2016-02-17,0.135565,0.162525,0.150027,-0.032309,0.044947,LMT,21
2016-02-18,0.134154,0.163319,0.147622,-0.028882,0.044886,LMT,21
2016-02-19,0.135664,0.158119,0.142329,-0.021199,0.042884,LMT,21
2016-02-22,0.135371,0.149699,0.140089,-0.022368,0.042199,LMT,21
2016-02-23,0.135363,0.163371,0.14925,-0.006557,0.029811,LMT,21
2016-02-24,0.138398,0.160038,0.147956,-0.007751,0.02816,LMT,21
2016-02-25,0.135801,0.150079,0.141432,-0.007005,0.045902,LMT,21
2016-02-26,0.135724,0.150111,0.142746,0.000321,0.04438,LMT,21
2016-02-29,0.134955,0.146448,0.140951,0.010667,0.041653,LMT,21
2016-03-01,0.131866,0.142151,0.13606,-0.001571,0.04614,LMT,21
2016-03-02,0.132622,0.140057,0.131824,-0.004482,0.048024,LMT,21
2016-03-03,0.130797,0.139717,0.131651,-0.008393,0.044952,LMT,21
2016-03-04,0.136935,0.139858,0.132141,-0.009026,0.039795,LMT,21
2016-03-07,0.133914,0.141274,0.133896,0.001524,0.041966,LMT,21
2016-03-08,0.121503,0.14527,0.136303,-0.001151,0.042043,LMT,21
2016-03-09,0.120756,0.144353,0.138827,0.001197,0.043804,LMT,21
2016-03-10,0.119087,0.146351,0.139638,0.00403,0.039872,LMT,21
2016-03-11,0.11788,0.144566,0.138564,0.000313,0.040384,LMT,21
2016-03-14,0.118674,0.148011,0.138553,0.037514,0.032521,LMT,21
2016-03-15,0.117044,0.145479,0.140597,0.034069,0.039541,LMT,21
2016-03-16,0.114529,0.143306,0.136505,0.025407,0.035111,LMT,21
2016-03-17,0.113335,0.141665,0.132858,0.022031,0.033742,LMT,21
2016-03-18,0.110744,0.138192,0.13081,0.018915,0.018598,LMT,21
2016-03-21,0.108936,0.137982,0.12839,0.014433,0.027678,LMT,21
2016-03-22,0.10764,0.137538,0.129513,0.016798,0.028745,LMT,21
2016-03-23,0.108354,0.145572,0.132468,0.025388,0.01821,LMT,21
2016-03-24,0.102846,0.144352,0.132154,0.021273,0.033518,LMT,21
2016-03-28,0.104583,0.146575,0.132177,0.028242,0.037567,LMT,21
2016-03-29,0.108421,0.134154,0.119601,0.027432,0.033507,LMT,21
2016-03-30,0.109704,0.133428,0.119473,0.019231,0.033356,LMT,21
2016-03-31,0.109813,0.1372,0.123464,0.027462,0.035307,LMT,21
2016-04-01,0.104484,0.137034,0.12559,0.026276,0.02998,LMT,21
2016-04-04,0.107004,0.136346,0.122201,0.026644,0.035341,LMT,21
2016-04-05,0.101677,0.139764,0.125766,0.026002,0.03528,LMT,21
2016-04-06,0.103279,0.138118,0.122876,0.025624,0.034297,LMT,21
2016-04-07,0.10334,0.139345,0.125614,0.04129,0.036619,LMT,21
2016-04-08,0.104409,0.137481,0.125335,0.040585,0.037619,LMT,21
2016-04-11,0.103107,0.138671,0.124702,0.045336,0.036901,LMT,21
2016-04-12,0.101944,0.137494,0.124041,0.043128,0.03591,LMT,21
2016-04-13,0.103429,0.136426,0.119635,0.036769,0.035225,LMT,21
2016-04-14,0.106549,0.134046,0.118248,0.035325,0.033957,LMT,21
2016-04-15,0.108991,0.135786,0.122493,0.034617,0.030553,LMT,21
2016-04-18,0.111192,0.135206,0.119225,0.036104,0.034698,LMT,21
2016-04-19,0.114127,0.133727,0.119153,0.038786,0.032702,LMT,21
2016-04-20,0.11672,0.133179,0.120347,0.042394,0.030233,LMT,21
2016-04-21,0.116882,0.133245,0.119348,0.043161,0.030243,LMT,21
2016-04-22,0.11502,0.131767,0.117374,0.041713,0.034034,LMT,21
2016-04-25,0.114488,0.131634,0.119793,0.053941,0.028623,LMT,21
2016-04-26,0.112557,0.119527,0.112708,0.038486,0.016436,LMT,21
2016-04-27,0.108048,0.117523,0.107876,0.022178,0.023578,LMT,21
2016-04-28,0.105983,0.116218,0.108757,0.025322,0.027647,LMT,21
2016-04-29,0.108689,0.116499,0.107898,0.034372,0.027179,LMT,21
2016-05-02,0.111131,0.116132,0.106476,0.034065,0.033428,LMT,21
2016-05-03,0.108238,0.116303,0.106005,0.032908,0.031989,LMT,21
2016-05-04,0.109756,0.116292,0.107051,0.042349,0.027322,LMT,21
2016-05-05,0.109056,0.116539,0.107243,0.031346,0.031008,LMT,21
2016-05-06,0.109043,0.116565,0.106076,0.037063,0.027695,LMT,21
2016-05-09,0.106741,0.117516,0.108611,0.038808,0.03119,LMT,21
2016-05-10,0.105319,0.116697,0.107601,0.038802,0.03065,LMT,21
2016-05-11,0.104819,0.119005,0.111998,0.047222,0.030495,LMT,21
2016-05-12,0.102975,0.121197,0.104542,0.042515,0.031028,LMT,21
2016-05-13,0.101886,0.126547,0.108297,0.045781,0.033085,LMT,21
2016-05-16,0.099059,0.123857,0.10412,0.039298,0.035265,LMT,21
2016-05-17,0.097072,0.147714,0.108114,0.043868,0.026304,LMT,21
2016-05-18,0.09625,0.150217,0.110444,0.041905,0.030534,LMT,21
2016-05-19,0.092514,0.144939,0.11217,0.037004,0.035229,LMT,21
2016-05-20,0.091549,0.155513,0.11323,0.040943,0.012724,LMT,21
2016-05-23,0.091263,0.129014,0.107549,0.029025,0.031232,LMT,21
2016-05-24,0.092097,0.116825,0.099887,0.027314,0.021756,LMT,21
2016-05-25,0.115689,0.115568,0.099974,0.023592,0.024934,LMT,21
2016-05-26,0.121148,0.115968,0.101532,0.028126,0.022846,LMT,21
2016-05-27,0.124516,0.115048,0.101122,0.02563,0.028668,LMT,21
2016-05-31,0.122511,0.130458,0.10928,0.040841,0.027389,LMT,21
2016-06-01,0.122582,0.123623,0.103276,0.027703,0.033397,LMT,21
2016-06-02,0.122434,0.125397,0.104756,0.026697,0.03595,LMT,21
2016-06-03,0.119305,0.122788,0.101232,0.02599,0.02958,LMT,21
2016-06-06,0.122565,0.121437,0.10123,0.026508,0.031891,LMT,21
2016-06-07,0.123716,0.114961,0.101406,0.02246,0.029902,LMT,21
2016-06-08,0.128266,0.121065,0.104753,0.025613,0.030746,LMT,21
2016-06-09,0.133895,0.120867,0.103289,0.026085,0.029179,LMT,21
2016-06-10,0.134164,0.126564,0.107962,0.031169,0.033244,LMT,21
2016-06-13,0.133024,0.145644,0.110396,0.0558,0.041952,LMT,21
2016-06-14,0.134104,0.145889,0.11399,0.056508,0.047607,LMT,21
2016-06-15,0.134294,0.145612,0.111833,0.058528,0.041338,LMT,21
2016-06-16,0.134771,0.150156,0.110398,0.059909,0.043448,LMT,21
2016-06-17,0.169897,0.154698,0.112059,0.071482,0.045085,LMT,21
2016-06-20,0.171463,0.145328,0.114182,0.056441,0.041793,LMT,21
2016-06-21,0.177876,0.147852,0.11397,0.059904,0.043711,LMT,21
2016-06-22,0.181179,0.150064,0.127577,0.068378,0.052122,LMT,21
2016-06-23,0.181604,0.129436,0.118591,0.048977,-0.016303,LMT,21
2016-06-24,0.169008,0.164514,0.117698,0.072509,0.032988,LMT,21
2016-06-27,0.166338,0.172194,0.129338,0.062964,0.054441,LMT,21
2016-06-28,0.165276,0.158632,0.124266,0.044705,0.052726,LMT,21
2016-06-29,0.164052,0.154522,0.123871,0.034841,0.04741,LMT,21
2016-06-30,0.162679,0.158,0.123382,0.037378,0.045147,LMT,21
2016-07-01,0.166665,0.147591,0.119582,0.029858,0.044714,LMT,21
2016-07-05,0.168036,0.15201,0.120491,0.043439,0.046613,LMT,21
2016-07-06,0.166681,0.149309,0.118999,0.035716,0.044638,LMT,21
2016-07-07,0.166391,0.150699,0.123912,0.033186,0.047517,LMT,21
2016-07-08,0.165037,0.152125,0.123305,0.021956,0.047816,LMT,21
2016-07-11,0.161569,0.155545,0.122455,0.024324,0.027945,LMT,21
2016-07-12,0.162242,0.153196,0.120682,0.026838,0.023247,LMT,21
2016-07-13,0.165605,0.155211,0.120066,0.035039,0.033849,LMT,21
2016-07-14,0.165988,0.152641,0.120855,0.028719,0.026938,LMT,21
2016-07-15,0.166237,0.151072,0.11797,0.029251,0.039184,LMT,21
2016-07-18,0.184502,0.1534,0.120122,0.034087,0.036342,LMT,21
2016-07-19,0.160553,0.149533,0.121695,-0.0169,0.032279,LMT,21
2016-07-20,0.15874,0.150835,0.121335,-0.012602,0.019612,LMT,21
2016-07-21,0.152468,0.153112,0.130968,-0.026996,0.034487,LMT,21
2016-07-22,0.150354,0.143368,0.129665,-0.035237,0.044859,LMT,21
2016-07-25,0.15715,0.169568,0.134453,-0.029161,0.028529,LMT,21
2016-07-26,0.162742,0.155872,0.131563,-0.010345,0.039081,LMT,21
2016-07-27,0.165645,0.162689,0.136829,-0.006102,0.034121,LMT,21
2016-07-28,0.169819,0.174973,0.136077,-0.010866,0.038528,LMT,21
2016-07-29,0.170374,0.189335,0.14051,0.004915,0.017133,LMT,21
2016-08-01,0.173124,0.167638,0.141866,-0.015129,0.041278,LMT,21
2016-08-02,0.172685,0.144597,0.133897,-0.023892,0.036484,LMT,21
2016-08-03,0.171444,0.13812,0.129381,-0.024246,0.018142,LMT,21
2016-08-04,0.171777,0.151038,0.12708,-0.017848,0.012293,LMT,21
2016-08-05,0.171315,0.127202,0.114702,-0.036525,0.016203,LMT,21
2016-08-08,0.169742,0.150661,0.115873,-0.0111,0.023149,LMT,21
2016-08-09,0.169824,0.132997,0.121411,-0.018205,0.013725,LMT,21
2016-08-10,0.169052,0.132696,0.126534,-0.023414,0.014506,LMT,21
2016-08-11,0.169622,0.128608,0.115745,-0.021176,0.036995,LMT,21
2016-08-12,0.167622,0.13108,0.120349,-0.03154,0.035917,LMT,21
2016-08-15,0.168143,0.133247,0.120832,-0.026714,0.016267,LMT,21
2016-08-16,0.147654,0.158341,0.134439,-0.029959,0.028849,LMT,21
2016-08-17,0.136856,0.158845,0.131202,-0.00278,0.042637,LMT,21
2016-08-18,0.13792,0.151189,0.128868,-0.000567,0.039938,LMT,21
2016-08-19,0.137166,0.152476,0.128351,0.004724,0.03895,LMT,21
2016-08-22,0.136649,0.153362,0.128016,0.000176,0.034645,LMT,21
2016-08-23,0.128028,0.155883,0.127269,0.004606,0.02987,LMT,21
2016-08-24,0.119884,0.160662,0.12986,0.005682,0.036038,LMT,21
2016-08-25,0.115436,0.158946,0.129523,0.000823,0.035821,LMT,21
2016-08-26,0.107093,0.161649,0.133348,-0.001201,0.038013,LMT,21
2016-08-29,0.10732,0.157859,0.132216,-0.004273,0.035391,LMT,21
2016-08-30,0.108844,0.162439,0.129514,-0.000696,0.036576,LMT,21
2016-08-31,0.116323,0.15623,0.131148,-0.008262,0.029973,LMT,21
2016-09-01,0.119849,0.154749,0.129333,-0.012969,0.02963,LMT,21
2016-09-02,0.120786,0.152742,0.131101,-0.015646,0.036308,LMT,21
2016-09-06,0.120015,0.154436,0.128781,-0.01288,0.036454,LMT,21
2016-09-07,0.119858,0.154642,0.130271,-0.007863,0.034435,LMT,21
2016-09-08,0.120774,0.150985,0.118193,-0.010735,0.032437,LMT,21
2016-09-09,0.120505,0.159095,0.120083,0.004252,0.037041,LMT,21
2016-09-12,0.115691,0.15943,0.121621,0.003866,0.037164,LMT,21
2016-09-13,0.115819,0.168246,0.129653,0.013286,0.039766,LMT,21
2016-09-14,0.115846,0.163231,0.131815,0.00885,0.041329,LMT,21
2016-09-15,0.115267,0.156633,0.130667,0.021684,0.038121,LMT,21
2016-09-16,0.116135,0.135254,0.117645,0.036504,0.036301,LMT,21
2016-09-19,0.134102,0.135081,0.120129,0.027189,0.037392,LMT,21
2016-09-20,0.134884,0.138635,0.120675,0.038502,0.028604,LMT,21
2016-09-21,0.134587,0.1329,0.116511,0.024112,0.036955,LMT,21
2016-09-22,0.136326,0.137804,0.117542,0.033247,0.027078,LMT,21
2016-09-23,0.135897,0.139448,0.118325,0.051511,0.02664,LMT,21
2016-09-26,0.158798,0.142082,0.118872,0.065598,0.038425,LMT,21
2016-09-27,0.163463,0.140713,0.118523,0.070111,0.037708,LMT,21
2016-09-28,0.164454,0.140358,0.117803,0.067829,0.038827,LMT,21
2016-09-29,0.161355,0.145786,0.117814,0.081317,0.03734,LMT,21
2016-09-30,0.153974,0.143428,0.118883,0.080154,0.037095,LMT,21
2016-10-03,0.151682,0.142461,0.116729,0.070621,0.043756,LMT,21
2016-10-04,0.152369,0.14504,0.118022,0.077694,0.044709,LMT,21
2016-10-05,0.161073,0.143815,0.11619,0.076774,0.035953,LMT,21
2016-10-06,0.162579,0.144964,0.115766,0.090591,0.025794,LMT,21
2016-10-07,0.1624,0.145086,0.120736,0.08098,0.041528,LMT,21
2016-10-10,0.163081,0.14179,0.115064,0.087349,0.029899,LMT,21
2016-10-11,0.175462,0.142338,0.117295,0.092583,0.031888,LMT,21
2016-10-12,0.18206,0.138043,0.115905,0.088578,0.033337,LMT,21
2016-10-13,0.185867,0.135617,0.116836,0.082932,0.045676,LMT,21
2016-10-14,0.189499,0.144393,0.125284,0.079859,0.036657,LMT,21
2016-10-17,0.200844,0.148082,0.124826,0.085148,0.02214,LMT,21
2016-10-18,0.191614,0.144885,0.124086,0.061593,0.030232,LMT,21
2016-10-19,0.191358,0.144748,0.123824,0.057999,0.032345,LMT,21
2016-10-20,0.192102,0.139126,0.117953,0.057996,0.034123,LMT,21
2016-10-21,0.190647,0.139722,0.118385,0.057616,0.039947,LMT,21
2016-10-24,0.191126,0.138391,0.113752,0.047507,0.040093,LMT,21
2016-10-25,0.172044,0.13056,0.111746,-0.005419,0.01535,LMT,21
2016-10-26,0.167552,0.131881,0.11081,-0.01241,0.027416,LMT,21
2016-10-27,0.165769,0.132803,0.116092,-0.012573,0.031819,LMT,21
2016-10-28,0.167445,0.133726,0.116783,-0.006366,0.031231,LMT,21
2016-10-31,0.166157,0.146795,0.120683,0.009925,0.032609,LMT,21
2016-11-01,0.165681,0.144224,0.122516,0.014105,0.041568,LMT,21
2016-11-02,0.163053,0.149297,0.122653,0.017063,0.034323,LMT,21
2016-11-03,0.156437,0.157834,0.124595,0.026344,0.04739,LMT,21
2016-11-04,0.156142,0.157817,0.123194,0.030957,0.038725,LMT,21
2016-11-07,0.156173,0.154897,0.124205,0.014617,0.049041,LMT,21
2016-11-08,0.160247,0.147715,0.120042,0.006095,0.044376,LMT,21
2016-11-09,0.146696,0.150394,0.12126,-0.00559,0.032479,LMT,21
2016-11-10,0.158654,0.140577,0.121156,-0.014608,0.036999,LMT,21
2016-11-11,0.159288,0.148864,0.123954,-0.023255,0.034185,LMT,21
2016-11-14,0.155743,0.157836,0.128571,-0.005713,0.034935,LMT,21
2016-11-15,0.141721,0.156236,0.127284,-0.01808,0.037229,LMT,21
2016-11-16,0.140833,0.156332,0.130256,-0.007802,0.032883,LMT,21
2016-11-17,0.140576,0.152631,0.128383,-0.011273,0.032383,LMT,21
2016-11-18,0.138323,0.146593,0.122235,-0.019802,0.029995,LMT,21
2016-11-21,0.138169,0.143647,0.117025,-0.025641,0.032098,LMT,21
2016-11-22,0.138446,0.14037,0.11771,-0.030758,0.030067,LMT,21
2016-11-23,0.144511,0.140271,0.124053,-0.011978,0.030177,LMT,21
2016-11-25,0.144381,0.139392,0.124797,-0.010782,0.027484,LMT,21
2016-11-28,0.14569,0.14176,0.124592,-0.006435,0.026928,LMT,21
2016-11-29,0.143804,0.140644,0.123036,-0.009863,0.026721,LMT,21
2016-11-30,0.144925,0.137776,0.121082,0.001321,0.019035,LMT,21
2016-12-01,0.146276,0.136117,0.119432,-0.007476,0.03465,LMT,21
2016-12-02,0.145969,0.13578,0.118642,-0.00797,0.033845,LMT,21
2016-12-05,0.147364,0.133465,0.119087,-0.003458,0.028718,LMT,21
2016-12-06,0.146729,0.133329,0.118042,0.001578,0.028703,LMT,21
2016-12-07,0.145449,0.134096,0.117247,-6.5e-05,0.028404,LMT,21
2016-12-08,0.140485,0.138968,0.11423,0.015435,0.026427,LMT,21
2016-12-09,0.14791,0.139258,0.112081,0.026947,0.025949,LMT,21
2016-12-12,0.129084,0.147609,0.124205,0.05072,0.026646,LMT,21
2016-12-13,0.125671,0.143531,0.119911,0.041579,0.025952,LMT,21
2016-12-14,0.124668,0.144529,0.119668,0.045103,0.013411,LMT,21
2016-12-15,0.123508,0.146264,0.121792,0.052654,0.020673,LMT,21
2016-12-16,0.119687,0.142934,0.118261,0.04589,0.022657,LMT,21
2016-12-19,0.11991,0.141098,0.118228,0.040359,0.02787,LMT,21
2016-12-20,0.127571,0.141471,0.120245,0.042945,0.029013,LMT,21
2016-12-21,0.132264,0.144205,0.126244,0.051498,0.016137,LMT,21
2016-12-22,0.14317,0.143161,0.125156,0.051648,0.031457,LMT,21
2016-12-23,0.139124,0.147473,0.127405,0.062635,0.023253,LMT,21
2016-12-27,0.162638,0.150592,0.12994,0.071903,0.029958,LMT,21
2016-12-28,0.165987,0.149944,0.12917,0.070112,0.030468,LMT,21
2016-12-29,0.165907,0.148956,0.125921,0.072053,0.034695,LMT,21
2016-12-30,0.166024,0.150415,0.130122,0.073291,0.034382,LMT,21
2017-01-03,0.164512,0.150739,0.131498,0.074031,0.037846,LMT,21
2017-01-04,0.169989,0.148235,0.128586,0.074728,0.036014,LMT,21
2017-01-05,0.168594,0.14576,0.128272,0.066658,0.038192,LMT,21
2017-01-06,0.167965,0.144538,0.127586,0.063168,0.028362,LMT,21
2017-01-09,0.16785,0.144099,0.127703,0.058849,0.031766,LMT,21
2017-01-10,0.167519,0.146601,0.127449,0.075869,0.016296,LMT,21
2017-01-11,0.161329,0.154237,0.132903,0.063122,0.037793,LMT,21
2017-01-12,0.158622,0.153549,0.131285,0.081657,0.034538,LMT,21
2017-01-13,0.155227,0.153612,0.132163,0.081076,0.032022,LMT,21
2017-01-17,0.15533,0.153312,0.134953,0.083838,0.038917,LMT,21
2017-01-18,0.15592,0.153969,0.133927,0.084955,0.035554,LMT,21
2017-01-19,0.155858,0.154004,0.133408,0.079577,0.034646,LMT,21
2017-01-20,0.155543,0.152121,0.132548,0.07423,0.034591,LMT,21
2017-01-23,0.149769,0.154158,0.133117,0.069737,0.028987,LMT,21
2017-01-24,0.14644,0.132831,0.118621,0.02549,0.022104,LMT,21
2017-01-25,0.135978,0.134993,0.120225,0.012902,0.029925,LMT,21
2017-01-26,0.13817,0.134034,0.120348,0.011378,0.026214,LMT,21
2017-01-27,0.109799,0.137433,0.126385,-0.003778,0.023496,LMT,21
2017-01-30,0.10478,0.139144,0.127405,-0.001931,0.027424,LMT,21
2017-01-31,0.104038,0.138878,0.1272,-0.004125,0.028034,LMT,21
2017-02-01,0.102586,0.138903,0.125757,-0.00701,0.03094,LMT,21
2017-02-02,0.102578,0.137552,0.126432,-0.00924,0.035354,LMT,21
2017-02-03,0.092911,0.135896,0.124441,-0.018067,0.022007,LMT,21
2017-02-06,0.089602,0.1369,0.1226,-0.012747,0.025962,LMT,21
2017-02-07,0.088973,0.136809,0.122814,-0.018424,0.026244,LMT,21
2017-02-08,0.09064,0.137012,0.122966,-0.018127,0.023644,LMT,21
2017-02-09,0.089451,0.116661,0.0921,-0.021223,0.022624,LMT,21
2017-02-10,0.088,0.120949,0.104928,-0.001858,-0.006171,LMT,21
2017-02-13,0.087846,0.121775,0.100769,-0.001316,-0.004595,LMT,21
2017-02-14,0.090236,0.121915,0.099085,0.002207,-0.004494,LMT,21
2017-02-15,0.09079,0.120959,0.099016,-2e-06,-0.00368,LMT,21
2017-02-16,0.091965,0.119176,0.099275,-0.002138,-0.008929,LMT,21
2017-02-17,0.09609,0.120515,0.106547,-0.005773,-0.008767,LMT,21
2017-02-21,0.097069,0.122642,0.105145,-0.009447,0.013736,LMT,21
2017-02-22,0.098526,0.121446,0.099688,-0.010207,0.020112,LMT,21
2017-02-23,0.09902,0.123214,0.110642,-0.005067,0.021751,LMT,21
2017-02-24,0.101781,0.125668,0.114933,0.005614,0.023911,LMT,21
2017-02-27,0.101286,0.126666,0.113524,0.011155,0.020361,LMT,21
2017-02-28,0.100848,0.127235,0.120833,0.049367,0.014556,LMT,21
2017-03-01,0.099854,0.123995,0.11406,0.045887,0.016208,LMT,21
2017-03-02,0.098689,0.125763,0.115361,0.044003,0.020962,LMT,21
2017-03-03,0.098229,0.126703,0.118437,0.042241,0.027422,LMT,21
2017-03-06,0.09808,0.129498,0.122903,0.043005,0.020845,LMT,21
2017-03-07,0.101727,0.128363,0.119867,0.047134,0.023097,LMT,21
2017-03-08,0.101886,0.129859,0.120181,0.050941,0.021836,LMT,21
2017-03-09,0.106649,0.131213,0.126386,0.057242,0.02608,LMT,21
2017-03-10,0.106469,0.110809,0.103608,0.053324,0.020924,LMT,21
2017-03-13,0.10763,0.112946,0.10829,0.057577,0.02507,LMT,21
2017-03-14,0.108386,0.118018,0.112147,0.060613,0.018478,LMT,21
2017-03-15,0.109256,0.112481,0.103189,0.060073,0.013381,LMT,21
2017-03-16,0.107254,0.114289,0.109869,0.057679,0.017278,LMT,21
2017-03-17,0.106521,0.113909,0.104875,0.05191,0.026954,LMT,21
2017-03-20,0.103956,0.120387,0.116177,0.063488,0.01279,LMT,21
2017-03-21,0.102827,0.131854,0.119435,0.063171,0.01655,LMT,21
2017-03-22,0.102855,0.121207,0.117701,0.057864,0.025789,LMT,21
2017-03-23,0.102333,0.131896,0.117034,0.059702,0.020047,LMT,21
2017-03-24,0.11324,0.143885,0.116759,0.062165,0.016229,LMT,21
2017-03-27,0.11153,0.148123,0.115624,0.062382,0.035689,LMT,21
2017-03-28,0.107664,0.147673,0.113597,0.067247,0.022314,LMT,21
2017-03-29,0.10921,0.141511,0.111221,0.060637,0.023526,LMT,21
2017-03-30,0.108335,0.143406,0.112125,0.060084,0.032195,LMT,21
2017-03-31,0.108457,0.14662,0.11464,0.078648,0.009744,LMT,21
2017-04-03,0.108299,0.147554,0.119616,0.074976,0.025436,LMT,21
2017-04-04,0.10855,0.145771,0.116053,0.072579,0.02838,LMT,21
2017-04-05,0.105923,0.148066,0.117844,0.079804,0.010887,LMT,21
2017-04-06,0.106401,0.145975,0.119529,0.066827,0.026463,LMT,21
2017-04-07,0.102172,0.12935,0.108325,0.069674,0.028505,LMT,21
2017-04-10,0.104576,0.129386,0.108106,0.072562,0.022254,LMT,21
2017-04-11,0.104269,0.131162,0.108167,0.065407,0.033911,LMT,21
2017-04-12,0.102806,0.134655,0.112432,0.068938,0.025197,LMT,21
2017-04-13,0.101152,0.141441,0.112274,0.072936,0.016964,LMT,21
2017-04-17,0.101778,0.143657,0.115307,0.066333,0.031835,LMT,21
2017-04-18,0.100765,0.142575,0.113266,0.070609,0.030473,LMT,21
2017-04-19,0.1032,0.141409,0.11405,0.064268,0.029805,LMT,21
2017-04-20,0.10307,0.150843,0.115639,0.069856,0.025396,LMT,21
2017-04-21,0.104632,0.148417,0.115216,0.065326,0.025409,LMT,21
2017-04-24,0.10504,0.14824,0.116857,0.061024,0.027518,LMT,21
2017-04-25,0.091846,0.124549,0.107347,0.027823,0.012848,LMT,21
2017-04-26,0.088828,0.123541,0.104964,0.021841,0.011107,LMT,21
2017-04-27,0.086876,0.12507,0.105596,0.022525,0.015759,LMT,21
2017-04-28,0.086991,0.124746,0.106343,0.01917,0.018586,LMT,21
2017-05-01,0.086851,0.125954,0.106508,0.029929,0.007301,LMT,21
2017-05-02,0.087906,0.125807,0.106929,0.016478,0.021274,LMT,21
2017-05-03,0.088614,0.126846,0.106058,0.017189,0.021422,LMT,21
2017-05-04,0.088637,0.126743,0.105528,0.01204,0.023663,LMT,21
2017-05-05,0.088921,0.126097,0.106781,0.010856,0.018462,LMT,21
2017-05-08,0.088487,0.104124,0.08942,0.012256,0.021551,LMT,21
2017-05-09,0.088767,0.105441,0.092165,0.011503,0.021272,LMT,21
2017-05-10,0.086226,0.10677,0.09387,0.018999,0.016006,LMT,21
2017-05-11,0.090068,0.105887,0.092693,0.014795,0.021243,LMT,21
2017-05-12,0.09409,0.106801,0.093453,0.016763,0.020568,LMT,21
2017-05-15,0.099498,0.107331,0.094569,0.017508,0.021506,LMT,21
2017-05-16,0.103269,0.106492,0.095297,0.016717,0.019247,LMT,21
2017-05-17,0.102818,0.11099,0.097893,0.031311,0.025324,LMT,21
2017-05-18,0.103034,0.11326,0.101892,0.03794,0.019044,LMT,21
2017-05-19,0.101519,0.10665,0.094107,0.022452,0.024603,LMT,21
2017-05-22,0.099018,0.113638,0.097376,0.036301,0.018879,LMT,21
2017-05-23,0.099218,0.107492,0.095731,0.027512,0.022211,LMT,21
2017-05-24,0.09859,0.106616,0.094408,0.037021,0.020466,LMT,21
2017-05-25,0.102295,0.106114,0.094978,0.035938,0.021207,LMT,21
2017-05-26,0.102296,0.107836,0.095856,0.04014,0.017786,LMT,21
2017-05-30,0.101761,0.110421,0.098565,0.047809,0.018332,LMT,21
2017-05-31,0.108188,0.110559,0.097901,0.04399,0.021111,LMT,21
2017-06-01,0.108926,0.109422,0.098654,0.043731,0.016043,LMT,21
2017-06-02,0.110555,0.107672,0.097099,0.037781,0.016346,LMT,21
2017-06-05,0.113493,0.108883,0.098492,0.042049,0.01574,LMT,21
2017-06-06,0.114665,0.107973,0.102506,0.048529,0.017719,LMT,21
2017-06-07,0.120119,0.106435,0.101574,0.0436,0.017665,LMT,21
2017-06-08,0.122955,0.106869,0.102112,0.045592,0.014082,LMT,21
2017-06-09,0.122944,0.106708,0.102263,0.048184,0.018542,LMT,21
2017-06-12,0.120574,0.107153,0.10267,0.042786,0.024071,LMT,21
2017-06-13,0.118477,0.10687,0.101308,0.037493,0.023052,LMT,21
2017-06-14,0.11463,0.116648,0.097748,0.039991,0.008637,LMT,21
2017-06-15,0.112018,0.108428,0.096726,0.03112,0.022068,LMT,21
2017-06-16,0.122634,0.106655,0.097533,0.027252,0.023101,LMT,21
2017-06-19,0.123027,0.121425,0.096642,0.037183,0.01368,LMT,21
2017-06-20,0.12175,0.144986,0.104114,0.041813,0.019366,LMT,21
2017-06-21,0.123519,0.175061,0.109191,0.041139,0.021516,LMT,21
2017-06-22,0.122434,0.17409,0.11011,0.048773,0.015455,LMT,21
2017-06-23,0.122858,0.171848,0.108426,0.046461,0.021723,LMT,21
2017-06-26,0.120326,0.126462,0.100464,0.048608,0.022555,LMT,21
2017-06-27,0.123628,0.127872,0.107524,0.058919,0.018384,LMT,21
2017-06-28,0.12569,0.126742,0.10572,0.051604,0.022127,LMT,21
2017-06-29,0.121775,0.128229,0.106541,0.057273,0.028621,LMT,21
2017-06-30,0.120949,0.125582,0.103736,0.052949,0.017965,LMT,21
2017-07-03,0.119307,0.126921,0.106097,0.06243,0.016093,LMT,21
2017-07-05,0.11751,0.125029,0.115966,0.054005,0.017791,LMT,21
2017-07-06,0.115729,0.129495,0.118372,0.056489,0.033907,LMT,21
2017-07-07,0.109524,0.128377,0.120855,0.045846,0.024862,LMT,21
2017-07-10,0.106583,0.132708,0.120507,0.059628,0.015586,LMT,21
2017-07-11,0.106777,0.128874,0.11896,0.048337,0.031058,LMT,21
2017-07-12,0.107499,0.128254,0.118498,0.052171,0.019292,LMT,21
2017-07-13,0.110355,0.126418,0.116838,0.047395,0.025525,LMT,21
2017-07-14,0.112412,0.124927,0.115736,0.047486,0.021439,LMT,21
2017-07-17,0.112288,0.126159,0.113458,0.054136,0.027896,LMT,21
2017-07-18,0.100599,0.112499,0.11286,0.011332,0.022378,LMT,21
2017-07-19,0.099161,0.104403,0.109589,5e-05,0.019876,LMT,21
2017-07-20,0.0995,0.103569,0.106025,-0.000928,0.02019,LMT,21
2017-07-21,0.101685,0.104605,0.107462,-0.001787,0.020233,LMT,21
2017-07-24,0.102003,0.121485,0.11121,0.01384,0.019715,LMT,21
2017-07-25,0.101799,0.116896,0.112664,0.011461,0.022356,LMT,21
2017-07-26,0.102638,0.115237,0.110722,0.01302,0.018221,LMT,21
2017-07-27,0.098053,0.117637,0.112078,0.013429,0.025288,LMT,21
2017-07-28,0.09365,0.104711,0.109491,0.000497,0.017567,LMT,21
2017-07-31,0.091951,0.113559,0.110951,0.010911,0.019855,LMT,21
2017-08-01,0.091201,0.115267,0.111487,0.012956,0.028172,LMT,21
2017-08-02,0.090246,0.10355,0.093096,0.012257,0.025175,LMT,21
2017-08-03,0.089748,0.110228,0.099713,0.02092,0.026925,LMT,21
2017-08-04,0.089514,0.106708,0.094029,0.019134,0.025567,LMT,21
2017-08-07,0.090475,0.10297,0.092005,0.01313,0.024284,LMT,21
2017-08-08,0.090579,0.104226,0.095526,0.021466,0.022806,LMT,21
2017-08-09,0.088759,0.108548,0.100805,0.038571,0.027437,LMT,21
2017-08-10,0.087618,0.11243,0.106123,0.048138,0.025419,LMT,21
2017-08-11,0.083342,0.112248,0.103655,0.045309,0.023546,LMT,21
2017-08-14,0.080017,0.110829,0.099777,0.03042,0.019965,LMT,21
2017-08-15,0.080801,0.111687,0.104125,0.031774,0.02454,LMT,21
2017-08-16,0.082138,0.107237,0.104554,0.034635,0.02334,LMT,21
2017-08-17,0.080237,0.127072,0.108562,0.05206,0.028003,LMT,21
2017-08-18,0.083224,0.122603,0.107213,0.041803,0.029687,LMT,21
2017-08-21,0.07704,0.12552,0.108285,0.047286,0.023676,LMT,21
2017-08-22,0.075871,0.123527,0.107281,0.040682,0.025881,LMT,21
2017-08-23,0.07846,0.127385,0.108911,0.044471,0.026188,LMT,21
2017-08-24,0.081931,0.126542,0.109638,0.043958,0.025189,LMT,21
2017-08-25,0.082809,0.120171,0.107442,0.041737,0.024485,LMT,21
2017-08-28,0.084052,0.125233,0.108017,0.047206,0.024381,LMT,21
2017-08-29,0.088082,0.127592,0.109974,0.056928,0.022456,LMT,21
2017-08-30,0.08751,0.094945,0.083771,0.051519,0.026487,LMT,21
2017-08-31,0.088313,0.095174,0.086236,0.055067,0.016711,LMT,21
2017-09-01,0.088008,0.095294,0.084821,0.056987,0.015834,LMT,21
2017-09-05,0.087828,0.096985,0.086393,0.065567,0.022567,LMT,21
2017-09-06,0.08795,0.09602,0.087673,0.059763,0.025451,LMT,21
2017-09-07,0.086842,0.09533,0.08724,0.056279,0.021656,LMT,21
2017-09-08,0.08831,0.09585,0.086595,0.056855,0.02348,LMT,21
2017-09-11,0.087778,0.096893,0.088567,0.053883,0.024686,LMT,21
2017-09-12,0.087463,0.096138,0.088854,0.058073,0.022361,LMT,21
2017-09-13,0.088134,0.09543,0.090269,0.059682,0.019476,LMT,21
2017-09-14,0.086926,0.095101,0.088613,0.057745,0.022778,LMT,21
2017-09-15,0.08763,0.094757,0.088636,0.056854,0.018695,LMT,21
2017-09-18,0.087679,0.095252,0.089477,0.06118,0.021783,LMT,21
2017-09-19,0.087221,0.102412,0.090494,0.067675,0.019927,LMT,21
2017-09-20,0.091489,0.1022,0.091676,0.074257,0.022399,LMT,21
2017-09-21,0.093345,0.100602,0.091473,0.07001,0.020581,LMT,21
2017-09-22,0.090967,0.102374,0.091205,0.075896,0.018392,LMT,21
2017-09-25,0.098096,0.102781,0.093952,0.080264,0.024359,LMT,21
2017-09-26,0.102938,0.103489,0.094367,0.080669,0.018959,LMT,21
2017-09-27,0.128677,0.103483,0.094556,0.076617,0.023849,LMT,21
2017-09-28,0.126829,0.102336,0.095925,0.069659,0.021831,LMT,21
2017-09-29,0.128146,0.101402,0.097258,0.064516,0.01928,LMT,21
2017-10-02,0.127631,0.10329,0.100027,0.069603,0.024337,LMT,21
2017-10-03,0.128026,0.103758,0.099267,0.071969,0.023333,LMT,21
2017-10-04,0.128658,0.1036,0.098489,0.069258,0.027092,LMT,21
2017-10-05,0.129327,0.103585,0.098967,0.069206,0.02443,LMT,21
2017-10-06,0.13111,0.104164,0.099612,0.069022,0.021095,LMT,21
2017-10-09,0.130023,0.104057,0.098512,0.067828,0.023119,LMT,21
2017-10-10,0.129549,0.10347,0.099325,0.068139,0.024357,LMT,21
2017-10-11,0.1318,0.102895,0.098492,0.06555,0.023914,LMT,21
2017-10-12,0.131487,0.103291,0.097932,0.064825,0.024461,LMT,21
2017-10-13,0.131657,0.103447,0.097291,0.069069,0.02252,LMT,21
2017-10-16,0.131847,0.103906,0.097172,0.069977,0.021439,LMT,21
2017-10-17,0.132418,0.10263,0.09865,0.067772,0.019659,LMT,21
2017-10-18,0.130223,0.102702,0.097034,0.064846,0.021092,LMT,21
2017-10-19,0.128071,0.103564,0.097403,0.06314,0.022561,LMT,21
2017-10-20,0.129878,0.103665,0.096156,0.058916,0.023209,LMT,21
2017-10-23,0.13083,0.108517,0.096177,0.079669,0.015159,LMT,21
2017-10-24,0.122571,0.103225,0.088021,0.039819,0.016822,LMT,21
2017-10-25,0.117387,0.114247,0.094363,0.026785,0.021006,LMT,21
2017-10-26,0.087614,0.143133,0.124182,0.032926,0.021631,LMT,21
2017-10-27,0.087446,0.12652,0.120637,0.014821,0.023898,LMT,21
2017-10-30,0.087396,0.125747,0.118954,0.012955,0.020218,LMT,21
2017-10-31,0.088609,0.125256,0.11566,0.01353,0.023151,LMT,21
2017-11-01,0.101799,0.133548,0.104877,0.032135,0.026855,LMT,21
2017-11-02,0.103401,0.112955,0.097608,0.009928,0.026295,LMT,21
2017-11-03,0.10268,0.104656,0.095334,0.008417,0.020095,LMT,21
2017-11-06,0.101197,0.10926,0.098869,0.01595,0.022356,LMT,21
2017-11-07,0.102547,0.102158,0.091334,0.004382,0.022576,LMT,21
2017-11-08,0.104665,0.108235,0.094919,0.020017,0.016869,LMT,21
2017-11-09,0.102284,0.119733,0.109966,0.035567,0.025158,LMT,21
2017-11-10,0.102451,0.10578,0.100038,0.025712,0.028079,LMT,21
2017-11-13,0.103996,0.100523,0.098193,0.004823,0.025226,LMT,21
2017-11-14,0.10309,0.100385,0.098912,0.003676,0.022522,LMT,21
2017-11-15,0.10454,0.099508,0.092307,0.000216,0.022892,LMT,21
2017-11-16,0.110592,0.100425,0.093286,0.004162,0.020554,LMT,21
2017-11-17,0.110325,0.100084,0.090953,-0.00777,0.027308,LMT,21
2017-11-20,0.108515,0.100208,0.090185,-0.011668,0.0186,LMT,21
2017-11-21,0.107237,0.10097,0.087151,-0.015306,0.020905,LMT,21
2017-11-22,0.106638,0.098905,0.087594,-0.007469,0.019445,LMT,21
2017-11-24,0.107231,0.098847,0.093792,0.000574,0.016848,LMT,21
2017-11-27,0.107076,0.098389,0.093043,0.025064,0.016066,LMT,21
2017-11-28,0.105928,0.099305,0.091104,0.035144,0.01178,LMT,21
2017-11-29,0.104914,0.10074,0.092248,0.047628,0.015211,LMT,21
2017-11-30,0.107963,0.099044,0.090422,0.049285,0.006296,LMT,21
2017-12-01,0.094647,0.102896,0.095256,0.042284,0.01997,LMT,21
2017-12-04,0.094616,0.102874,0.094621,0.049826,0.01188,LMT,21
2017-12-05,0.095101,0.101694,0.095785,0.037695,0.014011,LMT,21
2017-12-06,0.095087,0.104301,0.097114,0.042039,0.014325,LMT,21
2017-12-07,0.095575,0.100432,0.095998,0.031106,0.014698,LMT,21
2017-12-08,0.096608,0.110841,0.107253,0.022652,0.009268,LMT,21
2017-12-11,0.096313,0.114752,0.110892,0.024919,0.019987,LMT,21
2017-12-12,0.097854,0.120617,0.114933,0.03605,0.014169,LMT,21
2017-12-13,0.098336,0.126684,0.113026,0.037834,0.015031,LMT,21
2017-12-14,0.102165,0.123629,0.113278,0.036673,0.014195,LMT,21
2017-12-15,0.100935,0.119719,0.112357,0.028675,0.008001,LMT,21
2017-12-18,0.095468,0.122417,0.111504,0.023022,0.015573,LMT,21
2017-12-19,0.09617,0.123461,0.110833,0.028405,0.016107,LMT,21
2017-12-20,0.094884,0.129472,0.113865,0.039603,0.020415,LMT,21
2017-12-21,0.100836,0.128623,0.113903,0.041659,0.018638,LMT,21
2017-12-22,0.103861,0.116587,0.098048,0.038865,0.017128,LMT,21
2017-12-26,0.116659,0.129441,0.1044,0.045134,0.013151,LMT,21
2017-12-27,0.143925,0.124582,0.105097,0.045601,0.016186,LMT,21
2017-12-28,0.151274,0.119479,0.096353,0.037906,0.022058,LMT,21
2017-12-29,0.156016,0.124083,0.103302,0.052422,0.012557,LMT,21
2018-01-02,0.160704,0.126582,0.105752,0.047042,0.0195,LMT,21
2018-01-03,0.165411,0.12205,0.104352,0.050986,0.021573,LMT,21
2018-01-04,0.247466,0.127936,0.102235,0.063963,0.026796,LMT,21
2018-01-05,0.257597,0.130808,0.102919,0.072996,0.015702,LMT,21
2018-01-08,0.268203,0.134616,0.10277,0.084462,0.015775,LMT,21
2018-01-09,0.275899,0.133191,0.103677,0.082042,0.016204,LMT,21
2018-01-10,0.288565,0.131691,0.103553,0.088874,0.024509,LMT,21
2018-01-11,0.294234,0.130824,0.103768,0.089858,0.025261,LMT,21
2018-01-12,0.295309,0.129955,0.104324,0.087969,0.024686,LMT,21
2018-01-16,0.296065,0.134739,0.103927,0.103487,0.026124,LMT,21
2018-01-17,0.29653,0.147208,0.109364,0.099852,0.02109,LMT,21
2018-01-18,0.297898,0.140378,0.10725,0.086183,0.019027,LMT,21
2018-01-19,0.299655,0.143819,0.109632,0.108575,0.016842,LMT,21
2018-01-22,0.301457,0.135174,0.103291,0.102286,0.011941,LMT,21
2018-01-23,0.301938,0.137158,0.103994,0.107779,0.016108,LMT,21
2018-01-24,0.30127,0.21816,0.123211,0.107696,0.010258,LMT,21
2018-01-25,0.30127,0.20511,0.119723,0.102336,0.013519,LMT,21
2018-01-26,0.297537,0.208575,0.125127,0.105555,0.025354,LMT,21
2018-01-29,0.287332,0.167662,0.119985,0.05148,0.015501,LMT,21
2018-01-30,0.294592,0.165341,0.118955,0.039696,0.000997,LMT,21
2018-01-31,0.295953,0.144059,0.115145,0.017928,0.01057,LMT,21
2018-02-01,0.293659,0.139014,0.117293,0.004867,0.018893,LMT,21
2018-02-02,0.293017,0.142703,0.121878,0.003466,0.02461,LMT,21
2018-02-05,0.232856,0.168744,0.135369,-0.009244,-0.010449,LMT,21
2018-02-06,0.222746,0.170696,0.144476,-0.013649,0.041672,LMT,21
2018-02-07,0.211342,0.165504,0.136916,-0.048995,0.019912,LMT,21
2018-02-08,0.20257,0.174313,0.137471,0.008651,0.005835,LMT,21
2018-02-09,0.183962,0.175007,0.150742,-0.02037,0.066426,LMT,21
2018-02-12,0.184102,0.169413,0.146454,-0.061171,0.05039,LMT,21
2018-02-13,0.185488,0.154373,0.133997,-0.093378,0.038073,LMT,21
2018-02-14,0.185596,0.155032,0.130969,-0.100862,0.028353,LMT,21
2018-02-15,0.184311,0.146868,0.129009,-0.125133,0.031235,LMT,21
2018-02-16,0.183613,0.147242,0.127601,-0.111628,0.015917,LMT,21
2018-02-20,0.185471,0.151552,0.132584,-0.106065,0.033224,LMT,21
2018-02-21,0.190999,0.16303,0.138415,-0.07682,0.023734,LMT,21
2018-02-22,0.219832,0.157274,0.139862,-0.116166,0.028886,LMT,21
2018-02-23,0.220898,0.146645,0.136424,-0.147801,0.031796,LMT,21
2018-02-26,0.225538,0.15213,0.135773,-0.134554,0.022392,LMT,21
2018-02-27,0.228317,0.156008,0.138489,-0.116505,0.015515,LMT,21
2018-02-28,0.2288,0.160643,0.140327,-0.092313,0.018643,LMT,21
2018-03-01,0.222794,0.172467,0.137698,-0.069847,0.00167,LMT,21
2018-03-02,0.222134,0.17143,0.140278,-0.07586,0.030707,LMT,21
2018-03-05,0.229259,0.172547,0.140678,-0.067459,0.034139,LMT,21
2018-03-06,0.230966,0.164965,0.134829,-0.084382,0.034798,LMT,21
2018-03-07,0.233637,0.157727,0.13755,-0.016212,0.028207,LMT,21
2018-03-08,0.234722,0.14889,0.123267,-0.033666,0.033981,LMT,21
2018-03-09,0.234245,0.145289,0.124727,-0.024721,0.026949,LMT,21
2018-03-12,0.239251,0.148989,0.127652,0.005516,0.019789,LMT,21
2018-03-13,0.239022,0.145046,0.123162,0.011983,0.027964,LMT,21
2018-03-14,0.233419,0.146451,0.126709,0.013708,0.031033,LMT,21
2018-03-15,0.230858,0.141918,0.123575,0.002024,0.030067,LMT,21
2018-03-16,0.229673,0.141443,0.12131,0.004411,0.014655,LMT,21
2018-03-19,0.228594,0.14613,0.126337,0.017882,0.034431,LMT,21
2018-03-20,0.227942,0.142198,0.125889,0.009854,0.030897,LMT,21
2018-03-21,0.224477,0.14563,0.126503,0.012957,0.015018,LMT,21
2018-03-22,0.217622,0.173746,0.145381,0.032933,0.033714,LMT,21
2018-03-23,0.250933,0.177186,0.142059,0.012148,0.025911,LMT,21
2018-03-26,0.273357,0.177839,0.144457,0.005829,0.031944,LMT,21
2018-03-27,0.279705,0.17908,0.144061,0.008771,0.037026,LMT,21
2018-03-28,0.278511,0.180894,0.143213,0.019472,0.041034,LMT,21
2018-03-29,0.278485,0.174035,0.140234,-0.008539,0.031617,LMT,21
2018-04-02,0.299307,0.180313,0.147339,0.023528,0.044177,LMT,21
2018-04-03,0.302508,0.179836,0.146923,0.014536,0.041446,LMT,21
2018-04-04,0.303048,0.17913,0.145947,-0.003282,0.040287,LMT,21
2018-04-05,0.301572,0.180631,0.151224,-0.015162,0.036049,LMT,21
2018-04-06,0.295752,0.191089,0.165346,0.01728,0.039246,LMT,21
2018-04-09,0.296593,0.189178,0.168591,0.008128,0.036593,LMT,21
2018-04-10,0.296717,0.193255,0.169301,-0.001066,0.03572,LMT,21
2018-04-11,0.293183,0.191842,0.16649,0.003239,0.028895,LMT,21
2018-04-12,0.29305,0.204181,0.160243,-0.015762,0.035371,LMT,21
2018-04-13,0.294455,0.219547,0.160134,-0.014628,0.030512,LMT,21
2018-04-16,0.294445,0.21122,0.146934,-0.018072,0.024207,LMT,21
2018-04-17,0.293997,0.200973,0.143945,-0.02629,0.018715,LMT,21
2018-04-18,0.294816,0.194312,0.145102,-0.026926,0.023321,LMT,21
2018-04-19,0.294154,0.197476,0.143843,-0.024384,0.031017,LMT,21
2018-04-20,0.294209,0.19129,0.149507,-0.023634,0.036838,LMT,21
2018-04-23,0.294629,0.184771,0.149607,-0.01975,0.043648,LMT,21
2018-04-24,0.24962,0.239606,0.166631,-0.020627,0.027744,LMT,21
2018-04-25,0.225733,0.228442,0.166501,-0.056403,0.03138,LMT,21
2018-04-26,0.21565,0.22267,0.156055,-0.068066,0.020557,LMT,21
2018-04-27,0.215728,0.193384,0.146852,-0.087571,0.024035,LMT,21
2018-04-30,0.214794,0.218441,0.15118,-0.073139,0.016252,LMT,21
2018-05-01,0.176793,0.230278,0.156231,-0.076089,0.030199,LMT,21
2018-05-02,0.165778,0.227052,0.157743,-0.079172,0.032194,LMT,21
2018-05-03,0.152663,0.220421,0.156161,-0.089915,0.031612,LMT,21
2018-05-04,0.150498,0.216397,0.154703,-0.091335,0.029087,LMT,21
2018-05-07,0.150429,0.193531,0.14269,-0.095631,0.027616,LMT,21
2018-05-08,0.145686,0.21313,0.155153,-0.086025,0.032779,LMT,21
2018-05-09,0.14687,0.212578,0.15664,-0.086948,0.038181,LMT,21
2018-05-10,0.143259,0.185174,0.143407,-0.106157,0.029965,LMT,21
2018-05-11,0.154004,0.180779,0.143181,-0.112335,0.029053,LMT,21
2018-05-14,0.153583,0.183257,0.143308,-0.109988,0.027964,LMT,21
2018-05-15,0.156273,0.175332,0.142301,-0.113851,0.033266,LMT,21
2018-05-16,0.159071,0.17335,0.140742,-0.114325,0.028408,LMT,21
2018-05-17,0.158738,0.169956,0.137434,-0.124312,0.032844,LMT,21
2018-05-18,0.16233,0.155744,0.144135,-0.120826,0.024455,LMT,21
2018-05-21,0.163521,0.155494,0.14108,-0.125253,0.027498,LMT,21
2018-05-22,0.164817,0.157422,0.141203,-0.117605,0.026051,LMT,21
2018-05-23,0.155066,0.160707,0.13968,-0.077394,0.026271,LMT,21
2018-05-24,0.160293,0.163009,0.133469,-0.054128,0.026285,LMT,21
2018-05-25,0.156645,0.164786,0.135619,-0.045076,0.02541,LMT,21
2018-05-29,0.1609,0.170515,0.144145,-0.021777,0.027883,LMT,21
2018-05-30,0.163297,0.162611,0.142,-0.031791,0.025502,LMT,21
2018-05-31,0.164202,0.157501,0.145886,0.011013,0.018071,LMT,21
2018-06-01,0.1694,0.152416,0.141942,0.004411,0.029343,LMT,21
2018-06-04,0.170985,0.152499,0.142109,0.025534,0.02547,LMT,21
2018-06-05,0.175752,0.149678,0.140685,0.023193,0.028485,LMT,21
2018-06-06,0.179191,0.148696,0.139036,0.016923,0.028234,LMT,21
2018-06-07,0.182691,0.148449,0.141569,0.024077,0.028601,LMT,21
2018-06-08,0.181774,0.147274,0.138617,0.021422,0.03278,LMT,21
2018-06-11,0.182703,0.146958,0.132912,0.03532,0.019102,LMT,21
2018-06-12,0.175817,0.15444,0.143875,0.029796,0.028781,LMT,21
2018-06-13,0.174495,0.157866,0.142652,0.032774,0.022166,LMT,21
2018-06-14,0.176347,0.159573,0.144579,0.034133,0.022991,LMT,21
2018-06-15,0.175775,0.183652,0.147143,0.034553,0.020133,LMT,21
2018-06-18,0.175781,0.203478,0.164446,0.046495,0.025161,LMT,21
2018-06-19,0.172876,0.206685,0.170689,0.056211,0.030294,LMT,21
2018-06-20,0.172921,0.212682,0.17018,0.057179,0.023211,LMT,21
2018-06-21,0.174616,0.207761,0.169022,0.060543,0.025921,LMT,21
2018-06-22,0.214253,0.197045,0.167685,0.058388,0.027252,LMT,21
2018-06-25,0.215473,0.199252,0.166775,0.079411,0.03421,LMT,21
2018-06-26,0.216302,0.193947,0.164891,0.080888,0.032922,LMT,21
2018-06-27,0.211349,0.197979,0.160794,0.100328,0.020846,LMT,21
2018-06-28,0.21078,0.19668,0.156205,0.093888,0.038065,LMT,21
2018-06-29,0.208839,0.191997,0.146535,0.096548,0.032838,LMT,21
2018-07-02,0.20552,0.190666,0.140828,0.075686,0.039162,LMT,21
2018-07-03,0.204167,0.193205,0.147998,0.083192,0.043166,LMT,21
2018-07-05,0.199745,0.189024,0.148758,0.060212,0.03188,LMT,21
2018-07-06,0.198429,0.191615,0.148407,0.054696,0.036078,LMT,21
2018-07-09,0.197238,0.184348,0.146693,0.024789,0.030099,LMT,21
2018-07-10,0.196499,0.183843,0.14758,0.02518,0.027358,LMT,21
2018-07-11,0.196937,0.192703,0.154555,0.03883,0.023024,LMT,21
2018-07-12,0.195278,0.186483,0.152337,0.033476,0.032352,LMT,21
2018-07-13,0.193909,0.18315,0.153198,0.034174,0.029605,LMT,21
2018-07-16,0.192003,0.187688,0.155731,0.038467,0.029898,LMT,21
2018-07-17,0.192105,0.182136,0.165687,0.039126,0.024123,LMT,21
2018-07-18,0.193005,0.1856,0.170059,0.045818,0.022232,LMT,21
2018-07-19,0.192941,0.183303,0.16937,0.045126,0.023957,LMT,21
2018-07-20,0.19112,0.178725,0.164189,0.028877,0.02838,LMT,21
2018-07-23,0.18706,0.181123,0.168181,0.037564,0.027641,LMT,21
2018-07-24,0.139139,0.163862,0.15547,-0.021672,0.03154,LMT,21
2018-07-25,0.125917,0.157497,0.148048,-0.034017,0.026861,LMT,21
2018-07-26,0.122837,0.151371,0.135229,-0.042177,0.02708,LMT,21
2018-07-27,0.121396,0.146327,0.130796,-0.041426,0.026473,LMT,21
2018-07-30,0.116297,0.147943,0.13396,-0.035656,0.028627,LMT,21
2018-07-31,0.116081,0.144629,0.131777,-0.041168,0.029785,LMT,21
2018-08-01,0.119833,0.141384,0.129682,-0.036831,0.023347,LMT,21
2018-08-02,0.120894,0.139716,0.124729,-0.029712,0.021098,LMT,21
2018-08-03,0.123268,0.13858,0.126124,-0.035047,0.02641,LMT,21
2018-08-06,0.118872,0.137943,0.126023,-0.034518,0.027881,LMT,21
2018-08-07,0.119608,0.140972,0.12165,-0.028023,0.021866,LMT,21
2018-08-08,0.120974,0.137317,0.122101,-0.033521,0.02199,LMT,21
2018-08-09,0.121377,0.135392,0.121182,-0.042285,0.025716,LMT,21
2018-08-10,0.12188,0.134344,0.120615,-0.033804,0.021328,LMT,21
2018-08-13,0.121376,0.13789,0.117078,-0.025366,0.023325,LMT,21
2018-08-14,0.118971,0.127891,0.124684,-0.030994,0.023836,LMT,21
2018-08-15,0.121617,0.131184,0.123785,-0.021822,0.022257,LMT,21
2018-08-16,0.118482,0.128893,0.122737,-0.03356,0.026267,LMT,21
2018-08-17,0.121275,0.128572,0.122557,-0.030247,0.018556,LMT,21
2018-08-20,0.135277,0.129277,0.123004,-0.027695,0.020763,LMT,21
2018-08-21,0.151588,0.128497,0.118767,-0.031566,0.022259,LMT,21
2018-08-22,0.151686,0.130417,0.118139,0.021187,0.017955,LMT,21
2018-08-23,0.154537,0.130425,0.120944,0.029001,0.02374,LMT,21
2018-08-24,0.16036,0.130285,0.121931,0.030115,0.023307,LMT,21
2018-08-27,0.16043,0.130233,0.124661,0.03314,0.019861,LMT,21
2018-08-28,0.161725,0.131154,0.122553,0.037211,0.021658,LMT,21
2018-08-29,0.162084,0.128676,0.122319,0.03958,0.021511,LMT,21
2018-08-30,0.158985,0.129348,0.120927,0.039889,0.026578,LMT,21
2018-08-31,0.158568,0.131285,0.123329,0.038569,0.023671,LMT,21
2018-09-04,0.156933,0.131463,0.127297,0.039178,0.029331,LMT,21
2018-09-05,0.157861,0.134216,0.127593,0.050138,0.024304,LMT,21
2018-09-06,0.157348,0.135654,0.125779,0.049163,0.03171,LMT,21
2018-09-07,0.156241,0.137606,0.12777,0.056027,0.025305,LMT,21
2018-09-10,0.15472,0.147755,0.13177,0.06399,0.019446,LMT,21
2018-09-11,0.157541,0.146993,0.127189,0.057305,0.023465,LMT,21
2018-09-12,0.174711,0.142757,0.128341,0.053094,0.02498,LMT,21
2018-09-13,0.184157,0.143319,0.125415,0.051169,0.028287,LMT,21
2018-09-14,0.183412,0.141058,0.127196,0.051217,0.016406,LMT,21
2018-09-17,0.185639,0.166473,0.126479,0.060867,0.026005,LMT,21
2018-09-18,0.184323,0.170189,0.128542,0.058882,0.023372,LMT,21
2018-09-19,0.182984,0.179642,0.128152,0.048327,0.030787,LMT,21
2018-09-20,0.171326,0.185496,0.133023,0.042474,0.032117,LMT,21
2018-09-21,0.175918,0.18084,0.128907,0.031509,0.03146,LMT,21
2018-09-24,0.223291,0.185658,0.128121,0.038382,0.022961,LMT,21
2018-09-25,0.230268,0.182703,0.127807,0.024829,0.029313,LMT,21
2018-09-26,0.241091,0.182782,0.126276,0.027872,0.031575,LMT,21
2018-09-27,0.246167,0.179754,0.125877,0.022561,0.033288,LMT,21
2018-09-28,0.283057,0.181233,0.127524,0.023704,0.025346,LMT,21
2018-10-01,0.288891,0.180725,0.128135,0.027935,0.027507,LMT,21
2018-10-02,0.291482,0.180434,0.128484,0.030481,0.021796,LMT,21
2018-10-03,0.294022,0.185124,0.126537,0.034692,0.024268,LMT,21
2018-10-04,0.295634,0.185942,0.125915,0.034897,0.031299,LMT,21
2018-10-05,0.294805,0.193009,0.130054,0.048321,0.034067,LMT,21
2018-10-08,0.295785,0.191038,0.12872,0.049773,0.029026,LMT,21
2018-10-09,0.298337,0.18062,0.126975,0.05524,0.03737,LMT,21
2018-10-10,0.297764,0.216908,0.144502,0.104468,0.046626,LMT,21
2018-10-11,0.289591,0.218046,0.155134,0.130475,0.050586,LMT,21
2018-10-12,0.28718,0.209027,0.151851,0.087046,0.045002,LMT,21
2018-10-15,0.289331,0.207025,0.151434,0.076728,0.037483,LMT,21
2018-10-16,0.290122,0.206971,0.151521,0.034951,0.03954,LMT,21
2018-10-17,0.295766,0.201126,0.150684,0.043297,0.037197,LMT,21
2018-10-18,0.292777,0.202836,0.154469,0.06763,0.050932,LMT,21
2018-10-19,0.294744,0.200559,0.148766,0.075728,0.036993,LMT,21
2018-10-22,0.296379,0.200161,0.147003,0.076874,0.044807,LMT,21
2018-10-23,0.261707,0.201822,0.152393,0.026538,0.048946,LMT,21
2018-10-24,0.255643,0.206301,0.15385,0.038847,0.050557,LMT,21
2018-10-25,0.249378,0.208907,0.156862,0.029542,0.05648,LMT,21
2018-10-26,0.247693,0.214263,0.161962,0.057814,0.053839,LMT,21
2018-10-29,0.209788,0.225254,0.176703,0.054642,0.075996,LMT,21
2018-10-30,0.203589,0.220064,0.174385,0.004412,0.044788,LMT,21
2018-10-31,0.203611,0.216306,0.176564,-0.012895,0.033795,LMT,21
2018-11-01,0.204641,0.212364,0.182155,-0.045364,0.03575,LMT,21
2018-11-02,0.206429,0.208689,0.179553,-0.04772,0.040559,LMT,21
2018-11-05,0.219517,0.210371,0.181922,-0.044171,0.046434,LMT,21
2018-11-06,0.221348,0.207242,0.174368,-0.049971,0.041803,LMT,21
2018-11-07,0.223035,0.19444,0.169509,-0.085637,0.033216,LMT,21
2018-11-08,0.232465,0.185617,0.166489,-0.085128,0.034745,LMT,21
2018-11-09,0.231531,0.178103,0.16045,-0.070461,0.034567,LMT,21
2018-11-12,0.228419,0.210842,0.173506,-0.038456,0.05659,LMT,21
2018-11-13,0.225027,0.201844,0.170991,-0.042393,0.041314,LMT,21
2018-11-14,0.228443,0.215593,0.182141,-0.022428,0.043513,LMT,21
2018-11-15,0.224946,0.216769,0.184911,-0.025856,0.049941,LMT,21
2018-11-16,0.242432,0.208122,0.179307,-0.036404,0.041946,LMT,21
2018-11-19,0.258449,0.215992,0.187316,-0.02627,0.04859,LMT,21
2018-11-20,0.259926,0.221408,0.185064,-0.001458,0.060332,LMT,21
2018-11-21,0.266522,0.214049,0.178766,0.01282,0.041347,LMT,21
2018-11-23,0.279373,0.204488,0.17054,0.022016,0.041964,LMT,21
2018-11-26,0.283456,0.201614,0.166507,0.009144,0.042076,LMT,21
2018-11-27,0.282117,0.186124,0.160358,-0.002113,0.038164,LMT,21
2018-11-28,0.281551,0.190423,0.178797,0.027945,0.041142,LMT,21
2018-11-29,0.285577,0.199052,0.183452,0.047071,0.037751,LMT,21
2018-11-30,0.286492,0.206057,0.189279,0.06545,0.026099,LMT,21
2018-12-03,0.285014,0.171423,0.165349,0.013027,0.03518,LMT,21
2018-12-04,0.286151,0.192743,0.180931,0.044765,0.031267,LMT,21
2018-12-06,0.276872,0.213972,0.1952,0.052115,0.046814,LMT,21
2018-12-07,0.274803,0.235117,0.201803,0.055727,0.070749,LMT,21
2018-12-10,0.272569,0.221131,0.193629,0.05208,0.045066,LMT,21
2018-12-11,0.266001,0.20641,0.182861,0.034172,0.042528,LMT,21
2018-12-12,0.267963,0.204421,0.184466,0.02502,0.042971,LMT,21
2018-12-13,0.268559,0.188562,0.165716,0.018078,0.040383,LMT,21
2018-12-14,0.269041,0.193108,0.169157,0.029207,0.037045,LMT,21
2018-12-17,0.268745,0.208938,0.181503,0.05029,0.049196,LMT,21
2018-12-18,0.268624,0.218005,0.192757,0.062901,0.037487,LMT,21
2018-12-19,0.256047,0.213547,0.195849,0.044683,0.038155,LMT,21
2018-12-20,0.23973,0.229659,0.200298,0.077784,0.065506,LMT,21
2018-12-21,0.237099,0.232566,0.200066,0.088781,0.063985,LMT,21
2018-12-24,0.229195,0.247185,0.196956,0.14808,0.067691,LMT,21
2018-12-26,0.212346,0.238805,0.196556,0.098541,0.069684,LMT,21
2018-12-27,0.20987,0.232329,0.196314,0.075471,0.066134,LMT,21
2018-12-28,0.213928,0.226796,0.191564,0.058578,0.057447,LMT,21
2018-12-31,0.212515,0.221608,0.193662,0.035516,0.073702,LMT,21
2019-01-02,0.205776,0.217599,0.190035,0.014031,0.046634,LMT,21
2019-01-03,0.204795,0.222057,0.192062,0.032918,0.063256,LMT,21
2019-01-04,0.206098,0.217429,0.189548,0.010111,0.058598,LMT,21
2019-01-07,0.201189,0.217567,0.188241,0.015476,0.037459,LMT,21
2019-01-08,0.201013,0.217018,0.194499,0.008457,0.041281,LMT,21
2019-01-09,0.20201,0.213163,0.197128,0.004818,0.050021,LMT,21
2019-01-10,0.200426,0.209833,0.18933,-1.2e-05,0.046718,LMT,21
2019-01-11,0.196415,0.197338,0.177526,-0.015966,0.048948,LMT,21
2019-01-14,0.192123,0.207895,0.184075,-0.005083,0.033785,LMT,21
2019-01-15,0.188997,0.200501,0.177837,-0.015822,0.040715,LMT,21
2019-01-16,0.185511,0.20337,0.182319,-0.004274,0.028664,LMT,21
2019-01-17,0.178451,0.19879,0.176758,-0.016574,0.044062,LMT,21
2019-01-18,0.172962,0.193536,0.172169,-0.024851,0.033948,LMT,21
2019-01-22,0.165638,0.207984,0.184187,0.020687,0.050212,LMT,21
2019-01-23,0.161857,0.210723,0.180742,0.04381,0.039803,LMT,21
2019-01-24,0.156189,0.2021,0.185535,0.0335,0.050592,LMT,21
2019-01-25,0.156,0.19289,0.171836,0.02695,0.04378,LMT,21
2019-01-28,0.152225,0.199417,0.184609,0.049658,0.050298,LMT,21
2019-01-29,0.146547,0.172309,0.158353,0.008764,0.041625,LMT,21
2019-01-30,0.139578,0.166973,0.153032,-0.004356,0.037071,LMT,21
2019-01-31,0.139993,0.164544,0.151564,-0.00222,0.038843,LMT,21
2019-02-01,0.139156,0.162889,0.147752,-0.006192,0.042109,LMT,21
2019-02-04,0.135096,0.161782,0.137965,-0.019294,0.033954,LMT,21
2019-02-05,0.135223,0.161964,0.142281,-0.023307,0.035352,LMT,21
2019-02-06,0.133992,0.148126,0.132926,-0.019857,0.037284,LMT,21
2019-02-07,0.134236,0.151069,0.141828,-0.010041,0.037357,LMT,21
2019-02-08,0.133482,0.15186,0.140946,-0.013312,0.037859,LMT,21
2019-02-11,0.133057,0.153351,0.142603,-0.004421,0.035498,LMT,21
2019-02-12,0.136116,0.151115,0.140558,-0.013375,0.031881,LMT,21
2019-02-13,0.140931,0.14771,0.136944,-0.00922,0.031272,LMT,21
2019-02-14,0.145361,0.148239,0.144346,0.001035,0.034505,LMT,21
2019-02-15,0.153365,0.151324,0.151763,-0.006936,0.032912,LMT,21
2019-02-19,0.154581,0.151237,0.149727,0.001039,0.035492,LMT,21
2019-02-20,0.156961,0.147043,0.144992,0.003561,0.036174,LMT,21
2019-02-21,0.157107,0.149201,0.14124,0.021164,0.035022,LMT,21
2019-02-22,0.157267,0.148342,0.14142,0.01918,0.034515,LMT,21
2019-02-25,0.160614,0.1487,0.142377,0.026928,0.030925,LMT,21
2019-02-26,0.163707,0.149496,0.14264,0.030394,0.032467,LMT,21
2019-02-27,0.162876,0.147193,0.140371,0.033102,0.0264,LMT,21
2019-02-28,0.159232,0.148253,0.140441,0.043392,0.024125,LMT,21
2019-03-01,0.157966,0.146627,0.142583,0.039266,0.031127,LMT,21
2019-03-04,0.154493,0.157478,0.153627,0.053273,0.042371,LMT,21
2019-03-05,0.16053,0.149755,0.150058,0.051144,0.031227,LMT,21
2019-03-06,0.160259,0.16257,0.157958,0.068701,0.027026,LMT,21
2019-03-07,0.153858,0.162531,0.153668,0.068529,0.046669,LMT,21
2019-03-08,0.155541,0.165485,0.152187,0.07581,0.04365,LMT,21
2019-03-11,0.153709,0.150773,0.145206,0.051031,0.029616,LMT,21
2019-03-12,0.154411,0.155235,0.143404,0.056479,0.033132,LMT,21
2019-03-13,0.154426,0.146265,0.139781,0.043681,0.033379,LMT,21
2019-03-14,0.15207,0.154002,0.140306,0.054525,0.038813,LMT,21
2019-03-15,0.147582,0.145614,0.13993,0.038641,0.035141,LMT,21
2019-03-18,0.143303,0.14257,0.139896,0.032022,0.023146,LMT,21
2019-03-19,0.135506,0.154105,0.145144,0.03562,0.043444,LMT,21
2019-03-20,0.13642,0.156646,0.145506,0.040003,0.037974,LMT,21
2019-03-21,0.134383,0.159863,0.151522,0.044651,0.023059,LMT,21
2019-03-22,0.156485,0.1687,0.146104,0.054095,0.03401,LMT,21
2019-03-25,0.163025,0.172638,0.148359,0.064907,0.031797,LMT,21
2019-03-26,0.163485,0.167136,0.143716,0.053237,0.040386,LMT,21
2019-03-27,0.160637,0.167517,0.143258,0.046729,0.044048,LMT,21
2019-03-28,0.162227,0.164842,0.142208,0.04466,0.031412,LMT,21
2019-03-29,0.163308,0.151984,0.147126,0.042301,0.046961,LMT,21
2019-04-01,0.164609,0.152639,0.141671,0.042956,0.0341,LMT,21
2019-04-02,0.165369,0.161193,0.142867,0.049221,0.040938,LMT,21
2019-04-03,0.16101,0.165667,0.14474,0.053776,0.04427,LMT,21
2019-04-04,0.161049,0.159606,0.144031,0.044427,0.03742,LMT,21
2019-04-05,0.164324,0.14946,0.140209,0.042064,0.034192,LMT,21
2019-04-08,0.166641,0.156412,0.1424,0.047248,0.032895,LMT,21
2019-04-09,0.17241,0.16233,0.144072,0.061038,0.043142,LMT,21
2019-04-10,0.173282,0.163164,0.143142,0.061422,0.042183,LMT,21
2019-04-11,0.177554,0.161486,0.14018,0.050336,0.032925,LMT,21
2019-04-12,0.181626,0.157965,0.140296,0.045024,0.035896,LMT,21
2019-04-15,0.185577,0.160718,0.139964,0.052624,0.037761,LMT,21
2019-04-16,0.186542,0.152064,0.137315,0.051073,0.04181,LMT,21
2019-04-17,0.188006,0.152304,0.133601,0.058314,0.03842,LMT,21
2019-04-18,0.189452,0.15994,0.13611,0.065385,0.031645,LMT,21
2019-04-22,0.19192,0.16257,0.136866,0.078346,0.03893,LMT,21
2019-04-23,0.17363,0.148885,0.129844,0.019072,0.030209,LMT,21
2019-04-24,0.169734,0.141519,0.126017,0.003577,0.030195,LMT,21
2019-04-25,0.167079,0.143172,0.12826,0.005236,0.030706,LMT,21
2019-04-26,0.167638,0.140162,0.125962,0.005328,0.021708,LMT,21
2019-04-29,0.168331,0.137235,0.126372,-0.002678,0.028925,LMT,21
2019-04-30,0.16708,0.135641,0.124959,-0.007113,0.026347,LMT,21
2019-05-01,0.164667,0.135872,0.118062,-0.004949,0.034008,LMT,21
2019-05-02,0.163694,0.132266,0.116263,-0.006142,0.033529,LMT,21
2019-05-03,0.161233,0.138,0.123487,-0.005939,0.031774,LMT,21
2019-05-06,0.159986,0.139058,0.125145,0.008792,0.034966,LMT,21
2019-05-07,0.158558,0.16444,0.139778,0.034903,0.049079,LMT,21
2019-05-08,0.154428,0.166476,0.135943,0.025779,0.043184,LMT,21
2019-05-09,0.150887,0.168275,0.136942,0.0229,0.049823,LMT,21
2019-05-10,0.160183,0.146991,0.130121,0.002355,0.049016,LMT,21
2019-05-13,0.155126,0.204949,0.150008,0.043232,0.046989,LMT,21
2019-05-14,0.152915,0.170482,0.140914,0.011744,0.043565,LMT,21
2019-05-15,0.149579,0.153497,0.133617,-0.00677,0.041977,LMT,21
2019-05-16,0.151569,0.151755,0.130974,-0.018492,0.04196,LMT,21
2019-05-17,0.151957,0.149483,0.130449,-0.019063,0.038619,LMT,21
2019-05-20,0.147752,0.162347,0.136259,-0.002063,0.032806,LMT,21
2019-05-21,0.144741,0.144769,0.128193,-0.023164,0.034459,LMT,21
2019-05-22,0.146465,0.142313,0.130583,-0.00115,0.03407,LMT,21
2019-05-23,0.14283,0.16245,0.144986,0.023996,0.040894,LMT,21
2019-05-24,0.141329,0.155033,0.136626,0.019161,0.038743,LMT,21
2019-05-28,0.141797,0.161006,0.139638,0.024963,0.03647,LMT,21
2019-05-29,0.139596,0.174502,0.144971,0.037697,0.033148,LMT,21
2019-05-30,0.14158,0.158636,0.142178,0.023362,0.038751,LMT,21
2019-05-31,0.142559,0.179858,0.157325,0.0369,0.03796,LMT,21
2019-06-03,0.142206,0.164463,0.14995,0.038596,0.041781,LMT,21
2019-06-04,0.144664,0.149363,0.142352,0.022877,0.038738,LMT,21
2019-06-05,0.14506,0.163902,0.147199,0.023153,0.031307,LMT,21
2019-06-06,0.14368,0.147928,0.13991,0.025169,0.036509,LMT,21
2019-06-07,0.143941,0.144087,0.134454,0.019907,0.032231,LMT,21
2019-06-10,0.143029,0.150986,0.140044,0.036761,0.035475,LMT,21
2019-06-11,0.128543,0.158903,0.139521,0.03501,0.035931,LMT,21
2019-06-12,0.127138,0.164919,0.142122,0.037609,0.032845,LMT,21
2019-06-13,0.122955,0.162688,0.141623,0.034177,0.032618,LMT,21
2019-06-14,0.120843,0.167098,0.144045,0.043365,0.026142,LMT,21
2019-06-17,0.119442,0.17324,0.14602,0.042361,0.032976,LMT,21
2019-06-18,0.120478,0.165765,0.141584,0.038168,0.03974,LMT,21
2019-06-19,0.120834,0.163471,0.142195,0.043433,0.027254,LMT,21
2019-06-20,0.120181,0.172024,0.142072,0.065795,0.034279,LMT,21
2019-06-21,0.139772,0.169109,0.138307,0.054358,0.030679,LMT,21
2019-06-24,0.143405,0.158439,0.134085,0.058445,0.035093,LMT,21
2019-06-25,0.146357,0.158483,0.132768,0.065567,0.03925,LMT,21
2019-06-26,0.144219,0.159269,0.134226,0.066041,0.035717,LMT,21
2019-06-27,0.14329,0.158518,0.13058,0.066748,0.034378,LMT,21
2019-06-28,0.142962,0.158146,0.134772,0.05869,0.035387,LMT,21
2019-07-01,0.151757,0.145272,0.123886,0.047215,0.033773,LMT,21
2019-07-02,0.159134,0.141715,0.117914,0.034351,0.036777,LMT,21
2019-07-03,0.158919,0.142469,0.122072,0.033444,0.037094,LMT,21
2019-07-05,0.163567,0.143033,0.124845,0.033366,0.034063,LMT,21
2019-07-08,0.168021,0.14694,0.122405,0.040963,0.035252,LMT,21
2019-07-09,0.173742,0.146786,0.123752,0.043929,0.030782,LMT,21
2019-07-10,0.174009,0.145145,0.122288,0.041186,0.034472,LMT,21
2019-07-11,0.177051,0.146032,0.123621,0.05519,0.031853,LMT,21
2019-07-12,0.178161,0.140746,0.12189,0.050136,0.034569,LMT,21
2019-07-15,0.181882,0.144396,0.120244,0.058137,0.035176,LMT,21
2019-07-16,0.185543,0.147092,0.12629,0.065524,0.03089,LMT,21
2019-07-17,0.187631,0.150996,0.132128,0.070246,0.035947,LMT,21
2019-07-18,0.186822,0.144751,0.12475,0.065585,0.036497,LMT,21
2019-07-19,0.186606,0.147775,0.126863,0.073117,0.02789,LMT,21
2019-07-22,0.187738,0.146382,0.124701,0.075286,0.041037,LMT,21
2019-07-23,0.173785,0.131709,0.116428,0.026901,0.032649,LMT,21
2019-07-24,0.172916,0.133797,0.115034,0.010997,0.032457,LMT,21
2019-07-25,0.180713,0.133864,0.119646,0.006232,0.032557,LMT,21
2019-07-26,0.182627,0.13312,0.11896,0.007256,0.030492,LMT,21
2019-07-29,0.18459,0.133062,0.1155,0.009941,0.032073,LMT,21
2019-07-30,0.185847,0.14121,0.117285,0.012304,0.035924,LMT,21
2019-07-31,0.178947,0.145556,0.120767,0.014488,0.033618,LMT,21
2019-08-01,0.171672,0.15233,0.125864,0.028066,0.039626,LMT,21
2019-08-02,0.171286,0.150786,0.12776,0.031384,0.042118,LMT,21
2019-08-05,0.166004,0.178977,0.146856,0.06935,0.055873,LMT,21
2019-08-06,0.166159,0.157639,0.132414,0.036817,0.050529,LMT,21
2019-08-07,0.159016,0.159735,0.13317,0.034078,0.059255,LMT,21
2019-08-08,0.157661,0.150665,0.141108,0.003735,0.057784,LMT,21
2019-08-09,0.166822,0.15339,0.138118,0.005123,0.047638,LMT,21
2019-08-12,0.168719,0.159024,0.142483,0.022497,0.054861,LMT,21
2019-08-13,0.166793,0.153945,0.138037,0.004955,0.0528,LMT,21
2019-08-14,0.163344,0.18378,0.153003,0.044545,0.056409,LMT,21
2019-08-15,0.16377,0.169288,0.147207,0.026244,0.054452,LMT,21
2019-08-16,0.175675,0.159012,0.142322,0.008663,0.056322,LMT,21
2019-08-19,0.177641,0.152911,0.135478,-6e-05,0.044195,LMT,21
2019-08-20,0.177407,0.147802,0.134116,-0.002243,0.046954,LMT,21
2019-08-21,0.177309,0.139222,0.130931,-0.002404,0.046294,LMT,21
2019-08-22,0.175733,0.140818,0.137961,0.004325,0.047146,LMT,21
2019-08-23,0.167773,0.156508,0.140008,0.025908,0.058901,LMT,21
2019-08-26,0.165765,0.15648,0.139736,0.022496,0.055271,LMT,21
2019-08-27,0.166565,0.158142,0.143636,0.019598,0.056188,LMT,21
2019-08-28,0.166853,0.158284,0.142938,0.018921,0.049139,LMT,21
2019-08-29,0.167037,0.150516,0.138461,0.004829,0.060204,LMT,21
2019-08-30,0.169767,0.147511,0.133588,0.011259,0.046482,LMT,21
2019-09-03,0.175432,0.150917,0.134983,0.017746,0.056397,LMT,21
2019-09-04,0.179527,0.148863,0.130622,0.022116,0.039379,LMT,21
2019-09-05,0.175851,0.145704,0.13726,0.013115,0.049845,LMT,21
2019-09-06,0.176801,0.144659,0.135037,0.015524,0.054298,LMT,21
2019-09-09,0.179097,0.149292,0.137468,0.031912,0.049794,LMT,21
2019-09-10,0.167881,0.148636,0.134491,0.021898,0.050196,LMT,21
2019-09-11,0.166469,0.144595,0.134418,0.013432,0.050988,LMT,21
2019-09-12,0.167958,0.140181,0.129382,0.00681,0.043943,LMT,21
2019-09-13,0.168575,0.136745,0.12923,0.008619,0.048625,LMT,21
2019-09-16,0.164375,0.1578,0.131374,0.039577,0.052937,LMT,21
2019-09-17,0.150525,0.159073,0.133622,0.029358,0.046927,LMT,21
2019-09-18,0.151055,0.154785,0.131572,0.019572,0.047601,LMT,21
2019-09-19,0.159861,0.156037,0.133054,0.019418,0.055527,LMT,21
2019-09-20,0.158197,0.162092,0.137115,0.03181,0.049679,LMT,21
2019-09-23,0.172385,0.158079,0.131517,0.022635,0.046057,LMT,21
2019-09-24,0.173508,0.159985,0.134704,0.039469,0.057668,LMT,21
2019-09-25,0.175911,0.161523,0.141895,0.040698,0.047844,LMT,21
2019-09-26,0.174776,0.162073,0.141973,0.040305,0.051838,LMT,21
2019-09-27,0.173719,0.170297,0.149311,0.057213,0.05392,LMT,21
2019-09-30,0.173974,0.166254,0.149007,0.047257,0.050913,LMT,21
2019-10-01,0.17433,0.174956,0.150423,0.068877,0.054633,LMT,21
2019-10-02,0.169247,0.179697,0.149857,0.079934,0.06104,LMT,21
2019-10-03,0.165375,0.178955,0.150243,0.067216,0.065546,LMT,21
2019-10-04,0.169903,0.17991,0.156448,0.063354,0.067877,LMT,21
2019-10-07,0.17064,0.177581,0.158028,0.060141,0.057995,LMT,21
2019-10-08,0.167244,0.186425,0.161012,0.070791,0.058013,LMT,21
2019-10-09,0.168115,0.174747,0.160617,0.067731,0.061092,LMT,21
2019-10-10,0.167218,0.173725,0.15964,0.070837,0.062035,LMT,21
2019-10-11,0.164565,0.168578,0.149196,0.070043,0.050774,LMT,21
2019-10-14,0.164806,0.165534,0.149295,0.055168,0.053522,LMT,21
2019-10-15,0.166535,0.166499,0.156602,0.052177,0.054476,LMT,21
2019-10-16,0.16665,0.162414,0.150574,0.056672,0.048707,LMT,21
2019-10-17,0.164805,0.16124,0.144108,0.057741,0.055128,LMT,21
2019-10-18,0.155628,0.165524,0.149708,0.061675,0.050937,LMT,21
2019-10-21,0.15676,0.165557,0.149802,0.061316,0.051785,LMT,21
2019-10-22,0.14003,0.150282,0.132228,0.015666,0.046314,LMT,21
2019-10-23,0.135093,0.145887,0.138394,0.001064,0.046133,LMT,21
2019-10-24,0.132297,0.14517,0.137211,-0.005015,0.047126,LMT,21
2019-10-25,0.133679,0.144401,0.134681,-0.004603,0.042778,LMT,21
2019-10-28,0.133888,0.143594,0.129684,-0.006216,0.044487,LMT,21
2019-10-29,0.130652,0.14365,0.128866,-0.006614,0.0428,LMT,21
2019-10-30,0.125606,0.138892,0.125972,-0.0186,0.041028,LMT,21
2019-10-31,0.125976,0.13767,0.126938,-0.014722,0.045637,LMT,21
2019-11-01,0.126736,0.137228,0.127089,-0.013297,0.041499,LMT,21
2019-11-04,0.123145,0.141071,0.131038,-0.006674,0.046588,LMT,21
2019-11-05,0.12169,0.139995,0.131486,-0.005707,0.047339,LMT,21
2019-11-06,0.121778,0.142613,0.126412,-0.014346,0.045072,LMT,21
2019-11-07,0.119972,0.144135,0.13062,-0.00819,0.048906,LMT,21
2019-11-08,0.119555,0.144138,0.126169,-0.017091,0.042688,LMT,21
2019-11-11,0.118173,0.142973,0.12771,-0.015223,0.041826,LMT,21
2019-11-12,0.117816,0.134438,0.124264,-0.017225,0.042042,LMT,21
2019-11-13,0.11483,0.14273,0.126383,-0.019667,0.041568,LMT,21
2019-11-14,0.114332,0.144094,0.128034,-0.021234,0.038927,LMT,21
2019-11-15,0.112609,0.143475,0.126531,-0.024139,0.035228,LMT,21
2019-11-18,0.115217,0.143306,0.125308,-0.008263,0.03449,LMT,21
2019-11-19,0.114709,0.141765,0.125779,-0.001968,0.033692,LMT,21
2019-11-20,0.115273,0.139549,0.114246,0.011741,0.036247,LMT,21
2019-11-21,0.119958,0.139547,0.116503,0.020499,0.036021,LMT,21
2019-11-22,0.118591,0.13921,0.114394,0.020209,0.036591,LMT,21
2019-11-25,0.114003,0.137694,0.113724,0.005986,0.032801,LMT,21
2019-11-26,0.10941,0.134297,0.115937,0.010488,0.028264,LMT,21
2019-11-27,0.109079,0.132829,0.113086,0.006593,0.033929,LMT,21
2019-11-29,0.111927,0.134782,0.113133,0.014584,0.039032,LMT,21
2019-12-02,0.113749,0.137484,0.120912,0.044622,0.0358,LMT,21
2019-12-03,0.129053,0.143555,0.122414,0.047524,0.033914,LMT,21
2019-12-04,0.135958,0.13482,0.125855,0.040129,0.036599,LMT,21
2019-12-05,0.140958,0.138773,0.125103,0.04107,0.023449,LMT,21
2019-12-06,0.144281,0.139627,0.120889,0.027126,0.038327,LMT,21
2019-12-09,0.145248,0.13615,0.127601,0.039244,0.03652,LMT,21
2019-12-10,0.144662,0.129933,0.119553,0.034943,0.038273,LMT,21
2019-12-11,0.146951,0.133552,0.118076,0.034576,0.031079,LMT,21
2019-12-12,0.145781,0.133876,0.120474,0.044173,0.031945,LMT,21
2019-12-13,0.145939,0.130082,0.112399,0.033821,0.036508,LMT,21
2019-12-16,0.146159,0.130095,0.112066,0.035395,0.039015,LMT,21
2019-12-17,0.146269,0.126154,0.111542,0.040625,0.034408,LMT,21
2019-12-18,0.144717,0.130516,0.112326,0.046429,0.039444,LMT,21
2019-12-19,0.143532,0.132257,0.113156,0.039491,0.037742,LMT,21
2019-12-20,0.143458,0.136318,0.113023,0.036525,0.038118,LMT,21
2019-12-23,0.139485,0.139647,0.117548,0.040177,0.030577,LMT,21
2019-12-24,0.143564,0.140027,0.115927,0.042045,0.036663,LMT,21
2019-12-26,0.15989,0.151868,0.122206,0.05933,0.041432,LMT,21
2019-12-27,0.162762,0.145828,0.11861,0.058541,0.043854,LMT,21
2019-12-30,0.164042,0.147605,0.118761,0.067481,0.037101,LMT,21
2019-12-31,0.166948,0.152077,0.121637,0.067083,0.042415,LMT,21
2020-01-02,0.166369,0.15418,0.124408,0.059374,0.047794,LMT,21
2020-01-03,0.154303,0.173198,0.1305,0.104395,0.031765,LMT,21
2020-01-06,0.148845,0.1625,0.130617,0.07002,0.03021,LMT,21
2020-01-07,0.144093,0.165225,0.130745,0.063889,0.028711,LMT,21
2020-01-08,0.140328,0.168329,0.130082,0.06318,0.027052,LMT,21
2020-01-09,0.139187,0.167531,0.130026,0.051122,0.033042,LMT,21
2020-01-10,0.140744,0.164508,0.129264,0.039656,0.033681,LMT,21
2020-01-13,0.139863,0.165315,0.131034,0.037234,0.033467,LMT,21
2020-01-14,0.14148,0.166005,0.131076,0.037385,0.032291,LMT,21
2020-01-15,0.141169,0.166223,0.134116,0.033267,0.033758,LMT,21
2020-01-16,0.141261,0.182398,0.133346,0.024817,0.036879,LMT,21
2020-01-17,0.141383,0.190292,0.135326,0.027025,0.032824,LMT,21
2020-01-21,0.147159,0.15354,0.134781,0.038226,0.031538,LMT,21
2020-01-22,0.149553,0.153665,0.133347,0.037592,0.030959,LMT,21
2020-01-23,0.152224,0.156305,0.131097,0.041902,0.041001,LMT,21
2020-01-24,0.181888,0.155553,0.132185,0.051193,0.043192,LMT,21
2020-01-27,0.190591,0.166296,0.139794,0.056878,0.042807,LMT,21
2020-01-28,0.193059,0.1495,0.126589,0.00241,0.036453,LMT,21
2020-01-29,0.21021,0.150573,0.127172,0.001089,0.030607,LMT,21
2020-01-30,0.249608,0.15167,0.127125,0.004787,0.034647,LMT,21
2020-01-31,0.274495,0.161788,0.139434,0.016712,0.046638,LMT,21
2020-02-03,0.28462,0.162037,0.135911,0.009617,0.040839,LMT,21
2020-02-04,0.295584,0.165461,0.137677,0.016338,0.035959,LMT,21
2020-02-05,0.306456,0.166605,0.140588,0.014765,0.035443,LMT,21
2020-02-06,0.326233,0.16709,0.140821,0.025322,0.031039,LMT,21
2020-02-07,0.344868,0.163541,0.143792,0.02957,0.047621,LMT,21
2020-02-10,0.361481,0.165178,0.140097,0.039491,0.03859,LMT,21
2020-02-11,0.416841,0.160941,0.1372,0.033029,0.031819,LMT,21
2020-02-12,0.462422,0.152551,0.132819,0.027737,0.033372,LMT,21
2020-02-13,0.507931,0.153204,0.134844,0.029201,0.027839,LMT,21
2020-02-14,0.541126,0.143807,0.129725,0.016309,0.031089,LMT,21
2020-02-18,0.584035,0.152504,0.130912,0.026437,0.02864,LMT,21
2020-02-19,0.59556,0.223171,0.134191,0.030928,0.023148,LMT,21
2020-02-20,0.6131,0.216001,0.135204,0.027895,0.037345,LMT,21
2020-02-21,0.636683,0.199718,0.136647,0.031106,0.042672,LMT,21
2020-02-24,0.647954,0.20955,0.158564,0.069235,0.047378,LMT,21
2020-02-25,0.687951,0.214202,0.171545,0.075532,0.064125,LMT,21
2020-02-26,0.697256,0.216751,0.171535,0.07312,0.057719,LMT,21
2020-02-27,0.72234,0.218865,0.170087,0.153676,0.050274,LMT,21
2020-02-28,0.723418,0.218192,0.181064,0.192739,0.125084,LMT,21
2020-03-02,0.71349,0.208814,0.180919,0.059773,0.092907,LMT,21
2020-03-03,0.711378,0.215809,0.186873,0.083309,0.104627,LMT,21
2020-03-04,0.710365,0.20849,0.190959,-0.00341,0.075749,LMT,21
2020-03-05,0.70666,0.227236,0.181039,0.10262,0.114112,LMT,21
2020-03-06,0.702145,0.225498,0.189648,0.102029,0.137591,LMT,21
2020-03-09,0.701861,0.235757,0.179739,0.224113,0.113138,LMT,21
2020-03-10,0.698946,0.232585,0.183261,0.099066,0.136544,LMT,21
2020-03-11,0.695355,0.238196,0.184691,0.170616,0.153217,LMT,21
2020-03-12,0.665329,0.257128,0.180473,0.371523,0.113389,LMT,21
2020-03-13,0.638601,0.247698,0.17259,0.102953,0.187963,LMT,21
2020-03-16,0.605421,0.263741,0.159528,0.321586,0.244793,LMT,21
2020-03-17,0.577957,0.263579,0.160551,0.146193,0.249944,LMT,21
2020-03-18,0.539581,0.523999,0.189209,0.161037,0.252999,LMT,21
2020-03-19,0.53348,0.532072,0.190288,0.097132,0.193834,LMT,21
2020-03-20,0.52648,0.542057,0.209288,0.146499,0.103034,LMT,21
2020-03-23,0.499459,0.534628,0.208034,0.057837,0.105221,LMT,21
2020-03-24,0.485471,0.506816,0.205148,-0.05841,0.144817,LMT,21
2020-03-25,0.420567,0.448969,0.203693,-0.097451,0.149642,LMT,21
2020-03-26,0.400027,0.436256,0.202347,-0.156907,0.145043,LMT,21
2020-03-27,0.346973,0.453877,0.20387,-0.081571,0.182822,LMT,21
2020-03-30,0.344409,0.433715,0.20462,-0.178438,0.173442,LMT,21
2020-03-31,0.343345,0.425938,0.205664,-0.188695,0.128625,LMT,21
2020-04-01,0.327997,0.420999,0.203469,-0.180256,0.155455,LMT,21
2020-04-02,0.324414,0.407736,0.20217,-0.211478,0.140029,LMT,21
2020-04-03,0.326399,0.395883,0.205178,-0.208774,0.112275,LMT,21
2020-04-06,0.326313,0.387759,0.187895,-0.238605,0.128114,LMT,21
2020-04-07,0.308675,0.388009,0.185344,-0.192602,0.105554,LMT,21
2020-04-08,0.295631,0.384274,0.187782,-0.219376,0.110309,LMT,21
2020-04-09,0.285297,0.36499,0.18829,-0.247522,0.118378,LMT,21
2020-04-13,0.28698,0.350741,0.169543,-0.209319,0.133486,LMT,21
2020-04-14,0.282118,0.318398,0.170774,-0.214269,0.122363,LMT,21
2020-04-15,0.281443,0.329097,0.15982,-0.160577,0.130253,LMT,21
2020-04-16,0.27975,0.322885,0.208419,-0.128332,0.114287,LMT,21
2020-04-17,0.282572,0.305515,0.180633,-0.136829,0.115643,LMT,21
2020-04-20,0.276347,0.32679,0.210722,-0.0464,0.06967,LMT,21
2020-04-21,0.251239,0.324332,0.223462,-0.034326,0.061991,LMT,21
2020-04-22,0.247991,0.318711,0.208824,-0.052289,0.071228,LMT,21
2020-04-23,0.245824,0.310031,0.204918,-0.050982,0.054173,LMT,21
2020-04-24,0.237889,0.307116,0.217409,-0.031658,0.047303,LMT,21
2020-04-27,0.245173,0.299529,0.213851,-0.022994,0.047071,LMT,21
2020-04-28,0.243435,0.276617,0.189685,-0.01781,0.079427,LMT,21
2020-04-29,0.234124,0.291909,0.199841,-0.008465,0.057966,LMT,21
2020-04-30,0.22979,0.280933,0.177082,0.002116,0.019841,LMT,21
2020-05-01,0.229835,0.280737,0.182499,0.022765,0.029587,LMT,21
2020-05-04,0.227802,0.277558,0.18501,0.000289,0.069461,LMT,21
2020-05-05,0.22359,0.29308,0.197483,0.024677,0.070129,LMT,21
2020-05-06,0.22725,0.278125,0.192175,0.02759,0.06349,LMT,21
2020-05-07,0.226789,0.270574,0.194113,0.030368,0.065975,LMT,21
2020-05-08,0.226291,0.263994,0.196124,0.021466,0.070806,LMT,21
2020-05-11,0.225878,0.259747,0.197647,0.018777,0.063943,LMT,21
2020-05-12,0.228321,0.280523,0.214469,0.038515,0.065216,LMT,21
2020-05-13,0.240772,0.28146,0.210384,0.059938,0.082549,LMT,21
2020-05-14,0.24229,0.238125,0.206805,0.041053,0.065306,LMT,21
2020-05-15,0.2501,0.245828,0.21803,0.043159,0.083173,LMT,21
2020-05-18,0.241711,0.243814,0.211916,0.019374,0.088056,LMT,21
2020-05-19,0.235877,0.244461,0.210355,0.046883,0.075912,LMT,21
2020-05-20,0.233187,0.226203,0.173835,0.069528,0.066959,LMT,21
2020-05-21,0.233496,0.210011,0.160047,0.051421,0.073885,LMT,21
2020-05-22,0.234044,0.215301,0.163564,0.055184,0.097252,LMT,21
2020-05-26,0.238803,0.211714,0.165617,0.069156,0.070224,LMT,21
2020-05-27,0.238089,0.202746,0.158181,0.030255,0.069953,LMT,21
2020-05-28,0.249726,0.209009,0.157336,0.057219,0.036002,LMT,21
2020-05-29,0.245103,0.205538,0.153429,0.067287,0.043099,LMT,21
2020-06-01,0.24365,0.202849,0.145518,0.05837,0.033095,LMT,21
2020-06-02,0.243963,0.204044,0.151974,0.060635,0.05549,LMT,21
2020-06-03,0.241907,0.205506,0.153856,0.06446,0.042611,LMT,21
2020-06-04,0.242068,0.19133,0.138987,0.047173,0.029842,LMT,21
2020-06-05,0.238859,0.192031,0.140392,0.041875,0.04469,LMT,21
2020-06-08,0.243069,0.197166,0.141039,0.046342,0.033004,LMT,21
2020-06-09,0.247303,0.190135,0.13588,0.052977,0.054035,LMT,21
2020-06-10,0.247612,0.196828,0.145797,0.069885,0.041188,LMT,21
2020-06-11,0.24428,0.233911,0.17005,0.163656,0.076522,LMT,21
2020-06-12,0.226765,0.23738,0.200125,0.138694,0.082474,LMT,21
2020-06-15,0.219725,0.243856,0.199263,0.122562,0.06966,LMT,21
2020-06-16,0.21084,0.264555,0.200315,0.110528,0.104219,LMT,21
2020-06-17,0.205939,0.269377,0.198032,0.144599,0.105653,LMT,21
2020-06-18,0.206968,0.258384,0.194956,0.116773,0.105974,LMT,21
2020-06-19,0.209547,0.219247,0.16852,0.124605,0.064578,LMT,21
2020-06-22,0.218803,0.230559,0.184365,0.111035,0.090539,LMT,21
2020-06-23,0.219983,0.225703,0.1793,0.107448,0.075565,LMT,21
2020-06-24,0.221179,0.247281,0.17968,0.129431,0.035414,LMT,21
2020-06-25,0.215262,0.24433,0.17913,0.109529,0.044437,LMT,21
2020-06-26,0.203885,0.249166,0.18076,0.120519,0.025018,LMT,21
2020-06-29,0.204035,0.233094,0.184379,0.099641,0.039144,LMT,21
2020-06-30,0.203872,0.226565,0.190852,0.097953,0.051001,LMT,21
2020-07-01,0.205737,0.227712,0.186111,0.099252,0.045699,LMT,21
2020-07-02,0.207765,0.216513,0.183677,0.062648,0.045865,LMT,21
2020-07-06,0.206737,0.207205,0.180056,0.06418,0.034978,LMT,21
2020-07-07,0.206079,0.218196,0.194633,0.094291,0.056229,LMT,21
2020-07-08,0.20048,0.200824,0.167522,0.061963,0.043873,LMT,21
2020-07-09,0.19726,0.217336,0.186602,0.09176,0.02445,LMT,21
2020-07-10,0.196319,0.210202,0.177996,0.079752,0.009571,LMT,21
2020-07-13,0.194124,0.222693,0.180609,0.126008,-0.011283,LMT,21
2020-07-14,0.194797,0.223234,0.18378,0.148335,0.04152,LMT,21
2020-07-15,0.197526,0.193306,0.171815,0.103911,-0.035512,LMT,21
2020-07-16,0.196317,0.190231,0.177196,0.131673,-0.022658,LMT,21
2020-07-17,0.196032,0.178167,0.156558,0.102999,-0.01825,LMT,21
2020-07-20,0.193311,0.175494,0.15691,0.098093,-0.007357,LMT,21
2020-07-21,0.187255,0.162152,0.149411,0.059803,0.006183,LMT,21
2020-07-22,0.176235,0.181752,0.154017,0.07024,-0.006186,LMT,21
2020-07-23,0.172925,0.186487,0.16378,0.075605,-0.027565,LMT,21
2020-07-24,0.163831,0.181292,0.15273,0.059351,-0.018314,LMT,21
2020-07-27,0.171478,0.172348,0.149143,0.06237,-0.01523,LMT,21
2020-07-28,0.170713,0.16807,0.150241,0.069588,-0.050856,LMT,21
2020-07-29,0.169906,0.160644,0.148111,0.052581,-0.036699,LMT,21
2020-07-30,0.169086,0.167875,0.154126,0.074901,-0.067069,LMT,21
2020-07-31,0.166536,0.172574,0.149504,0.080773,-0.063086,LMT,21
2020-08-03,0.162273,0.170938,0.15046,0.082948,-0.014024,LMT,21
2020-08-04,0.170357,0.167332,0.145597,0.084034,-0.041811,LMT,21
2020-08-05,0.188928,0.159003,0.138743,0.06308,-0.035311,LMT,21
2020-08-06,0.20039,0.156401,0.141091,0.071735,-0.014983,LMT,21
2020-08-07,0.200299,0.152866,0.14058,0.063496,-0.012064,LMT,21
2020-08-10,0.205049,0.164571,0.145914,0.070884,0.016243,LMT,21
2020-08-11,0.205503,0.169009,0.149141,0.083751,0.041127,LMT,21
2020-08-12,0.2076,0.159585,0.149035,0.081163,0.010557,LMT,21
2020-08-13,0.20533,0.15312,0.142486,0.072134,0.020853,LMT,21
2020-08-14,0.20943,0.151743,0.150905,0.067739,0.055247,LMT,21
2020-08-17,0.211501,0.143761,0.137129,0.03338,0.033744,LMT,21
2020-08-18,0.216659,0.145959,0.139573,0.042045,0.044587,LMT,21
2020-08-19,0.21777,0.1437,0.141662,0.03879,0.055012,LMT,21
2020-08-20,0.224025,0.145536,0.14263,0.057428,0.032297,LMT,21
2020-08-21,0.230899,0.143357,0.136815,0.054358,0.017301,LMT,21
2020-08-24,0.240083,0.140945,0.137249,0.042692,0.003492,LMT,21
2020-08-25,0.238559,0.145187,0.14112,0.063427,0.032859,LMT,21
2020-08-26,0.241418,0.148718,0.141454,0.083233,0.029067,LMT,21
2020-08-27,0.243361,0.151956,0.148958,0.09589,0.04896,LMT,21
2020-08-28,0.244436,0.155615,0.143697,0.107511,0.035026,LMT,21
2020-08-31,0.245894,0.179476,0.164775,0.140501,0.047398,LMT,21
2020-09-01,0.253769,0.171196,0.157627,0.140269,0.003952,LMT,21
2020-09-02,0.252461,0.157701,0.141605,0.106665,-0.006662,LMT,21
2020-09-03,0.240146,0.174478,0.152695,0.095531,0.02974,LMT,21
2020-09-04,0.231408,0.17724,0.151182,0.095722,0.01212,LMT,21
2020-09-08,0.229289,0.186424,0.160014,0.088697,0.02641,LMT,21
2020-09-09,0.226188,0.19566,0.169846,0.08857,0.057046,LMT,21
2020-09-10,0.221717,0.186058,0.161859,0.061147,0.049104,LMT,21
2020-09-11,0.221705,0.187484,0.16618,0.067402,0.068035,LMT,21
2020-09-14,0.221606,0.188086,0.161848,0.075634,0.044765,LMT,21
2020-09-15,0.22015,0.181151,0.160066,0.039213,0.04625,LMT,21
2020-09-16,0.217756,0.185303,0.162582,0.065277,0.052806,LMT,21
2020-09-17,0.21252,0.175703,0.168054,0.059423,0.068475,LMT,21
2020-09-18,0.21551,0.175883,0.16698,0.066581,0.059368,LMT,21
2020-09-21,0.217012,0.206347,0.188668,0.084384,0.067097,LMT,21
2020-09-22,0.216729,0.202071,0.18771,0.069309,0.080966,LMT,21
2020-09-23,0.208391,0.216222,0.205086,0.082553,0.097351,LMT,21
2020-09-24,0.20574,0.219235,0.196313,0.096764,0.074249,LMT,21
2020-09-25,0.203936,0.224122,0.197627,0.071288,0.107838,LMT,21
2020-09-28,0.203262,0.222336,0.196338,0.066354,0.108955,LMT,21
2020-09-29,0.207571,0.225788,0.197631,0.066713,0.122709,LMT,21
2020-09-30,0.208891,0.204241,0.177855,0.042603,0.122758,LMT,21
2020-10-01,0.205486,0.209635,0.193508,0.060809,0.098635,LMT,21
2020-10-02,0.207068,0.214483,0.193833,0.085831,0.052132,LMT,21
2020-10-05,0.209843,0.20623,0.186675,0.085116,0.062072,LMT,21
2020-10-06,0.220876,0.213269,0.196646,0.119714,0.062691,LMT,21
2020-10-07,0.228131,0.213416,0.194825,0.117246,0.061314,LMT,21
2020-10-08,0.228462,0.208912,0.194407,0.118133,0.064782,LMT,21
2020-10-09,0.238591,0.187822,0.177694,0.085318,0.095369,LMT,21
2020-10-12,0.240235,0.188797,0.179072,0.068599,0.115947,LMT,21
2020-10-13,0.242723,0.195029,0.193235,0.104892,0.125821,LMT,21
2020-10-14,0.240257,0.192539,0.191948,0.09671,0.10826,LMT,21
2020-10-15,0.240349,0.184925,0.183768,0.0867,0.084124,LMT,21
2020-10-16,0.241268,0.182945,0.170468,0.064996,0.080666,LMT,21
2020-10-19,0.239186,0.199784,0.189449,0.108972,0.115425,LMT,21
2020-10-20,0.23389,0.206078,0.185823,0.099226,0.053011,LMT,21
2020-10-21,0.229024,0.205023,0.187331,0.090186,0.054918,LMT,21
2020-10-22,0.229861,0.188971,0.177445,0.089579,0.048746,LMT,21
2020-10-23,0.227672,0.184655,0.17077,0.079457,0.047042,LMT,21
2020-10-26,0.224378,0.200736,0.184434,0.107189,0.090721,LMT,21
2020-10-27,0.223746,0.204909,0.182718,0.118744,0.088058,LMT,21
2020-10-28,0.218238,0.234303,0.189497,0.163139,0.106176,LMT,21
2020-10-29,0.217461,0.218377,0.188469,0.133263,0.086152,LMT,21
2020-10-30,0.216335,0.217166,0.178741,0.129373,0.053489,LMT,21
2020-11-02,0.21085,0.221527,0.188657,0.141006,0.058737,LMT,21
2020-11-03,0.211116,0.212007,0.195422,0.127197,0.057703,LMT,21
2020-11-04,0.198823,0.209199,0.19146,0.093479,0.041322,LMT,21
2020-11-05,0.191742,0.198158,0.191747,0.06492,0.085579,LMT,21
2020-11-06,0.19007,0.198263,0.16824,0.069829,0.011532,LMT,21
2020-11-09,0.179051,0.188491,0.1765,0.035202,0.030136,LMT,21
2020-11-10,0.180507,0.1857,0.181074,0.033921,0.0797,LMT,21
2020-11-11,0.179755,0.182988,0.166259,0.022833,0.037487,LMT,21
2020-11-12,0.181765,0.192271,0.183289,0.040221,0.049898,LMT,21
2020-11-13,0.180644,0.177745,0.166734,-0.000805,0.086188,LMT,21
2020-11-16,0.179895,0.176259,0.164056,-0.003877,0.084262,LMT,21
2020-11-17,0.179994,0.175177,0.160916,-0.000145,0.065385,LMT,21
2020-11-18,0.178449,0.170168,0.160954,-0.000161,0.046505,LMT,21
2020-11-19,0.180761,0.163279,0.164092,-0.001228,0.06953,LMT,21
2020-11-20,0.176715,0.178189,0.163539,0.031875,0.041066,LMT,21
2020-11-23,0.178076,0.170696,0.166859,0.0174,0.064397,LMT,21
2020-11-24,0.177245,0.167354,0.153008,-0.003404,0.038192,LMT,21
2020-11-25,0.178432,0.166077,0.153511,0.00437,0.026986,LMT,21
2020-11-27,0.180501,0.160656,0.152983,0.014817,0.025366,LMT,21
2020-11-30,0.175126,0.166282,0.157987,0.02453,0.062722,LMT,21
2020-12-01,0.16913,0.161197,0.155149,0.032604,0.043163,LMT,21
2020-12-02,0.181613,0.164603,0.154908,0.036924,0.041982,LMT,21
2020-12-03,0.179267,0.164581,0.15025,0.033295,0.04275,LMT,21
2020-12-04,0.185223,0.162852,0.155216,0.039967,0.061623,LMT,21
2020-12-07,0.187829,0.166442,0.158596,0.062147,0.036569,LMT,21
2020-12-08,0.192115,0.164686,0.15325,0.061947,0.026825,LMT,21
2020-12-09,0.192171,0.164724,0.14979,0.072105,0.02697,LMT,21
2020-12-10,0.189075,0.162877,0.153091,0.075708,0.02027,LMT,21
2020-12-11,0.191096,0.165193,0.157353,0.072446,0.016288,LMT,21
2020-12-14,0.194225,0.167187,0.155739,0.079077,0.024567,LMT,21
2020-12-15,0.196898,0.16589,0.151403,0.067762,0.04266,LMT,21
2020-12-16,0.198445,0.170917,0.157634,0.080262,0.020256,LMT,21
2020-12-17,0.198089,0.161125,0.148199,0.063443,0.011263,LMT,21
2020-12-18,0.196402,0.161465,0.151528,0.070355,0.02677,LMT,21
2020-12-21,0.193772,0.168661,0.150063,0.083789,0.016388,LMT,21
2020-12-22,0.2014,0.170646,0.149435,0.089139,0.002948,LMT,21
2020-12-23,0.213566,0.181452,0.150533,0.093346,0.010229,LMT,21
2020-12-24,0.216742,0.158853,0.144619,0.06401,0.038156,LMT,21
2020-12-28,0.218103,0.171558,0.155507,0.080995,0.03301,LMT,21
2020-12-29,0.219138,0.190958,0.158617,0.089165,0.023888,LMT,21
2020-12-30,0.222223,0.166729,0.15473,0.084329,0.023197,LMT,21
2020-12-31,0.226997,0.173418,0.153877,0.089168,0.02493,LMT,21
2021-01-04,0.21769,0.200925,0.185619,0.116389,0.026974,LMT,21
2021-01-05,0.215873,0.194324,0.173908,0.100169,0.034547,LMT,21
2021-01-06,0.210789,0.203896,0.165224,0.109434,0.030093,LMT,21
2021-01-07,0.208179,0.20399,0.165551,0.084563,0.018559,LMT,21
2021-01-08,0.208899,0.201206,0.167012,0.086003,0.033008,LMT,21
2021-01-11,0.207997,0.204997,0.17317,0.088475,0.031548,LMT,21
2021-01-12,0.208352,0.210178,0.170377,0.096098,0.01022,LMT,21
2021-01-13,0.204035,0.20272,0.16759,0.077676,0.023681,LMT,21
2021-01-14,0.199658,0.20745,0.166289,0.082166,0.005998,LMT,21
2021-01-15,0.199884,0.200309,0.162631,0.068871,0.015696,LMT,21
2021-01-19,0.199197,0.204809,0.16336,0.072045,0.010319,LMT,21
2021-01-20,0.197162,0.197496,0.159898,0.064799,0.016021,LMT,21
2021-01-21,0.20425,0.192205,0.159943,0.071685,0.017051,LMT,21
2021-01-22,0.211828,0.188488,0.155246,0.07275,0.005557,LMT,21
2021-01-25,0.20738,0.203193,0.164567,0.082484,0.037105,LMT,21
2021-01-26,0.198668,0.203854,0.16132,0.078191,0.001167,LMT,21
2021-01-27,0.197756,0.236201,0.181487,0.131081,0.017507,LMT,21
2021-01-28,0.19506,0.211333,0.15361,0.070074,0.016189,LMT,21
2021-01-29,0.194893,0.212716,0.145622,0.085627,0.005416,LMT,21
2021-02-01,0.197607,0.195567,0.155767,0.055506,0.034547,LMT,21
2021-02-02,0.203684,0.184771,0.146835,0.026966,0.015167,LMT,21
2021-02-03,0.204554,0.19625,0.154052,0.058157,0.007438,LMT,21
2021-02-04,0.207376,0.181296,0.143686,0.040447,0.021763,LMT,21
2021-02-05,0.207375,0.162256,0.127853,0.033576,0.017226,LMT,21
2021-02-08,0.211973,0.160596,0.128701,0.038682,0.00976,LMT,21
2021-02-09,0.208716,0.160663,0.128423,0.031247,0.011911,LMT,21
2021-02-10,0.209314,0.156392,0.130612,0.030165,0.030073,LMT,21
2021-02-11,0.205803,0.158841,0.129621,0.038538,0.016506,LMT,21
2021-02-12,0.20914,0.152308,0.124702,0.03585,0.018805,LMT,21
2021-02-16,0.213319,0.167138,0.131223,0.05284,0.005868,LMT,21
2021-02-17,0.211426,0.16769,0.131067,0.05779,0.023067,LMT,21
2021-02-18,0.217326,0.165653,0.132837,0.056136,0.018379,LMT,21
2021-02-19,0.218508,0.157225,0.130837,0.054906,0.016616,LMT,21
2021-02-22,0.213407,0.179951,0.137887,0.069402,-0.002902,LMT,21
2021-02-23,0.209845,0.158719,0.127749,0.041775,0.013471,LMT,21
2021-02-24,0.208867,0.170274,0.129593,0.051017,-0.003082,LMT,21
2021-02-25,0.204652,0.183341,0.13335,0.078151,0.000106,LMT,21
2021-02-26,0.204795,0.176827,0.129914,0.082424,-0.027242,LMT,21
2021-03-01,0.204329,0.156639,0.125602,0.051269,0.018277,LMT,21
2021-03-02,0.202981,0.167165,0.139689,0.041619,0.005073,LMT,21
2021-03-03,0.197499,0.179035,0.156525,0.057772,0.020978,LMT,21
2021-03-04,0.187771,0.174468,0.146966,0.042915,0.032915,LMT,21
2021-03-05,0.184129,0.180559,0.148478,0.049161,0.024631,LMT,21
2021-03-08,0.178364,0.180379,0.148661,0.047422,0.012917,LMT,21
2021-03-09,0.181402,0.177743,0.141874,0.043995,0.022077,LMT,21
2021-03-10,0.178299,0.170554,0.138914,0.030692,0.015138,LMT,21
2021-03-11,0.17676,0.166177,0.139073,0.028694,0.011501,LMT,21
2021-03-12,0.174762,0.166985,0.139096,0.033274,0.002635,LMT,21
2021-03-15,0.174758,0.163349,0.137786,0.031312,0.004327,LMT,21
2021-03-16,0.170039,0.159065,0.13825,0.019018,0.015143,LMT,21
2021-03-17,0.163172,0.163636,0.140615,0.024689,-0.001894,LMT,21
2021-03-18,0.163492,0.164287,0.139753,0.026151,0.006949,LMT,21
2021-03-19,0.158562,0.165029,0.140877,0.015369,0.011591,LMT,21
2021-03-22,0.160604,0.157429,0.135841,-0.00714,0.01013,LMT,21
2021-03-23,0.160195,0.163069,0.134219,0.011251,0.019253,LMT,21
2021-03-24,0.155169,0.158061,0.133573,0.005306,0.023554,LMT,21
2021-03-25,0.153727,0.168133,0.141887,0.01832,0.018489,LMT,21
2021-03-26,0.151925,0.16499,0.13842,0.019264,0.022258,LMT,21
2021-03-29,0.147516,0.179758,0.145169,0.037654,0.021706,LMT,21
2021-03-30,0.147944,0.161597,0.145918,0.009981,0.028389,LMT,21
2021-03-31,0.146471,0.166873,0.146191,0.022607,0.024928,LMT,21
2021-04-01,0.147916,0.15992,0.137842,0.01223,0.016589,LMT,21
2021-04-05,0.147173,0.161912,0.146319,0.025908,0.023291,LMT,21
2021-04-06,0.150357,0.162251,0.144338,0.027741,0.018407,LMT,21
2021-04-07,0.149366,0.161144,0.141578,0.030427,0.026435,LMT,21
2021-04-08,0.147165,0.158407,0.144603,0.029474,0.00914,LMT,21
2021-04-09,0.145209,0.158247,0.141804,0.025603,0.017804,LMT,21
2021-04-12,0.148691,0.158372,0.132048,0.038328,0.013239,LMT,21
2021-04-13,0.154881,0.154857,0.129945,0.031234,0.009059,LMT,21
2021-04-14,0.16059,0.156671,0.131558,0.031142,0.016104,LMT,21
2021-04-15,0.160157,0.158038,0.130776,0.033847,0.008549,LMT,21
2021-04-16,0.158882,0.154739,0.13076,0.032096,0.0029,LMT,21
2021-04-19,0.159386,0.155166,0.133705,0.032733,0.008815,LMT,21
2021-04-20,0.1559,0.152734,0.13145,0.033117,0.022288,LMT,21
2021-04-21,0.152679,0.153549,0.130196,0.027456,0.017373,LMT,21
2021-04-22,0.153157,0.156089,0.130775,0.029305,0.010084,LMT,21
2021-04-23,0.151019,0.160967,0.129722,0.024915,0.020994,LMT,21
2021-04-26,0.150634,0.156049,0.130057,0.02998,0.01441,LMT,21
2021-04-27,0.150339,0.146869,0.124741,0.028926,0.009821,LMT,21
2021-04-28,0.150935,0.13845,0.124646,0.029425,0.010872,LMT,21
2021-04-29,0.148983,0.136725,0.124134,0.030782,0.021408,LMT,21
2021-04-30,0.147516,0.136435,0.125101,0.035111,0.007332,LMT,21
2021-05-03,0.145613,0.139053,0.12539,0.034443,0.013154,LMT,21
2021-05-04,0.142628,0.140391,0.120677,0.041176,0.018086,LMT,21
2021-05-05,0.142515,0.140869,0.119392,0.024873,0.023451,LMT,21
2021-05-06,0.144804,0.140553,0.11948,0.029667,0.021502,LMT,21
2021-05-07,0.143144,0.142389,0.119265,0.020535,0.021452,LMT,21
2021-05-10,0.140827,0.154643,0.122245,0.050697,0.025165,LMT,21
2021-05-11,0.136053,0.163759,0.123659,0.05645,0.030435,LMT,21
2021-05-12,0.129,0.204288,0.144178,0.100673,0.032581,LMT,21
2021-05-13,0.120905,0.19512,0.142849,0.071706,0.03601,LMT,21
2021-05-14,0.120388,0.162227,0.137073,0.048171,0.022689,LMT,21
2021-05-17,0.122306,0.162019,0.130502,0.04509,0.023762,LMT,21
2021-05-18,0.121965,0.179501,0.136718,0.050531,0.020353,LMT,21
2021-05-19,0.120289,0.181529,0.135833,0.056936,0.034215,LMT,21
2021-05-20,0.122328,0.146159,0.127925,0.045829,0.038569,LMT,21
2021-05-21,0.118582,0.139986,0.122919,0.031815,0.01706,LMT,21
2021-05-24,0.118188,0.139669,0.12228,0.028855,0.025157,LMT,21
2021-05-25,0.116883,0.142663,0.124074,0.03313,0.011785,LMT,21
2021-05-26,0.118526,0.133497,0.1189,0.028963,0.013649,LMT,21
2021-05-27,0.118567,0.131576,0.116816,0.019815,0.022334,LMT,21
2021-05-28,0.119326,0.131596,0.117955,0.019172,0.021398,LMT,21
2021-06-01,0.122115,0.132116,0.116346,0.020436,0.009621,LMT,21
2021-06-02,0.12084,0.133394,0.114883,0.026615,0.012359,LMT,21
2021-06-03,0.122256,0.130522,0.113639,0.023146,0.014069,LMT,21
2021-06-04,0.124253,0.134359,0.113716,0.03981,-0.004697,LMT,21
2021-06-07,0.125201,0.134376,0.116852,0.037503,0.013228,LMT,21
2021-06-08,0.123675,0.134961,0.115923,0.031233,0.003603,LMT,21
2021-06-09,0.123798,0.137865,0.115685,0.028623,0.013427,LMT,21
2021-06-10,0.129184,0.138101,0.115468,0.02834,0.010165,LMT,21
2021-06-11,0.128295,0.138535,0.115394,0.037725,0.014468,LMT,21
2021-06-14,0.128111,0.13773,0.114157,0.044195,0.018163,LMT,21
2021-06-15,0.127695,0.140956,0.120542,0.057057,0.025483,LMT,21
2021-06-16,0.127414,0.143282,0.121865,0.056139,0.026651,LMT,21
2021-06-17,0.135025,0.139787,0.118618,0.052026,0.013167,LMT,21
2021-06-18,0.136903,0.168477,0.120377,0.066463,0.019847,LMT,21
2021-06-21,0.137723,0.17226,0.120783,0.063696,0.034799,LMT,21
2021-06-22,0.137157,0.145898,0.118996,0.058962,0.009048,LMT,21
2021-06-23,0.136403,0.147165,0.117638,0.062541,0.021195,LMT,21
2021-06-24,0.142269,0.13529,0.120408,0.060962,0.011305,LMT,21
2021-06-25,0.142181,0.130633,0.116244,0.054219,0.017067,LMT,21
2021-06-28,0.14388,0.134604,0.122502,0.058833,0.013983,LMT,21
2021-06-29,0.14355,0.163077,0.124441,0.065572,0.006434,LMT,21
2021-06-30,0.142096,0.174465,0.129439,0.066246,0.00142,LMT,21
2021-07-01,0.146269,0.138677,0.123719,0.056806,0.023573,LMT,21
2021-07-02,0.146052,0.134897,0.118368,0.048661,0.028776,LMT,21
2021-07-06,0.144022,0.175376,0.130593,0.069181,0.023999,LMT,21
2021-07-07,0.140648,0.184516,0.133952,0.067299,0.029682,LMT,21
2021-07-08,0.139934,0.199418,0.134801,0.086534,0.044172,LMT,21
2021-07-09,0.139167,0.184727,0.131495,0.069211,0.02911,LMT,21
2021-07-12,0.133373,0.180237,0.130075,0.06429,0.030683,LMT,21
2021-07-13,0.133806,0.173821,0.127545,0.062982,0.022119,LMT,21
2021-07-14,0.136609,0.186623,0.130865,0.065973,0.026449,LMT,21
2021-07-15,0.137191,0.190794,0.130394,0.061087,0.034306,LMT,21
2021-07-16,0.137928,0.188095,0.130203,0.071719,0.030185,LMT,21
2021-07-19,0.126855,0.201675,0.140894,0.101996,0.045962,LMT,21
2021-07-20,0.12504,0.177062,0.131141,0.074726,0.038324,LMT,21
2021-07-21,0.127828,0.178449,0.131332,0.057928,0.034819,LMT,21
2021-07-22,0.129883,0.186043,0.130449,0.05477,0.039007,LMT,21
2021-07-23,0.13044,0.153885,0.131069,0.053634,0.040007,LMT,21
2021-07-26,0.124006,0.162306,0.129393,0.048916,0.011871,LMT,21
2021-07-27,0.121544,0.152556,0.127782,0.037681,0.030081,LMT,21
2021-07-28,0.120623,0.150678,0.128243,0.036616,0.033306,LMT,21
2021-07-29,0.119316,0.143624,0.127909,0.03022,0.01927,LMT,21
2021-07-30,0.117992,0.14002,0.126669,0.030085,0.032085,LMT,21
2021-08-02,0.112708,0.139597,0.129853,0.028075,0.033522,LMT,21
2021-08-03,0.11109,0.140386,0.127318,0.028654,0.029293,LMT,21
2021-08-04,0.107459,0.161021,0.131273,0.047771,0.018039,LMT,21
2021-08-05,0.106625,0.137424,0.126001,0.03118,0.021677,LMT,21
2021-08-06,0.106736,0.135799,0.122324,0.025831,0.014388,LMT,21
2021-08-09,0.108885,0.134188,0.117757,0.026692,0.027616,LMT,21
2021-08-10,0.110597,0.134978,0.121875,0.039315,0.014905,LMT,21
2021-08-11,0.110266,0.134831,0.120104,0.039509,0.014027,LMT,21
2021-08-12,0.114216,0.130984,0.116176,0.031513,0.015829,LMT,21
2021-08-13,0.117595,0.130842,0.115724,0.025597,0.020085,LMT,21
2021-08-16,0.115424,0.138154,0.118108,0.037248,0.026537,LMT,21
2021-08-17,0.116688,0.152064,0.118365,0.053664,0.024065,LMT,21
2021-08-18,0.117663,0.153536,0.11911,0.061343,0.02414,LMT,21
2021-08-19,0.114878,0.159749,0.119431,0.069413,0.032662,LMT,21
2021-08-20,0.114533,0.138759,0.116926,0.051995,0.015169,LMT,21
2021-08-23,0.116916,0.124976,0.113689,0.03935,0.024529,LMT,21
2021-08-24,0.117774,0.124935,0.114238,0.04637,0.030938,LMT,21
2021-08-25,0.122494,0.12365,0.113802,0.046495,0.028858,LMT,21
2021-08-26,0.125725,0.14444,0.121433,0.066778,0.025391,LMT,21
2021-08-27,0.129466,0.123957,0.114626,0.050294,0.02547,LMT,21
2021-08-30,0.138635,0.144326,0.120087,0.061562,0.025002,LMT,21
2021-08-31,0.141415,0.129251,0.115903,0.061101,0.02917,LMT,21
2021-09-01,0.148539,0.127702,0.115475,0.060031,0.028717,LMT,21
2021-09-02,0.153866,0.126493,0.114074,0.060801,0.016777,LMT,21
2021-09-03,0.157968,0.126497,0.112063,0.055436,0.02017,LMT,21
2021-09-07,0.161151,0.147982,0.118958,0.073893,0.023394,LMT,21
2021-09-08,0.16121,0.149334,0.119942,0.073279,0.023029,LMT,21
2021-09-09,0.161777,0.150802,0.120342,0.07114,0.025186,LMT,21
2021-09-10,0.163904,0.154069,0.121945,0.078097,0.033129,LMT,21
2021-09-13,0.160225,0.149778,0.118688,0.069789,0.044928,LMT,21
2021-09-14,0.167533,0.151586,0.118364,0.077208,0.045289,LMT,21
2021-09-15,0.168147,0.146209,0.117274,0.071248,0.044962,LMT,21
2021-09-16,0.166668,0.144642,0.12041,0.06835,0.039665,LMT,21
2021-09-17,0.169525,0.143179,0.119627,0.069441,0.034868,LMT,21
2021-09-20,0.171352,0.176624,0.132491,0.123872,0.068366,LMT,21
2021-09-21,0.169347,0.169129,0.127768,0.114159,0.05558,LMT,21
2021-09-22,0.17138,0.152291,0.128818,0.085792,0.046186,LMT,21
2021-09-23,0.172686,0.142561,0.122586,0.070788,0.04152,LMT,21
2021-09-24,0.17,0.143019,0.125391,0.067212,0.048506,LMT,21
2021-09-27,0.223022,0.143439,0.124745,0.064838,0.055837,LMT,21
2021-09-28,0.223802,0.176165,0.137356,0.101569,0.049475,LMT,21
2021-09-29,0.229188,0.166772,0.137096,0.077532,0.049787,LMT,21
2021-09-30,0.229871,0.181537,0.140912,0.088423,0.054828,LMT,21
2021-10-01,0.226666,0.167987,0.139897,0.067246,0.054971,LMT,21
2021-10-04,0.225211,0.184338,0.144578,0.075824,0.055709,LMT,21
2021-10-05,0.2284,0.181288,0.146682,0.06874,0.058948,LMT,21
2021-10-06,0.225991,0.180659,0.148204,0.063975,0.068085,LMT,21
2021-10-07,0.225461,0.165633,0.141308,0.045309,0.045563,LMT,21
2021-10-08,0.227053,0.169199,0.137615,0.038909,0.043881,LMT,21
2021-10-11,0.226458,0.166009,0.135696,0.047955,0.043388,LMT,21
2021-10-12,0.225652,0.168922,0.133426,0.049965,0.044744,LMT,21
2021-10-13,0.219295,0.16697,0.129015,0.032631,0.039869,LMT,21
2021-10-14,0.220132,0.164617,0.129421,0.026856,0.041534,LMT,21
2021-10-15,0.21996,0.139147,0.120487,0.007067,0.037987,LMT,21
2021-10-18,0.21784,0.17628,0.125937,0.015026,0.02182,LMT,21
2021-10-19,0.215045,0.176043,0.131482,0.011257,0.020914,LMT,21
2021-10-20,0.215269,0.179252,0.134642,0.020841,0.029934,LMT,21
2021-10-21,0.213193,0.173729,0.131448,0.012286,0.031203,LMT,21
2021-10-22,0.214395,0.181356,0.136634,0.036754,0.022365,LMT,21
2021-10-25,0.214565,0.164967,0.134056,0.029755,0.038477,LMT,21
2021-10-26,0.155898,0.182621,0.122309,-0.012318,-0.014783,LMT,21
2021-10-27,0.153333,0.162333,0.112517,-0.045474,0.004673,LMT,21
2021-10-28,0.139949,0.165794,0.11404,-0.042777,0.016511,LMT,21
2021-10-29,0.137975,0.198725,0.112519,-0.058977,0.016477,LMT,21
2021-11-01,0.139869,0.224308,0.115366,-0.041527,0.022993,LMT,21
2021-11-02,0.140966,0.224462,0.111815,-0.029212,0.016207,LMT,21
2021-11-03,0.132669,0.203917,0.120342,-0.006891,0.009006,LMT,21
2021-11-04,0.135499,0.14796,0.105615,-0.046478,0.026827,LMT,21
2021-11-05,0.13542,0.140736,0.108958,-0.04754,0.023826,LMT,21
2021-11-08,0.131579,0.152635,0.109992,-0.037079,0.024149,LMT,21
2021-11-09,0.135462,0.143915,0.112348,-0.035926,0.011301,LMT,21
2021-11-10,0.13484,0.139648,0.109629,-0.034604,0.013798,LMT,21
2021-11-11,0.137089,0.132409,0.108418,-0.034896,0.018067,LMT,21
2021-11-12,0.136776,0.13135,0.109933,-0.035289,0.01263,LMT,21
2021-11-15,0.141828,0.128783,0.125526,-0.04416,0.020876,LMT,21
2021-11-16,0.142584,0.129324,0.126482,-0.041873,0.011883,LMT,21
2021-11-17,0.143381,0.131181,0.124076,-0.04502,0.025982,LMT,21
2021-11-18,0.151029,0.130809,0.124437,-0.041514,0.020998,LMT,21
2021-11-19,0.152083,0.130915,0.122278,-0.042866,0.01974,LMT,21
2021-11-22,0.148544,0.137328,0.122131,-0.027912,0.026462,LMT,21
2021-11-23,0.148684,0.161013,0.132885,0.019562,0.039083,LMT,21
2021-11-24,0.147359,0.140779,0.131491,0.037795,0.003818,LMT,21
2021-11-26,0.147818,0.154368,0.127622,0.073033,0.028505,LMT,21
2021-11-29,0.144944,0.136753,0.12815,0.050717,0.024916,LMT,21
2021-11-30,0.144674,0.154468,0.134811,0.082926,0.034314,LMT,21
2021-12-01,0.144047,0.167286,0.148292,0.097585,0.06193,LMT,21
2021-12-02,0.140206,0.151069,0.133288,0.067786,0.035349,LMT,21
2021-12-03,0.144037,0.163303,0.13203,0.132087,0.045645,LMT,21
2021-12-06,0.143349,0.156481,0.12803,0.098407,0.046367,LMT,21
2021-12-07,0.143171,0.139642,0.127035,0.072145,0.031362,LMT,21
2021-12-08,0.145024,0.136251,0.126278,0.067853,0.040333,LMT,21
2021-12-09,0.148555,0.134435,0.127161,0.059461,0.037336,LMT,21
2021-12-10,0.149667,0.138989,0.130365,0.079894,0.041103,LMT,21
2021-12-13,0.151438,0.135572,0.128058,0.055201,0.034597,LMT,21
2021-12-14,0.155002,0.150146,0.139486,0.066934,0.028873,LMT,21
2021-12-15,0.155397,0.150197,0.141699,0.059667,0.039557,LMT,21
2021-12-16,0.158535,0.15258,0.140571,0.084686,0.039524,LMT,21
2021-12-17,0.162546,0.149858,0.137917,0.065848,0.036298,LMT,21
2021-12-20,0.160572,0.157006,0.139014,0.070083,0.040502,LMT,21
2021-12-21,0.164004,0.150385,0.138813,0.049029,0.050574,LMT,21
2021-12-22,0.172396,0.145236,0.136198,0.048207,0.039703,LMT,21
2021-12-23,0.196737,0.140514,0.131839,0.041647,0.037693,LMT,21
2021-12-27,0.20487,0.147561,0.133476,0.055806,0.035797,LMT,21
2021-12-28,0.213505,0.153339,0.140554,0.060783,0.033786,LMT,21
2021-12-29,0.21825,0.15309,0.14121,0.063429,0.026214,LMT,21
2021-12-30,0.219894,0.151898,0.139941,0.058368,0.033271,LMT,21
2021-12-31,0.217966,0.156768,0.143814,0.075094,0.024329,LMT,21
2022-01-03,0.217508,0.15448,0.14279,0.065195,0.033298,LMT,21
2022-01-04,0.216424,0.156573,0.143581,0.067116,0.035345,LMT,21
2022-01-05,0.219404,0.159198,0.145209,0.077506,0.043541,LMT,21
2022-01-06,0.222971,0.164603,0.145949,0.089772,0.047712,LMT,21
2022-01-07,0.224,0.158028,0.142387,0.078789,0.038346,LMT,21
2022-01-10,0.218701,0.168946,0.139857,0.078754,0.040976,LMT,21
2022-01-11,0.225493,0.157445,0.137167,0.071721,0.027198,LMT,21
2022-01-12,0.231029,0.191167,0.147325,0.075096,0.026235,LMT,21
2022-01-13,0.235122,0.191638,0.146447,0.074305,0.031588,LMT,21
2022-01-14,0.238477,0.192125,0.146416,0.076153,0.022066,LMT,21
2022-01-18,0.237264,0.199208,0.149638,0.086535,0.024059,LMT,21
2022-01-19,0.235276,0.189944,0.148422,0.071862,0.02004,LMT,21
2022-01-20,0.232922,0.194505,0.148418,0.081651,0.028585,LMT,21
2022-01-21,0.232632,0.219341,0.14997,0.120956,0.038227,LMT,21
2022-01-24,0.228518,0.21413,0.146974,0.119904,0.031313,LMT,21
2022-01-25,0.218198,0.21114,0.147995,0.068766,0.045328,LMT,21
2022-01-26,0.22745,0.196582,0.123436,0.04821,0.058922,LMT,21
2022-01-27,0.225123,0.189079,0.120551,0.042102,0.043088,LMT,21
2022-01-28,0.232452,0.167333,0.109147,0.010249,0.047383,LMT,21
2022-01-31,0.259554,0.157974,0.105261,-0.012822,0.038282,LMT,21
2022-02-01,0.277439,0.145809,0.103735,-0.019238,0.036943,LMT,21
2022-02-02,0.293816,0.141484,0.101538,-0.029297,0.034796,LMT,21
2022-02-03,0.304398,0.142991,0.104077,-0.008696,0.035277,LMT,21
2022-02-04,0.310853,0.127267,0.10098,-0.029254,0.0238,LMT,21
2022-02-07,0.32882,0.132661,0.103044,-0.028391,0.03046,LMT,21
2022-02-08,0.334879,0.136416,0.100131,-0.036274,0.037914,LMT,21
2022-02-09,0.338328,0.133187,0.099515,-0.040571,0.027582,LMT,21
2022-02-10,0.337074,0.198581,0.122521,-0.030122,0.037001,LMT,21
2022-02-11,0.334587,0.202346,0.12678,0.015629,0.013865,LMT,21
2022-02-14,0.35356,0.19735,0.123477,0.006947,0.022226,LMT,21
2022-02-15,0.351056,0.193302,0.121809,-0.015196,0.02279,LMT,21
2022-02-16,0.358106,0.185252,0.121095,-0.017708,0.020569,LMT,21
2022-02-17,0.365512,0.194801,0.123664,-0.001422,0.023244,LMT,21
2022-02-18,0.368157,0.187921,0.120818,-0.003855,0.025369,LMT,21
2022-02-22,0.366516,0.199597,0.131893,0.017007,0.034567,LMT,21
2022-02-23,0.366874,0.199929,0.131493,0.023845,0.036767,LMT,21
2022-02-24,0.36187,0.189375,0.133755,0.032305,0.041264,LMT,21
2022-02-25,0.352604,0.191579,0.141014,0.017228,0.024986,LMT,21
2022-02-28,0.350472,0.219338,0.149298,0.062396,0.023101,LMT,21
2022-03-01,0.343327,0.250112,0.153359,0.114807,-0.003094,LMT,21
2022-03-02,0.323848,0.249099,0.159286,0.058925,-0.002329,LMT,21
2022-03-03,0.312527,0.250577,0.162074,0.037006,-0.004452,LMT,21
2022-03-04,0.299686,0.258284,0.157341,0.058022,-0.024035,LMT,21
2022-03-07,0.293259,0.261301,0.153525,0.086902,-0.030022,LMT,21
2022-03-08,0.286317,0.250501,0.15719,0.051337,-0.022585,LMT,21
2022-03-09,0.269877,0.255459,0.155822,0.022605,-0.00743,LMT,21
2022-03-10,0.26544,0.253971,0.159327,0.008119,-0.008843,LMT,21
2022-03-11,0.267733,0.278313,0.177344,0.011109,-0.006102,LMT,21
2022-03-14,0.267928,0.27644,0.172896,0.014126,0.000867,LMT,21
2022-03-15,0.266192,0.265622,0.173044,-0.000107,0.009879,LMT,21
2022-03-16,0.234702,0.264072,0.165349,-0.02652,0.017535,LMT,21
2022-03-17,0.241093,0.260689,0.16256,-0.054974,0.025437,LMT,21
2022-03-18,0.244336,0.26113,0.161426,-0.080691,0.023831,LMT,21
2022-03-21,0.233404,0.266038,0.169682,-0.060614,0.005788,LMT,21
2022-03-22,0.234174,0.259585,0.168093,-0.078682,0.005179,LMT,21
2022-03-23,0.241354,0.257196,0.1685,-0.074845,0.012863,LMT,21
2022-03-24,0.246593,0.246206,0.16319,-0.086464,0.015138,LMT,21
2022-03-25,0.248866,0.244696,0.164168,-0.080916,0.016291,LMT,21
2022-03-28,0.256318,0.242055,0.162551,-0.074473,0.016538,LMT,21
2022-03-29,0.25765,0.242168,0.161377,-0.072819,0.014748,LMT,21
2022-03-30,0.26198,0.241862,0.162282,-0.069828,0.027273,LMT,21
2022-03-31,0.266206,0.235711,0.167698,-0.039679,0.022513,LMT,21
2022-04-01,0.26353,0.231691,0.165927,-0.035467,0.022943,LMT,21
2022-04-04,0.263748,0.235246,0.162304,-0.016044,0.023312,LMT,21
2022-04-05,0.260836,0.235973,0.16202,-0.006722,0.028111,LMT,21
2022-04-06,0.259382,0.240184,0.164384,0.019986,0.015975,LMT,21
2022-04-07,0.255805,0.236402,0.165386,0.029421,0.018182,LMT,21
2022-04-08,0.254482,0.235164,0.180276,0.024343,0.025649,LMT,21
2022-04-11,0.250231,0.240043,0.176265,0.041219,0.008318,LMT,21
2022-04-12,0.253978,0.239007,0.17262,0.030646,0.023187,LMT,21
2022-04-13,0.255145,0.236599,0.171881,0.024904,0.026954,LMT,21
2022-04-14,0.256589,0.23309,0.181333,0.046555,0.030632,LMT,21
2022-04-18,0.254967,0.23355,0.180899,0.050065,0.028719,LMT,21
2022-04-19,0.242019,0.225907,0.170417,0.002083,0.022563,LMT,21
2022-04-20,0.250552,0.226661,0.166976,0.013638,0.023378,LMT,21
2022-04-21,0.251045,0.240925,0.172664,0.031015,0.028158,LMT,21
2022-04-22,0.245414,0.249837,0.181107,0.050639,0.025367,LMT,21
2022-04-25,0.238926,0.246968,0.182125,0.046962,0.035184,LMT,21
2022-04-26,0.236325,0.246204,0.185042,0.069586,0.027521,LMT,21
2022-04-27,0.228172,0.24451,0.184258,0.05059,0.03518,LMT,21
2022-04-28,0.225258,0.244803,0.175362,0.037447,0.032359,LMT,21
2022-04-29,0.220977,0.25063,0.175218,0.043046,0.040194,LMT,21
2022-05-02,0.214652,0.248753,0.177861,0.049872,0.039256,LMT,21
2022-05-03,0.221981,0.24685,0.17494,0.039083,0.036169,LMT,21
2022-05-04,0.220856,0.223175,0.148785,-0.003959,0.039383,LMT,21
2022-05-05,0.217097,0.237081,0.161408,0.028551,0.047617,LMT,21
2022-05-06,0.219075,0.22976,0.163748,0.02326,0.049919,LMT,21
2022-05-09,0.218663,0.22535,0.203026,0.053282,0.042984,LMT,21
2022-05-10,0.215393,0.225474,0.202683,0.047714,0.052223,LMT,21
2022-05-11,0.216368,0.226135,0.198905,0.050259,0.046902,LMT,21
2022-05-12,0.208695,0.228974,0.20787,0.055379,0.051769,LMT,21
2022-05-13,0.213021,0.217707,0.19188,0.034136,0.049395,LMT,21
2022-05-16,0.216065,0.218601,0.182441,0.014545,0.047606,LMT,21
2022-05-17,0.213457,0.217442,0.175029,0.002206,0.048367,LMT,21
2022-05-18,0.220093,0.219992,0.192031,0.041439,0.045894,LMT,21
2022-05-19,0.215011,0.22154,0.197821,0.040707,0.046154,LMT,21
2022-05-20,0.212801,0.221492,0.187022,0.033793,0.063493,LMT,21
2022-05-23,0.214963,0.220654,0.187663,0.023518,0.055497,LMT,21
2022-05-24,0.218229,0.220018,0.183545,0.032054,0.054789,LMT,21
2022-05-25,0.217924,0.216819,0.186964,0.031989,0.052492,LMT,21
2022-05-26,0.220302,0.209416,0.172484,0.035172,0.045471,LMT,21
2022-05-27,0.220854,0.195756,0.155597,0.020139,0.044539,LMT,21
2022-05-31,0.22381,0.193191,0.158324,0.030018,0.038407,LMT,21
2022-06-01,0.227943,0.185357,0.14826,0.030701,0.039721,LMT,21
2022-06-02,0.238504,0.199226,0.146371,0.010369,0.03804,LMT,21
2022-06-03,0.242088,0.203193,0.149932,0.011479,0.040108,LMT,21
2022-06-06,0.245473,0.191614,0.150395,0.015606,0.041781,LMT,21
2022-06-07,0.242806,0.193618,0.159079,0.013445,0.040143,LMT,21
2022-06-08,0.241885,0.194005,0.163875,0.02612,0.044455,LMT,21
2022-06-09,0.241857,0.191894,0.167594,0.047536,0.047824,LMT,21
2022-06-10,0.244188,0.203297,0.191772,0.064174,0.045305,LMT,21
2022-06-13,0.245226,0.217183,0.192927,0.09866,0.056728,LMT,21
2022-06-14,0.23743,0.225042,0.197096,0.099458,0.05081,LMT,21
2022-06-15,0.234095,0.21055,0.183179,0.064844,0.04053,LMT,21
2022-06-16,0.244391,0.220555,0.177268,0.080282,0.054316,LMT,21
2022-06-17,0.245451,0.210515,0.169266,0.061833,0.040933,LMT,21
2022-06-21,0.241409,0.20508,0.186072,0.061137,0.042163,LMT,21
2022-06-22,0.240208,0.212256,0.178114,0.070635,0.035593,LMT,21
2022-06-23,0.241604,0.203392,0.174853,0.065947,0.039889,LMT,21
2022-06-24,0.239079,0.195338,0.177663,0.045589,0.04274,LMT,21
2022-06-27,0.238922,0.198013,0.182092,0.050439,0.043697,LMT,21
2022-06-28,0.240414,0.205687,0.180763,0.058878,0.045792,LMT,21
2022-06-29,0.24482,0.218115,0.19156,0.073464,0.047587,LMT,21
2022-06-30,0.249367,0.21317,0.189224,0.06075,0.053153,LMT,21
2022-07-01,0.254653,0.202971,0.177366,0.047101,0.052175,LMT,21
2022-07-05,0.24511,0.232179,0.195216,0.071614,0.058649,LMT,21
2022-07-06,0.242129,0.239844,0.215112,0.065113,0.062471,LMT,21
2022-07-07,0.242188,0.232248,0.208136,0.060936,0.055967,LMT,21
2022-07-08,0.243596,0.229194,0.21108,0.058076,0.049656,LMT,21
2022-07-11,0.242021,0.236734,0.21167,0.059052,0.059162,LMT,21
2022-07-12,0.242224,0.241782,0.236532,0.071359,0.065588,LMT,21
2022-07-13,0.236772,0.242738,0.233667,0.079093,0.047392,LMT,21
2022-07-14,0.234362,0.230818,0.215084,0.065762,0.059584,LMT,21
2022-07-15,0.238736,0.22553,0.213462,0.055181,0.059824,LMT,21
2022-07-18,0.238864,0.229016,0.207645,0.07987,0.043272,LMT,21
2022-07-19,0.228458,0.217865,0.188521,0.028942,0.047249,LMT,21
2022-07-20,0.221436,0.217058,0.184822,0.023835,0.043537,LMT,21
2022-07-21,0.219961,0.211192,0.178081,0.018601,0.045553,LMT,21
2022-07-22,0.220273,0.205773,0.169194,0.009616,0.049735,LMT,21
2022-07-25,0.214859,0.209759,0.173277,0.015879,0.045621,LMT,21
2022-07-26,0.213545,0.20733,0.175702,0.023859,0.045757,LMT,21
2022-07-27,0.212776,0.190784,0.163567,0.000632,0.04348,LMT,21
2022-07-28,0.211533,0.188885,0.155521,-0.006771,0.048127,LMT,21
2022-07-29,0.206362,0.1957,0.155478,-0.019272,0.050329,LMT,21
2022-08-01,0.196826,0.203933,0.166855,0.000756,0.039755,LMT,21
2022-08-02,0.182976,0.208047,0.163312,0.002372,0.037876,LMT,21
2022-08-03,0.171332,0.208063,0.155904,0.007982,0.032693,LMT,21
2022-08-04,0.169518,0.192036,0.168257,0.003664,0.039997,LMT,21
2022-08-05,0.168323,0.186724,0.163616,-0.004373,0.041155,LMT,21
2022-08-08,0.169354,0.18726,0.163445,-0.002798,0.041925,LMT,21
2022-08-09,0.169884,0.187027,0.162437,-0.00146,0.043669,LMT,21
2022-08-10,0.168588,0.180614,0.150638,-0.015544,0.036151,LMT,21
2022-08-11,0.167073,0.183699,0.154223,-0.008904,0.039337,LMT,21
2022-08-12,0.177715,0.175255,0.149894,-0.015243,0.040563,LMT,21
2022-08-15,0.177452,0.18064,0.144901,-0.018703,0.041029,LMT,21
2022-08-16,0.17401,0.180549,0.14552,-0.027931,0.03781,LMT,21
2022-08-17,0.168841,0.182134,0.146503,-0.012472,0.038451,LMT,21
2022-08-18,0.165818,0.183355,0.148413,-0.0091,0.033464,LMT,21
2022-08-19,0.170572,0.18554,0.158551,-0.006065,0.038242,LMT,21
2022-08-22,0.177972,0.201673,0.175609,0.012832,0.039729,LMT,21
2022-08-23,0.188709,0.189947,0.164738,0.00668,0.037802,LMT,21
2022-08-24,0.197925,0.181136,0.167207,0.012539,0.032923,LMT,21
2022-08-25,0.197934,0.172648,0.162596,-0.00516,0.03948,LMT,21
2022-08-26,0.19894,0.188292,0.173465,0.017052,0.037289,LMT,21
2022-08-29,0.205607,0.184135,0.173899,0.030042,0.035857,LMT,21
2022-08-30,0.214531,0.175889,0.178021,0.050166,0.043837,LMT,21
2022-08-31,0.218026,0.190724,0.18576,0.072686,0.033789,LMT,21
2022-09-01,0.226195,0.175604,0.176746,0.069317,0.047691,LMT,21
2022-09-02,0.228271,0.175731,0.175473,0.076027,0.048072,LMT,21
2022-09-06,0.227169,0.173363,0.175775,0.076509,0.047773,LMT,21
2022-09-07,0.225063,0.17073,0.172588,0.06538,0.041556,LMT,21
2022-09-08,0.226408,0.168745,0.165968,0.061077,0.042812,LMT,21
2022-09-09,0.236427,0.162991,0.164387,0.052802,0.034644,LMT,21
2022-09-12,0.242086,0.164052,0.166572,0.062055,0.040317,LMT,21
2022-09-13,0.237767,0.190945,0.179943,0.074899,0.043883,LMT,21
2022-09-14,0.242138,0.18586,0.177313,0.069228,0.046506,LMT,21
2022-09-15,0.250822,0.191263,0.180084,0.082247,0.043681,LMT,21
2022-09-16,0.253333,0.184823,0.180167,0.07913,0.043679,LMT,21
2022-09-19,0.284905,0.186925,0.192803,0.081224,0.040194,LMT,21
2022-09-20,0.295374,0.189019,0.188894,0.08346,0.043668,LMT,21
2022-09-21,0.289338,0.200752,0.199865,0.103863,0.029514,LMT,21
2022-09-22,0.287687,0.205536,0.199984,0.095594,0.031128,LMT,21
2022-09-23,0.285794,0.215789,0.203305,0.095995,0.048543,LMT,21
2022-09-26,0.289528,0.225845,0.208895,0.119872,0.039181,LMT,21
2022-09-27,0.289805,0.223586,0.209417,0.112691,0.054369,LMT,21
2022-09-28,0.284726,0.228476,0.212831,0.099302,0.046336,LMT,21
2022-09-29,0.288552,0.234491,0.215188,0.099657,0.050434,LMT,21
2022-09-30,0.286962,0.248041,0.223851,0.097403,0.049434,LMT,21
2022-10-03,0.281819,0.242768,0.224119,0.081372,0.051831,LMT,21
2022-10-04,0.280326,0.236435,0.226646,0.070783,0.0533,LMT,21
2022-10-05,0.282914,0.237137,0.225338,0.075319,0.054657,LMT,21
2022-10-06,0.289557,0.240969,0.225754,0.086959,0.058393,LMT,21
2022-10-07,0.288434,0.243686,0.228848,0.094705,0.05575,LMT,21
2022-10-10,0.280808,0.249653,0.230865,0.099522,0.049316,LMT,21
2022-10-11,0.277549,0.24504,0.228383,0.09016,0.059842,LMT,21
2022-10-12,0.278879,0.249853,0.22844,0.109697,0.056266,LMT,21
2022-10-13,0.281717,0.237296,0.227317,0.076733,0.061687,LMT,21
2022-10-14,0.279868,0.242964,0.222757,0.088911,0.059819,LMT,21
2022-10-17,0.289853,0.240007,0.217786,0.06953,0.052495,LMT,21
2022-10-18,0.260694,0.234138,0.210198,-0.006433,0.056392,LMT,21
2022-10-19,0.247671,0.23517,0.19911,-0.014368,0.045239,LMT,21
2022-10-20,0.248447,0.228387,0.19905,-0.017554,0.043686,LMT,21
2022-10-21,0.242577,0.207975,0.19192,-0.030475,0.051027,LMT,21
2022-10-24,0.236892,0.218251,0.203725,-0.01008,0.047881,LMT,21
2022-10-25,0.231731,0.201311,0.191018,-0.029705,0.046471,LMT,21
2022-10-26,0.225974,0.197211,0.180514,-0.028905,0.039733,LMT,21
2022-10-27,0.223871,0.196565,0.180258,-0.027347,0.042147,LMT,21
2022-10-28,0.208783,0.207419,0.17853,-0.02947,0.038305,LMT,21
2022-10-31,0.208775,0.205445,0.176055,-0.033197,0.036419,LMT,21
2022-11-01,0.208487,0.203381,0.172269,-0.03375,0.034361,LMT,21
2022-11-02,0.21331,0.20062,0.171366,-0.04016,0.035492,LMT,21
2022-11-03,0.209219,0.192269,0.168335,-0.045732,0.033442,LMT,21
2022-11-04,0.200031,0.189478,0.166578,-0.053075,0.04141,LMT,21
2022-11-07,0.201155,0.192773,0.165777,-0.043382,0.036723,LMT,21
2022-11-08,0.202018,0.195969,0.164759,-0.033997,0.040408,LMT,21
2022-11-09,0.201836,0.195367,0.168466,-0.01989,0.038501,LMT,21
2022-11-10,0.194937,0.18534,0.161802,-0.038158,0.038592,LMT,21
2022-11-11,0.182945,0.193454,0.187602,-0.031942,0.046829,LMT,21
2022-11-14,0.176204,0.197499,0.185791,-0.019406,0.038795,LMT,21
2022-11-15,0.160225,0.212928,0.19183,-0.018934,0.03383,LMT,21
2022-11-16,0.159362,0.20185,0.175517,-0.009091,0.036748,LMT,21
2022-11-17,0.159113,0.198415,0.183052,0.00087,0.038765,LMT,21
2022-11-18,0.161045,0.195987,0.175215,-0.001175,0.029797,LMT,21
2022-11-21,0.160636,0.189509,0.178924,-0.002047,0.032308,LMT,21
2022-11-22,0.169351,0.183254,0.175304,-0.008835,0.02881,LMT,21
2022-11-23,0.169797,0.173192,0.172377,-0.011925,0.032447,LMT,21
2022-11-25,0.171555,0.171881,0.174948,-0.005283,0.035339,LMT,21
2022-11-28,0.172313,0.17105,0.169248,0.006568,0.029251,LMT,21
2022-11-29,0.173887,0.171903,0.162768,0.017748,0.032222,LMT,21
2022-11-30,0.175652,0.165054,0.1658,0.004032,0.036666,LMT,21
2022-12-01,0.178012,0.163883,0.158718,-0.003467,0.034132,LMT,21
2022-12-02,0.17622,0.166508,0.16552,0.000739,0.025637,LMT,21
2022-12-05,0.178118,0.16741,0.168339,0.009093,0.026931,LMT,21
2022-12-06,0.206834,0.171167,0.169616,0.033037,0.020228,LMT,21
2022-12-07,0.214602,0.1704,0.171358,0.026108,0.032056,LMT,21
2022-12-08,0.216299,0.16939,0.163131,0.020723,0.035239,LMT,21
2022-12-09,0.214802,0.164021,0.15504,0.016711,0.038862,LMT,21
2022-12-12,0.216429,0.165702,0.158645,0.031927,0.038822,LMT,21
2022-12-13,0.217632,0.168016,0.161586,0.038532,0.029462,LMT,21
2022-12-14,0.217128,0.164495,0.156424,0.030627,0.031146,LMT,21
2022-12-15,0.213498,0.173861,0.15635,0.053277,0.033796,LMT,21
2022-12-16,0.21312,0.165495,0.161103,0.049791,0.034131,LMT,21
2022-12-19,0.211391,0.170362,0.161155,0.05571,0.030689,LMT,21
2022-12-20,0.208691,0.172603,0.157977,0.051938,0.029479,LMT,21
2022-12-21,0.217123,0.163516,0.153749,0.042568,0.032105,LMT,21
2022-12-22,0.215783,0.179226,0.163986,0.055174,0.040645,LMT,21
2022-12-23,0.221232,0.177426,0.160689,0.046869,0.035792,LMT,21
2022-12-27,0.224661,0.200236,0.178356,0.063025,0.032534,LMT,21
2022-12-28,0.225712,0.195379,0.180636,0.065562,0.033906,LMT,21
2022-12-29,0.22511,0.189332,0.178338,0.06001,0.036979,LMT,21
2022-12-30,0.222908,0.189205,0.192668,0.067043,0.040809,LMT,21
2023-01-03,0.220959,0.211129,0.20007,0.088318,0.039531,LMT,21
2023-01-04,0.218699,0.219616,0.1967,0.08105,0.040525,LMT,21
2023-01-05,0.216257,0.215725,0.201363,0.07919,0.042279,LMT,21
2023-01-06,0.192177,0.211313,0.196981,0.048085,0.04155,LMT,21
2023-01-09,0.182231,0.22143,0.213261,0.051357,0.036628,LMT,21
2023-01-10,0.178997,0.221609,0.214105,0.044522,0.034814,LMT,21
2023-01-11,0.179961,0.21885,0.203219,0.047198,0.026196,LMT,21
2023-01-12,0.18225,0.206375,0.198375,0.031559,0.038828,LMT,21
2023-01-13,0.178318,0.198185,0.194882,0.026133,0.035021,LMT,21
2023-01-17,0.178489,0.212647,0.199871,0.034863,0.034597,LMT,21
2023-01-18,0.18384,0.204886,0.193982,0.034636,0.035478,LMT,21
2023-01-19,0.181505,0.22382,0.185952,0.039935,0.036405,LMT,21
2023-01-20,0.182591,0.197607,0.183434,0.028754,0.037342,LMT,21
2023-01-23,0.18106,0.198106,0.190883,0.045344,0.025786,LMT,21
2023-01-24,0.173404,0.174959,0.164963,-0.006179,0.030778,LMT,21
2023-01-25,0.166983,0.176249,0.16041,-0.005369,0.031049,LMT,21
2023-01-26,0.161644,0.170993,0.154248,-0.015297,0.032716,LMT,21
2023-01-27,0.157504,0.17077,0.156276,-0.017859,0.026723,LMT,21
2023-01-30,0.156434,0.17534,0.165618,-0.004451,0.027534,LMT,21
2023-01-31,0.156091,0.16901,0.157573,-0.017129,0.036263,LMT,21
2023-02-01,0.154158,0.166592,0.147189,-0.023841,0.035997,LMT,21
2023-02-02,0.151655,0.166202,0.150049,-0.018463,0.031437,LMT,21
2023-02-03,0.149886,0.160642,0.146123,-0.022916,0.039446,LMT,21
2023-02-06,0.157452,0.159365,0.14184,-0.013485,0.038419,LMT,21
2023-02-07,0.153089,0.160524,0.140004,0.010676,0.034556,LMT,21
2023-02-08,0.15409,0.166495,0.146723,0.021487,0.034578,LMT,21
2023-02-09,0.154836,0.163592,0.153583,0.024763,0.038302,LMT,21
2023-02-10,0.155232,0.159751,0.152493,0.02389,0.034489,LMT,21
2023-02-13,0.158172,0.173162,0.152211,0.028275,0.035033,LMT,21
2023-02-14,0.164442,0.151546,0.133295,0.023704,0.031935,LMT,21
2023-02-15,0.167587,0.146495,0.132439,0.014767,0.034247,LMT,21
2023-02-16,0.168243,0.163302,0.138586,0.016378,0.035751,LMT,21
2023-02-17,0.171238,0.156523,0.133523,0.012742,0.036512,LMT,21
2023-02-21,0.170381,0.167043,0.148026,0.029302,0.031211,LMT,21
2023-02-22,0.170616,0.163618,0.150438,0.032285,0.035093,LMT,21
2023-02-23,0.169335,0.160678,0.145773,0.033799,0.031979,LMT,21
2023-02-24,0.169071,0.149525,0.140273,0.033376,0.038165,LMT,21
2023-02-27,0.166616,0.150665,0.136322,0.040338,0.038743,LMT,21
2023-02-28,0.164003,0.164419,0.145188,0.055509,0.029221,LMT,21
2023-03-01,0.162445,0.15313,0.143646,0.050628,0.033576,LMT,21
2023-03-02,0.162507,0.147255,0.134632,0.04331,0.035468,LMT,21
2023-03-03,0.16853,0.144197,0.129789,0.037639,0.035042,LMT,21
2023-03-06,0.169364,0.144874,0.129974,0.039264,0.03752,LMT,21
2023-03-07,0.169176,0.145606,0.131345,0.053144,0.025041,LMT,21
2023-03-08,0.164677,0.144142,0.128081,0.042904,0.030808,LMT,21
2023-03-09,0.163715,0.165371,0.133237,0.05616,0.037065,LMT,21
2023-03-10,0.161654,0.182328,0.135613,0.067624,0.042457,LMT,21
2023-03-13,0.163586,0.185395,0.135943,0.069312,0.049153,LMT,21
2023-03-14,0.163085,0.184079,0.135358,0.070228,0.045208,LMT,21
2023-03-15,0.156776,0.196227,0.14325,0.088024,0.056358,LMT,21
2023-03-16,0.149878,0.195777,0.144643,0.074931,0.039163,LMT,21
2023-03-17,0.150049,0.197203,0.154273,0.071502,0.053072,LMT,21
2023-03-20,0.1439,0.191973,0.161936,0.063678,0.049346,LMT,21
2023-03-21,0.14137,0.182213,0.157867,0.054286,0.042926,LMT,21
2023-03-22,0.142739,0.181111,0.156585,0.059652,0.035224,LMT,21
2023-03-23,0.142833,0.186901,0.156556,0.066508,0.042142,LMT,21
2023-03-24,0.13994,0.167142,0.149795,0.055265,0.040996,LMT,21
2023-03-27,0.147012,0.17098,0.146876,0.053251,0.045148,LMT,21
2023-03-28,0.147488,0.171327,0.150769,0.057183,0.04458,LMT,21
2023-03-29,0.148224,0.159452,0.146294,0.048907,0.049005,LMT,21
2023-03-30,0.149417,0.164272,0.146575,0.052041,0.043611,LMT,21
2023-03-31,0.153266,0.154452,0.142232,0.04271,0.04655,LMT,21
2023-04-03,0.148311,0.158363,0.14019,0.035458,0.037825,LMT,21
2023-04-04,0.151796,0.159112,0.13847,0.036784,0.043893,LMT,21
2023-04-05,0.150053,0.162109,0.140905,0.040837,0.040949,LMT,21
2023-04-06,0.149219,0.166898,0.145714,0.048546,0.03717,LMT,21
2023-04-10,0.148544,0.167811,0.147304,0.05067,0.040312,LMT,21
2023-04-11,0.147394,0.171509,0.148539,0.056396,0.040919,LMT,21
2023-04-12,0.14269,0.171719,0.149254,0.055926,0.03771,LMT,21
2023-04-13,0.143126,0.161414,0.14408,0.044252,0.039221,LMT,21
2023-04-14,0.14127,0.166359,0.140817,0.05238,0.036693,LMT,21
2023-04-17,0.139899,0.16981,0.139595,0.061007,0.032606,LMT,21
2023-04-18,0.134711,0.148835,0.125846,0.030147,0.024518,LMT,21
2023-04-19,0.135781,0.145634,0.12585,0.029971,0.032715,LMT,21
2023-04-20,0.13611,0.142647,0.131205,0.030028,0.033468,LMT,21
2023-04-21,0.134405,0.143718,0.131064,0.02982,0.033947,LMT,21
2023-04-24,0.136743,0.140106,0.123853,0.031785,0.022842,LMT,21
2023-04-25,0.139182,0.140992,0.124044,0.051474,0.030937,LMT,21
2023-04-26,0.139234,0.141638,0.125241,0.044789,0.044992,LMT,21
2023-04-27,0.144677,0.13674,0.120751,0.024084,0.039067,LMT,21
2023-04-28,0.145723,0.137291,0.118668,0.015583,0.038361,LMT,21
2023-05-01,0.14397,0.137206,0.11955,0.011671,0.032317,LMT,21
2023-05-02,0.14265,0.141613,0.122614,0.028417,0.04145,LMT,21
2023-05-03,0.143052,0.14448,0.128688,0.043983,0.043983,LMT,21
2023-05-04,0.13873,0.154322,0.132526,0.051481,0.046419,LMT,21
2023-05-05,0.13893,0.142123,0.12698,0.0358,0.045175,LMT,21
2023-05-08,0.14107,0.145308,0.131017,0.043777,0.04546,LMT,21
2023-05-09,0.141744,0.142117,0.126076,0.041248,0.043247,LMT,21
2023-05-10,0.141486,0.139675,0.125233,0.034639,0.046537,LMT,21
2023-05-11,0.141615,0.141671,0.127902,0.04191,0.047788,LMT,21
2023-05-12,0.149586,0.143302,0.125088,0.040385,0.042905,LMT,21
2023-05-15,0.150381,0.142977,0.127527,0.043897,0.045438,LMT,21
2023-05-16,0.151308,0.147039,0.132704,0.054412,0.040728,LMT,21
2023-05-17,0.15074,0.142039,0.128338,0.043333,0.044209,LMT,21
2023-05-18,0.147227,0.14536,0.125829,0.049926,0.042246,LMT,21
2023-05-19,0.150968,0.143895,0.126119,0.046163,0.038926,LMT,21
2023-05-22,0.149392,0.144582,0.133714,0.051865,0.034077,LMT,21
2023-05-23,0.149152,0.152613,0.137974,0.055139,0.036378,LMT,21
2023-05-24,0.154195,0.167517,0.141284,0.060072,0.043204,LMT,21
2023-05-25,0.146996,0.171882,0.145211,0.07603,0.053371,LMT,21
2023-05-26,0.14266,0.16243,0.13941,0.056769,0.044902,LMT,21
2023-05-30,0.143596,0.17075,0.1418,0.062019,0.044977,LMT,21
2023-05-31,0.146017,0.158378,0.13602,0.058288,0.037874,LMT,21
2023-06-01,0.144494,0.145297,0.129722,0.033866,0.041974,LMT,21
2023-06-02,0.143328,0.142255,0.130373,0.030755,0.028679,LMT,21
2023-06-05,0.142655,0.142732,0.130349,0.03844,0.0286,LMT,21
2023-06-06,0.141833,0.138268,0.126914,0.019584,0.029401,LMT,21
2023-06-07,0.136892,0.140463,0.128148,0.027392,0.021082,LMT,21
2023-06-08,0.138163,0.138196,0.12179,0.015301,0.034867,LMT,21
2023-06-09,0.137813,0.140865,0.124616,0.019387,0.029584,LMT,21
2023-06-12,0.139073,0.140276,0.12683,0.023802,0.039077,LMT,21
2023-06-13,0.128236,0.147695,0.130774,0.02752,0.028074,LMT,21
2023-06-14,0.131902,0.141592,0.125473,0.018389,0.033981,LMT,21
2023-06-15,0.164052,0.139814,0.124266,0.01723,0.031807,LMT,21
2023-06-16,0.170764,0.138545,0.120915,0.013497,0.029576,LMT,21
2023-06-20,0.171732,0.144973,0.132478,0.037704,0.020445,LMT,21
2023-06-21,0.16747,0.140681,0.128399,0.020695,0.029287,LMT,21
2023-06-22,0.1673,0.140915,0.130216,0.024396,0.030131,LMT,21
2023-06-23,0.1685,0.14533,0.130699,0.030584,0.028426,LMT,21
2023-06-26,0.163386,0.15515,0.132646,0.035811,0.028095,LMT,21
2023-06-27,0.166469,0.152361,0.133212,0.042554,0.025774,LMT,21
2023-06-28,0.165473,0.150983,0.133876,0.045888,0.03093,LMT,21
2023-06-29,0.164118,0.147629,0.130933,0.035311,0.030737,LMT,21
2023-06-30,0.163441,0.14737,0.133099,0.033437,0.019947,LMT,21
2023-07-03,0.162937,0.147443,0.132131,0.034556,0.023443,LMT,21
2023-07-05,0.162951,0.151508,0.133241,0.038181,0.026988,LMT,21
2023-07-06,0.163608,0.155565,0.135622,0.043701,0.029278,LMT,21
2023-07-07,0.163653,0.155254,0.139464,0.043578,0.032502,LMT,21
2023-07-10,0.162876,0.153847,0.136106,0.052726,0.034788,LMT,21
2023-07-11,0.160914,0.156057,0.130744,0.04978,0.030743,LMT,21
2023-07-12,0.161285,0.154109,0.127993,0.048269,0.028706,LMT,21
2023-07-13,0.15942,0.155738,0.126861,0.04653,0.02573,LMT,21
2023-07-14,0.159908,0.156525,0.128444,0.059866,0.028945,LMT,21
2023-07-17,0.157655,0.170773,0.128823,0.076787,0.020991,LMT,21
2023-07-18,0.124003,0.162675,0.135314,0.026973,0.013014,LMT,21
2023-07-19,0.113323,0.152796,0.136513,0.006166,0.021664,LMT,21
2023-07-20,0.120153,0.143764,0.125457,-0.012401,0.021621,LMT,21
2023-07-21,0.120339,0.142601,0.125861,-0.017905,0.024357,LMT,21
2023-07-24,0.119864,0.140976,0.122393,-0.020898,0.022186,LMT,21
2023-07-25,0.114346,0.140468,0.124122,-0.022726,0.024127,LMT,21
2023-07-26,0.114581,0.137349,0.122944,-0.020675,0.023867,LMT,21
2023-07-27,0.112029,0.144697,0.126375,-0.016506,0.023333,LMT,21
2023-07-28,0.110819,0.143916,0.125091,-0.017204,0.01763,LMT,21
2023-07-31,0.117061,0.139468,0.120323,-0.018309,0.026245,LMT,21
2023-08-01,0.119971,0.143385,0.125833,-0.017034,0.014495,LMT,21
2023-08-02,0.12043,0.144857,0.124695,-0.008306,0.020965,LMT,21
2023-08-03,0.119897,0.146666,0.130225,-0.003501,0.022168,LMT,21
2023-08-04,0.118164,0.145396,0.125392,-0.008994,0.026452,LMT,21
2023-08-07,0.130415,0.147041,0.126792,-0.011228,0.023132,LMT,21
2023-08-08,0.133296,0.147273,0.125909,-0.006501,0.022138,LMT,21
2023-08-09,0.133299,0.145292,0.121691,-0.008943,0.025842,LMT,21
2023-08-10,0.135842,0.145988,0.126297,-0.004893,0.021451,LMT,21
2023-08-11,0.137063,0.143977,0.121553,-0.017418,0.02501,LMT,21
2023-08-14,0.136497,0.145937,0.120945,-0.007283,0.018857,LMT,21
2023-08-15,0.134958,0.147819,0.126685,0.002183,0.022967,LMT,21
2023-08-16,0.136154,0.149734,0.129223,0.031896,0.025545,LMT,21
2023-08-17,0.136949,0.143911,0.133038,0.045551,0.027374,LMT,21
2023-08-18,0.129884,0.141686,0.131408,0.033506,0.02822,LMT,21
2023-08-21,0.130473,0.142814,0.130687,0.033906,0.022722,LMT,21
2023-08-22,0.133988,0.141401,0.129756,0.032757,0.024397,LMT,21
2023-08-23,0.134973,0.137163,0.123943,0.026827,0.02611,LMT,21
2023-08-24,0.132827,0.148106,0.132125,0.04525,0.017653,LMT,21
2023-08-25,0.131354,0.136774,0.127751,0.035151,0.021011,LMT,21
2023-08-28,0.132986,0.136951,0.1251,0.035381,0.021589,LMT,21
2023-08-29,0.127659,0.135695,0.1232,0.027072,0.022867,LMT,21
2023-08-30,0.123684,0.136379,0.124622,0.019255,0.023116,LMT,21
2023-08-31,0.124301,0.132482,0.12076,0.014918,0.023917,LMT,21
2023-09-01,0.124818,0.132825,0.11602,0.008535,0.023088,LMT,21
2023-09-05,0.127778,0.133757,0.109234,0.016367,0.020857,LMT,21
2023-09-06,0.119472,0.156515,0.128601,0.029004,0.023083,LMT,21
2023-09-07,0.123533,0.144488,0.129197,0.019113,0.023365,LMT,21
2023-09-08,0.138196,0.139061,0.125149,0.014729,0.024748,LMT,21
2023-09-11,0.141575,0.142844,0.126083,0.015445,0.027612,LMT,21
2023-09-12,0.142782,0.149308,0.127827,0.021267,0.02295,LMT,21
2023-09-13,0.148844,0.146722,0.126916,0.021099,0.022378,LMT,21
2023-09-14,0.154081,0.134767,0.121294,0.008672,0.022678,LMT,21
2023-09-15,0.159436,0.140254,0.125706,0.016007,0.025965,LMT,21
2023-09-18,0.183763,0.153826,0.135712,0.028225,0.024188,LMT,21
2023-09-19,0.186525,0.156951,0.137465,0.042583,0.026421,LMT,21
2023-09-20,0.187617,0.159533,0.119108,0.043651,0.028466,LMT,21
2023-09-21,0.186983,0.169465,0.125069,0.059522,0.033917,LMT,21
2023-09-22,0.191252,0.170385,0.124655,0.058683,0.034116,LMT,21
2023-09-25,0.19487,0.175378,0.129022,0.06928,0.033694,LMT,21
2023-09-26,0.195816,0.181462,0.131081,0.076552,0.038808,LMT,21
2023-09-27,0.198087,0.179065,0.133558,0.07151,0.041099,LMT,21
2023-09-28,0.200912,0.191435,0.133381,0.081049,0.034445,LMT,21
2023-09-29,0.200989,0.186608,0.133769,0.080758,0.03313,LMT,21
2023-10-02,0.202646,0.192818,0.13254,0.089719,0.031375,LMT,21
2023-10-03,0.202458,0.198935,0.132577,0.102669,0.039493,LMT,21
2023-10-04,0.201324,0.187724,0.134771,0.100106,0.034791,LMT,21
2023-10-05,0.2009,0.184487,0.134264,0.103628,0.039363,LMT,21
2023-10-06,0.196399,0.182894,0.152935,0.098248,0.037122,LMT,21
2023-10-09,0.185925,0.21486,0.165834,0.134276,0.011313,LMT,21
2023-10-10,0.182939,0.208984,0.16762,0.10402,0.01377,LMT,21
2023-10-11,0.182967,0.196422,0.167223,0.094358,0.014722,LMT,21
2023-10-12,0.17886,0.19452,0.171187,0.071973,0.017036,LMT,21
2023-10-13,0.175389,0.206768,0.173454,0.089876,0.012473,LMT,21
2023-10-16,0.16996,0.190194,0.168365,0.067335,0.014586,LMT,21
2023-10-17,0.143002,0.178031,0.158834,0.005145,0.016502,LMT,21
2023-10-18,0.139183,0.199873,0.173122,0.008908,0.018484,LMT,21
2023-10-19,0.136298,0.200442,0.17296,0.009146,0.02026,LMT,21
2023-10-20,0.135219,0.184966,0.168884,0.017173,0.011981,LMT,21
2023-10-23,0.128575,0.182107,0.164929,0.00676,0.013148,LMT,21
2023-10-24,0.123523,0.187358,0.160194,-0.003361,0.012418,LMT,21
2023-10-25,0.121569,0.181303,0.167603,-0.005703,0.015937,LMT,21
2023-10-26,0.117999,0.187753,0.167692,-0.006497,0.018818,LMT,21
2023-10-27,0.11381,0.187273,0.165262,-0.005047,0.018418,LMT,21
2023-10-30,0.113919,0.175253,0.158083,-0.01761,0.01685,LMT,21
2023-10-31,0.108371,0.17039,0.156753,-0.028267,0.015266,LMT,21
2023-11-01,0.107048,0.165173,0.148516,-0.041585,0.020273,LMT,21
2023-11-02,0.107135,0.162375,0.148078,-0.049613,0.01861,LMT,21
2023-11-03,0.102785,0.160621,0.145127,-0.05179,0.015664,LMT,21
2023-11-06,0.103585,0.159145,0.145077,-0.046274,0.016807,LMT,21
2023-11-07,0.105374,0.157346,0.142246,-0.036163,0.020768,LMT,21
2023-11-08,0.101405,0.15848,0.143647,-0.028378,0.015136,LMT,21
2023-11-09,0.099068,0.160686,0.141379,-0.025248,0.017723,LMT,21
2023-11-10,0.097193,0.126159,0.09875,-0.03637,0.021926,LMT,21
2023-11-13,0.094619,0.129391,0.116964,-0.024781,0.016087,LMT,21
2023-11-14,0.101553,0.129969,0.098611,-0.021627,0.014736,LMT,21
2023-11-15,0.103865,0.13462,0.103382,0.008847,0.012216,LMT,21
2023-11-16,0.103044,0.142109,0.10568,0.004349,0.018974,LMT,21
2023-11-17,0.103016,0.134764,0.108023,0.010167,0.016194,LMT,21
2023-11-20,0.101438,0.131246,0.103671,0.006769,0.013732,LMT,21
2023-11-21,0.100277,0.130392,0.106125,0.008125,0.016264,LMT,21
2023-11-22,0.100215,0.131613,0.106679,0.008494,0.019552,LMT,21
2023-11-24,0.1005,0.137511,0.111263,0.008322,0.018671,LMT,21
2023-11-27,0.097998,0.141208,0.113665,0.02937,0.008701,LMT,21
2023-11-28,0.095474,0.139469,0.112142,0.025868,0.014106,LMT,21
2023-11-29,0.093623,0.141784,0.115034,0.034551,0.009794,LMT,21
2023-11-30,0.100365,0.136086,0.113137,0.031021,0.015887,LMT,21
2023-12-01,0.105005,0.139434,0.112189,0.031795,0.015621,LMT,21
2023-12-04,0.105949,0.139124,0.110262,0.031582,0.019015,LMT,21
2023-12-05,0.109549,0.140206,0.113056,0.041769,0.016336,LMT,21
2023-12-06,0.109557,0.142443,0.11389,0.050044,0.008694,LMT,21
2023-12-07,0.110409,0.141551,0.111142,0.045971,0.014511,LMT,21
2023-12-08,0.11218,0.134972,0.106935,0.043195,0.015872,LMT,21
2023-12-11,0.118292,0.118639,0.10294,0.045028,0.018436,LMT,21
2023-12-12,0.119372,0.119658,0.101672,0.04966,0.007572,LMT,21
2023-12-13,0.122997,0.117646,0.098742,0.047464,0.012467,LMT,21
2023-12-14,0.121423,0.121731,0.101219,0.053025,0.009389,LMT,21
2023-12-15,0.120989,0.135095,0.106372,0.063034,0.006071,LMT,21
2023-12-18,0.121683,0.126303,0.1062,0.052863,0.011618,LMT,21
2023-12-19,0.124206,0.129442,0.104838,0.055486,0.00785,LMT,21
2023-12-20,0.160624,0.155093,0.111915,0.077177,0.004822,LMT,21
2023-12-21,0.1686,0.148067,0.112406,0.06414,0.016258,LMT,21
2023-12-22,0.173956,0.132997,0.111533,0.061438,0.011274,LMT,21
2023-12-26,0.176981,0.165358,0.117119,0.079513,0.01203,LMT,21
2023-12-27,0.179616,0.163585,0.114512,0.076557,0.015849,LMT,21
2023-12-28,0.180495,0.152936,0.11571,0.077792,0.017337,LMT,21
2023-12-29,0.181483,0.157323,0.115194,0.078887,0.017294,LMT,21
2024-01-02,0.179235,0.153148,0.114632,0.083295,0.019166,LMT,21
2024-01-03,0.177654,0.154156,0.114498,0.085393,0.01913,LMT,21
2024-01-04,0.1774,0.153519,0.109686,0.087355,0.015176,LMT,21
2024-01-05,0.179613,0.153338,0.110087,0.076958,0.019153,LMT,21
2024-01-08,0.178949,0.1532,0.109227,0.073,0.018963,LMT,21
2024-01-09,0.178052,0.154056,0.107928,0.078811,0.01315,LMT,21
2024-01-10,0.177046,0.159954,0.124173,0.075316,0.016021,LMT,21
2024-01-11,0.173678,0.159388,0.13531,0.065521,0.017858,LMT,21
2024-01-12,0.178416,0.166639,0.136745,0.065165,0.016232,LMT,21
2024-01-16,0.188315,0.178687,0.139531,0.069601,0.017106,LMT,21
2024-01-17,0.184477,0.189945,0.144411,0.076142,0.012348,LMT,21
2024-01-18,0.182514,0.186487,0.142031,0.071662,0.019585,LMT,21
2024-01-19,0.182906,0.188243,0.137306,0.068104,0.017817,LMT,21
2024-01-22,0.181933,0.192749,0.143283,0.073142,0.022575,LMT,21
2024-01-23,0.151729,0.153776,0.121999,-0.005626,0.02394,LMT,21
2024-01-24,0.143129,0.16169,0.120416,-0.012189,0.012346,LMT,21
2024-01-25,0.138708,0.157953,0.118119,-0.020641,0.015955,LMT,21
2024-01-26,0.13615,0.154657,0.11502,-0.03625,0.021892,LMT,21
2024-01-29,0.133978,0.163876,0.115179,-0.02946,0.019467,LMT,21
2024-01-30,0.133103,0.15588,0.112147,-0.034319,0.019503,LMT,21
2024-01-31,0.134067,0.151015,0.113203,-0.027737,0.014481,LMT,21
2024-02-01,0.135696,0.138123,0.111263,-0.033787,0.022161,LMT,21
2024-02-02,0.137968,0.138312,0.113406,-0.028638,0.01224,LMT,21
2024-02-05,0.136717,0.136403,0.111009,-0.02972,0.013245,LMT,21
2024-02-06,0.132763,0.129566,0.108335,-0.036562,0.012629,LMT,21
2024-02-07,0.133982,0.132872,0.108281,-0.043233,0.015472,LMT,21
2024-02-08,0.133891,0.132831,0.111885,-0.037049,0.013607,LMT,21
2024-02-09,0.133763,0.131966,0.110059,-0.033991,0.011732,LMT,21
2024-02-12,0.13322,0.136035,0.113078,-0.022876,0.007853,LMT,21
2024-02-13,0.126755,0.148359,0.12246,-0.022842,0.018202,LMT,21
2024-02-14,0.108833,0.15215,0.119702,-0.027396,0.021801,LMT,21
2024-02-15,0.109841,0.141976,0.117924,-0.034744,0.019615,LMT,21
2024-02-16,0.110063,0.145693,0.118863,-0.02967,0.015332,LMT,21
2024-02-20,0.108572,0.143655,0.117547,-0.032513,0.015316,LMT,21
2024-02-21,0.10912,0.142813,0.118536,-0.029265,0.012109,LMT,21
2024-02-22,0.106678,0.135991,0.121422,0.001227,0.009253,LMT,21
2024-02-23,0.10739,0.130475,0.118732,0.004109,0.006256,LMT,21
2024-02-26,0.104159,0.134736,0.122969,0.013093,0.009624,LMT,21
2024-02-27,0.104446,0.133563,0.122574,0.013599,0.007378,LMT,21
2024-02-28,0.102783,0.136945,0.127362,0.019361,0.007446,LMT,21
2024-02-29,0.103548,0.140619,0.122113,0.021916,-0.00051,LMT,21
2024-03-01,0.101297,0.132181,0.11903,0.013204,0.013431,LMT,21
2024-03-04,0.098403,0.161564,0.126054,0.029757,0.003989,LMT,21
2024-03-05,0.102382,0.143677,0.124459,0.019425,0.014915,LMT,21
2024-03-06,0.10502,0.143255,0.12078,0.020103,0.012753,LMT,21
2024-03-07,0.102909,0.142968,0.118517,0.024753,0.011378,LMT,21
2024-03-08,0.105475,0.127232,0.098745,0.019646,0.010069,LMT,21
2024-03-11,0.111727,0.143326,0.100214,0.026448,0.013552,LMT,21
2024-03-12,0.113453,0.147202,0.098986,0.028639,0.001038,LMT,21
2024-03-13,0.117788,0.127963,0.099518,0.023318,0.010162,LMT,21
2024-03-14,0.119239,0.123566,0.099765,0.028108,0.015149,LMT,21
2024-03-15,0.119862,0.128777,0.110668,0.048637,0.012945,LMT,21
2024-03-18,0.121605,0.130056,0.107663,0.042305,0.012715,LMT,21
2024-03-19,0.12211,0.129128,0.110619,0.038608,0.02045,LMT,21
2024-03-20,0.124978,0.132725,0.108537,0.039008,0.011482,LMT,21
2024-03-21,0.130543,0.136041,0.111242,0.044915,0.00063,LMT,21
2024-03-22,0.151919,0.139468,0.112583,0.049029,-0.008242,LMT,21
2024-03-25,0.15521,0.162473,0.120011,0.051778,0.005334,LMT,21
2024-03-26,0.157121,0.16605,0.120655,0.061014,0.001171,LMT,21
2024-03-27,0.158539,0.154077,0.122725,0.060339,0.005563,LMT,21
2024-03-28,0.158639,0.154604,0.126277,0.064701,0.007296,LMT,21
2024-04-01,0.158537,0.158162,0.126828,0.068297,0.003065,LMT,21
2024-04-02,0.15966,0.164964,0.13757,0.077112,0.019046,LMT,21
2024-04-03,0.159056,0.175288,0.137746,0.092653,0.005433,LMT,21
2024-04-04,0.155705,0.18805,0.140316,0.119846,-0.011678,LMT,21
2024-04-05,0.154241,0.185155,0.140072,0.103579,0.007403,LMT,21
2024-04-08,0.15379,0.175562,0.153853,0.104013,0.001854,LMT,21
2024-04-09,0.152006,0.175974,0.152143,0.100609,0.002372,LMT,21
2024-04-10,0.147025,0.183594,0.168568,0.108819,-0.003044,LMT,21
2024-04-11,0.145402,0.179264,0.163924,0.102635,0.00067,LMT,21
2024-04-12,0.140927,0.187064,0.162906,0.129627,-0.006835,LMT,21
2024-04-15,0.138271,0.191502,0.161026,0.134329,-0.009597,LMT,21
2024-04-16,0.136569,0.18511,0.16018,0.121306,-0.009144,LMT,21
2024-04-17,0.156152,0.174785,0.154093,0.102893,-0.002242,LMT,21
2024-04-18,0.156251,0.179725,0.156807,0.096057,0.000964,LMT,21
2024-04-19,0.154194,0.186829,0.160337,0.100749,-0.002933,LMT,21
2024-04-22,0.148092,0.184894,0.163162,0.080405,-0.001467,LMT,21
2024-04-23,0.126082,0.181172,0.147521,0.018577,-0.007556,LMT,21
2024-04-24,0.121762,0.176529,0.141232,0.009836,-0.000582,LMT,21
2024-04-25,0.119514,0.163008,0.144123,0.004037,-0.010562,LMT,21
2024-04-26,0.119059,0.16277,0.139076,-0.010249,-0.002062,LMT,21
2024-04-29,0.119218,0.154534,0.13732,-0.002837,-0.01437,LMT,21
2024-04-30,0.121662,0.146463,0.137323,-0.005437,-0.006353,LMT,21
2024-05-01,0.124649,0.138564,0.12871,-0.016756,0.003381,LMT,21
2024-05-02,0.125756,0.126438,0.119646,-0.023764,0.010433,LMT,21
2024-05-03,0.12367,0.125397,0.121673,-0.015709,-0.006364,LMT,21
2024-05-06,0.124605,0.120195,0.106358,-0.024391,0.013703,LMT,21
2024-05-07,0.126016,0.119376,0.099445,-0.021699,0.004964,LMT,21
2024-05-08,0.128794,0.119931,0.102175,-0.018532,0.002226,LMT,21
2024-05-09,0.12965,0.118054,0.102941,-0.015888,0.002282,LMT,21
2024-05-10,0.12995,0.116901,0.102033,-0.022582,0.014727,LMT,21
2024-05-13,0.131651,0.116254,0.099785,-0.017739,0.010112,LMT,21
2024-05-14,0.132479,0.11558,0.099893,-0.011472,0.006332,LMT,21
2024-05-15,0.13285,0.112708,0.098293,-0.008568,-0.001767,LMT,21
2024-05-16,0.106055,0.122803,0.102608,-0.02246,-0.004002,LMT,21
2024-05-17,0.105595,0.122845,0.100907,-0.025687,-0.010237,LMT,21
2024-05-20,0.108734,0.120689,0.103291,-0.035966,0.000781,LMT,21
2024-05-21,0.112784,0.122546,0.101444,-0.025045,-0.024331,LMT,21
2024-05-22,0.118716,0.12219,0.103911,-0.00642,0.001436,LMT,21
2024-05-23,0.119585,0.116258,0.108418,-0.000605,0.001917,LMT,21
2024-05-24,0.120637,0.116379,0.10731,0.00047,-0.001822,LMT,21
2024-05-28,0.117422,0.117857,0.110417,0.011228,-0.002671,LMT,21
2024-05-29,0.12093,0.11963,0.11427,0.017625,-0.001101,LMT,21
2024-05-30,0.120512,0.121065,0.112136,0.020207,0.008622,LMT,21
2024-05-31,0.115511,0.121284,0.102555,0.01129,0.005723,LMT,21
2024-06-03,0.11274,0.1223,0.103767,0.014162,-0.000709,LMT,21
2024-06-04,0.113721,0.126994,0.111024,0.01622,0.001477,LMT,21
2024-06-05,0.112731,0.126038,0.109038,0.016904,-0.010588,LMT,21
2024-06-06,0.111026,0.123661,0.104398,0.005484,0.007814,LMT,21
2024-06-07,0.107905,0.123736,0.108898,0.002605,0.012375,LMT,21
2024-06-10,0.117556,0.124726,0.111213,0.009261,0.008521,LMT,21
2024-06-11,0.119668,0.124374,0.106727,0.010003,-0.00075,LMT,21
2024-06-12,0.118529,0.125473,0.112923,0.01356,-0.008067,LMT,21
2024-06-13,0.118184,0.124188,0.106555,0.004151,-0.011761,LMT,21
2024-06-14,0.118869,0.128299,0.107249,0.004094,0.013434,LMT,21
2024-06-17,0.124514,0.132928,0.116045,0.039755,0.010498,LMT,21
2024-06-18,0.126314,0.136865,0.11712,0.043365,0.003321,LMT,21
2024-06-20,0.123157,0.149105,0.118966,0.045957,0.024522,LMT,21
2024-06-21,0.141606,0.149233,0.115713,0.044552,0.009497,LMT,21
2024-06-24,0.155808,0.140513,0.115822,0.032043,0.005488,LMT,21
2024-06-25,0.165226,0.153398,0.116303,0.037754,0.0074,LMT,21
2024-06-26,0.16819,0.156926,0.118188,0.043915,0.001835,LMT,21
2024-06-27,0.172945,0.154599,0.116858,0.043132,-0.006989,LMT,21
2024-06-28,0.176315,0.153851,0.117922,0.042422,0.002571,LMT,21
2024-07-01,0.178155,0.153362,0.127616,0.047214,0.005219,LMT,21
2024-07-02,0.180611,0.163438,0.130001,0.053731,0.009717,LMT,21
2024-07-03,0.200194,0.159521,0.135463,0.055527,0.00732,LMT,21
2024-07-05,0.22424,0.146725,0.1293,0.056929,0.018495,LMT,21
2024-07-08,0.225978,0.14302,0.13086,0.062784,0.004239,LMT,21
2024-07-09,0.233518,0.142346,0.130187,0.068396,0.006252,LMT,21
2024-07-10,0.235517,0.138175,0.130434,0.066394,0.013913,LMT,21
2024-07-11,0.231141,0.139217,0.12478,0.067581,-0.000283,LMT,21
2024-07-12,0.23053,0.13785,0.128429,0.053934,0.006563,LMT,21
2024-07-15,0.231784,0.139694,0.123995,0.064759,0.002616,LMT,21
2024-07-16,0.232403,0.139198,0.12537,0.066235,0.0028,LMT,21
2024-07-17,0.23222,0.148667,0.123487,0.076615,-0.007375,LMT,21
2024-07-18,0.229983,0.150097,0.134962,0.072282,0.00893,LMT,21
2024-07-19,0.230373,0.16473,0.134681,0.076974,0.007075,LMT,21
2024-07-22,0.232386,0.151099,0.134673,0.075049,0.008808,LMT,21
2024-07-23,0.220511,0.158063,0.116545,0.007746,0.006705,LMT,21
2024-07-24,0.20788,0.169568,0.119985,0.011249,0.004347,LMT,21
2024-07-25,0.200663,0.165063,0.119355,0.000742,0.005163,LMT,21
2024-07-26,0.197486,0.152388,0.116182,-0.017047,0.00298,LMT,21
2024-07-29,0.193882,0.154142,0.114458,-0.00913,-0.004076,LMT,21
2024-07-30,0.190165,0.15374,0.11382,-0.0089,-0.006515,LMT,21
2024-07-31,0.187242,0.152002,0.116975,-0.011031,0.004651,LMT,21
2024-08-01,0.18613,0.170724,0.1146,-0.007366,-0.000694,LMT,21
2024-08-02,0.167038,0.196062,0.124786,-0.002967,0.009282,LMT,21
2024-08-05,0.135953,0.222543,0.142373,0.010856,0.011741,LMT,21
2024-08-06,0.138607,0.20603,0.132281,-0.018125,0.007956,LMT,21
2024-08-07,0.128167,0.213584,0.136289,-0.016952,-0.001364,LMT,21
2024-08-08,0.125985,0.197522,0.136059,-0.042558,0.019349,LMT,21
2024-08-09,0.126033,0.193874,0.130665,-0.044112,0.012661,LMT,21
2024-08-12,0.132447,0.18939,0.133052,-0.040377,0.00815,LMT,21
2024-08-13,0.130023,0.191771,0.133514,-0.051541,0.01145,LMT,21
2024-08-14,0.1317,0.180032,0.129564,-0.063583,0.012375,LMT,21
2024-08-15,0.134146,0.156083,0.11972,-0.079273,0.013909,LMT,21
2024-08-16,0.133533,0.155723,0.110783,-0.076643,-0.002599,LMT,21
2024-08-19,0.133666,0.14783,0.113654,-0.086609,-0.002655,LMT,21
2024-08-20,0.131028,0.152902,0.119427,-0.084316,-0.004152,LMT,21
2024-08-21,0.132559,0.153326,0.120628,-0.075803,0.006525,LMT,21
2024-08-22,0.135092,0.144606,0.110489,-0.064988,0.00232,LMT,21
2024-08-23,0.13458,0.133224,0.105261,-0.063064,-0.005415,LMT,21
2024-08-26,0.136096,0.132792,0.108077,-0.064624,0.000451,LMT,21
2024-08-27,0.138263,0.131642,0.107362,-0.051735,0.003917,LMT,21
2024-08-28,0.138979,0.134816,0.103628,-0.038195,-0.003527,LMT,21
2024-08-29,0.1394,0.132716,0.109224,-0.043733,0.005222,LMT,21
2024-08-30,0.168632,0.127712,0.110629,-0.046433,0.010074,LMT,21
2024-09-03,0.169532,0.144894,0.113617,-0.006926,0.010129,LMT,21
2024-09-04,0.1684,0.1506,0.115768,0.035354,0.004131,LMT,21
2024-09-05,0.16525,0.1543,0.123163,0.028011,0.010108,LMT,21
2024-09-06,0.165375,0.160369,0.130341,0.051019,0.003517,LMT,21
2024-09-09,0.165633,0.158758,0.130775,0.051373,0.006087,LMT,21
2024-09-10,0.164557,0.159024,0.13018,0.051575,0.007722,LMT,21
2024-09-11,0.161288,0.154988,0.126474,0.040539,-0.001246,LMT,21
2024-09-12,0.160786,0.157586,0.125044,0.036377,0.011425,LMT,21
2024-09-13,0.16002,0.160968,0.125122,0.038365,0.018521,LMT,21
2024-09-16,0.160258,0.161365,0.129892,0.039976,0.006497,LMT,21
2024-09-17,0.160762,0.164426,0.128208,0.044538,0.009049,LMT,21
2024-09-18,0.159943,0.163417,0.129657,0.044142,0.005392,LMT,21
2024-09-19,0.159517,0.162803,0.130776,0.040199,0.018501,LMT,21
2024-09-20,0.15937,0.16291,0.130758,0.049839,0.010778,LMT,21
2024-09-23,0.181061,0.159384,0.132164,0.049334,-0.003203,LMT,21
2024-09-24,0.184655,0.15806,0.132295,0.04728,-0.0026,LMT,21
2024-09-25,0.185965,0.152587,0.129351,0.039971,0.012278,LMT,21
2024-09-26,0.186243,0.16242,0.141742,0.055416,0.007902,LMT,21
2024-09-27,0.184821,0.179084,0.154173,0.068366,0.011854,LMT,21
2024-09-30,0.184378,0.181033,0.151602,0.069148,0.022078,LMT,21
2024-10-01,0.160056,0.194983,0.162925,0.073862,0.005296,LMT,21
2024-10-02,0.16144,0.194009,0.16192,0.066381,-0.003615,LMT,21
2024-10-03,0.159292,0.206369,0.162549,0.083135,-0.013471,LMT,21
2024-10-04,0.161,0.206776,0.165516,0.076421,-0.022307,LMT,21
2024-10-07,0.159704,0.218979,0.165441,0.094481,-0.024121,LMT,21
2024-10-08,0.179576,0.211134,0.16232,0.093994,-0.017888,LMT,21
2024-10-09,0.181393,0.20709,0.163536,0.085542,-0.01884,LMT,21
2024-10-10,0.182734,0.198585,0.163908,0.077919,-0.010724,LMT,21
2024-10-11,0.184288,0.19345,0.162625,0.076838,-0.013055,LMT,21
2024-10-14,0.18617,0.191617,0.163179,0.078265,-0.016332,LMT,21
2024-10-15,0.185195,0.180226,0.165629,0.071031,-0.003825,LMT,21
2024-10-16,0.203245,0.180669,0.160943,0.069154,-0.005558,LMT,21
2024-10-17,0.207403,0.179218,0.163057,0.06621,-0.005116,LMT,21
2024-10-18,0.209656,0.179266,0.161001,0.075558,-0.000703,LMT,21
2024-10-21,0.210229,0.194255,0.160652,0.092602,0.008642,LMT,21
2024-10-22,0.191189,0.184753,0.167477,0.02364,0.006017,LMT,21
2024-10-23,0.191095,0.19259,0.158533,0.013743,0.002687,LMT,21
2024-10-24,0.189734,0.186499,0.15377,0.003592,0.001735,LMT,21
2024-10-25,0.2021,0.173485,0.151671,-0.003679,0.012986,LMT,21
2024-10-28,0.201794,0.177436,0.151968,0.000361,0.009242,LMT,21
2024-10-29,0.203046,0.167769,0.150289,-0.000212,-0.000962,LMT,21
2024-10-30,0.201027,0.169113,0.151491,0.024586,0.001333,LMT,21
2024-10-31,0.199053,0.179524,0.152723,0.046893,-0.006735,LMT,21
2024-11-01,0.199325,0.169198,0.141967,0.031053,0.007497,LMT,21
2024-11-04,0.198448,0.174161,0.14132,0.039512,0.010426,LMT,21
2024-11-05,0.199626,0.17713,0.142708,0.038332,0.004681,LMT,21
2024-11-06,0.182847,0.149292,0.135881,-0.001201,-0.000109,LMT,21
2024-11-07,0.18412,0.142221,0.125138,-0.016329,0.008649,LMT,21
2024-11-08,0.1818,0.141383,0.124827,-0.017723,0.000957,LMT,21
2024-11-11,0.182576,0.146582,0.127877,-0.007309,-0.000709,LMT,21
2024-11-12,0.188089,0.145347,0.124547,-0.013388,-0.006274,LMT,21
2024-11-13,0.18899,0.138256,0.126002,-0.014351,-0.003937,LMT,21
2024-11-14,0.16885,0.167439,0.149121,-0.002827,0.015992,LMT,21
2024-11-15,0.163481,0.169015,0.145806,-0.008562,0.00129,LMT,21
2024-11-18,0.16161,0.172353,0.14209,-0.020578,0.02339,LMT,21
2024-11-19,0.161673,0.167505,0.138716,-0.017713,0.01671,LMT,21
2024-11-20,0.163745,0.168915,0.142697,0.013204,0.002796,LMT,21
2024-11-21,0.162248,0.156424,0.138105,-0.002496,0.006739,LMT,21
2024-11-22,0.161786,0.152834,0.141089,-0.012377,0.009262,LMT,21
2024-11-25,0.146127,0.159715,0.142258,-0.015599,0.015627,LMT,21
2024-11-26,0.148897,0.158072,0.141193,-0.016581,-0.00244,LMT,21
2024-11-27,0.147224,0.160687,0.136857,-0.020795,0.000485,LMT,21
2024-11-29,0.147242,0.159774,0.139209,-0.017394,0.001662,LMT,21
2024-12-02,0.149477,0.162008,0.141411,-0.010328,0.007834,LMT,21
2024-12-03,0.148761,0.163457,0.140744,-0.004202,0.00025,LMT,21
2024-12-04,0.152149,0.152146,0.135156,-0.014287,-0.007128,LMT,21
2024-12-05,0.158505,0.153824,0.135698,-0.015809,0.008392,LMT,21
2024-12-06,0.158134,0.150218,0.131548,-0.001939,0.004445,LMT,21
2024-12-09,0.156762,0.166698,0.147867,0.016642,-0.000578,LMT,21
2024-12-10,0.162882,0.158875,0.145343,0.01363,-0.001631,LMT,21
2024-12-11,0.163893,0.162087,0.14742,0.023551,0.006409,LMT,21
2024-12-12,0.156326,0.164149,0.144352,0.017326,-0.005722,LMT,21
2024-12-13,0.153335,0.163161,0.143898,0.013083,-0.001797,LMT,21
2024-12-16,0.156733,0.164524,0.146285,0.044168,0.003079,LMT,21
2024-12-17,0.163717,0.163657,0.146077,0.056988,-0.010753,LMT,21
2024-12-18,0.168458,0.181728,0.163044,0.079171,-0.003687,LMT,21
2024-12-19,0.173109,0.188615,0.165477,0.086779,0.002359,LMT,21
2024-12-20,0.169205,0.161862,0.149007,0.050785,0.00694,LMT,21
2024-12-23,0.172317,0.163445,0.15769,0.056279,-0.012604,LMT,21
2024-12-24,0.193312,0.160552,0.154499,0.047457,-0.008963,LMT,21
2024-12-26,0.200975,0.166163,0.159492,0.064455,-0.012751,LMT,21
2024-12-27,0.202685,0.174244,0.170674,0.07354,-0.010223,LMT,21
2024-12-30,0.204645,0.168963,0.161594,0.078663,-0.011727,LMT,21
2024-12-31,0.207069,0.17888,0.18009,0.088533,-0.000223,LMT,21
2025-01-02,0.204682,0.187784,0.180664,0.089677,-0.009967,LMT,21
2025-01-03,0.206271,0.182009,0.180725,0.080001,-0.004472,LMT,21
2025-01-06,0.205424,0.194313,0.190931,0.096315,-0.000293,LMT,21
2025-01-07,0.20086,0.224523,0.196475,0.102517,6.3e-05,LMT,21
2025-01-08,0.202411,0.216872,0.197704,0.092391,0.003665,LMT,21
2025-01-10,0.203391,0.214703,0.196729,0.103426,0.010741,LMT,21
2025-01-13,0.200052,0.215273,0.196326,0.103424,7.9e-05,LMT,21
2025-01-14,0.206689,0.200945,0.191737,0.085362,0.012465,LMT,21
2025-01-15,0.216206,0.194694,0.18306,0.084671,0.015706,LMT,21
2025-01-16,0.222153,0.192169,0.188778,0.084079,0.004425,LMT,21
2025-01-17,0.229832,0.198205,0.188299,0.086343,0.006101,LMT,21
2025-01-21,0.226361,0.199853,0.188729,0.07809,-0.003644,LMT,21
2025-01-22,0.224765,0.196279,0.187239,0.072186,0.002074,LMT,21
2025-01-23,0.224941,0.195836,0.186608,0.066877,0.01048,LMT,21
2025-01-24,0.22994,0.198098,0.190194,0.066098,0.010286,LMT,21
2025-01-27,0.228943,0.20808,0.191703,0.090914,0.018276,LMT,21
2025-01-28,0.21164,0.191655,0.183101,0.031408,-0.005735,LMT,21
2025-01-29,0.203178,0.168834,0.156534,-0.00693,-0.003548,LMT,21
2025-01-30,0.20067,0.167066,0.156158,-0.007395,0.009828,LMT,21
2025-01-31,0.2137,0.169909,0.156016,-0.012247,0.008138,LMT,21
2025-02-03,0.219089,0.181937,0.164305,0.002097,-0.000636,LMT,21
2025-02-04,0.22451,0.170443,0.153036,0.006093,-0.00466,LMT,21
2025-02-05,0.233902,0.151381,0.147815,-0.005095,-0.00168,LMT,21
2025-02-06,0.252096,0.150537,0.143757,-0.005531,-0.002802,LMT,21
2025-02-07,0.255228,0.160493,0.154979,0.018178,0.010043,LMT,21
2025-02-10,0.257633,0.159765,0.156513,0.015767,0.002052,LMT,21
2025-02-11,0.256509,0.163713,0.152302,0.014375,0.003932,LMT,21
2025-02-12,0.256599,0.161463,0.15712,0.023061,0.021802,LMT,21
2025-02-13,0.252861,0.174413,0.165249,0.031935,0.000278,LMT,21
2025-02-14,0.244606,0.188246,0.173619,0.032,0.012228,LMT,21
2025-02-18,0.243096,0.19437,0.17613,0.027509,0.019719,LMT,21
2025-02-19,0.234506,0.197761,0.171054,0.024565,0.001426,LMT,21
2025-02-20,0.300504,0.19506,0.173363,0.026353,0.004117,LMT,21
2025-02-21,0.301353,0.203288,0.175822,0.0352,-0.000473,LMT,21
2025-02-24,0.301812,0.236619,0.179969,0.026528,0.004603,LMT,21
2025-02-25,0.301186,0.237631,0.184688,0.02828,0.000304,LMT,21
2025-02-26,0.300752,0.222838,0.178403,0.018741,0.004859,LMT,21
2025-02-27,0.3018,0.2209,0.176189,0.040915,0.008128,LMT,21
2025-02-28,0.304861,0.207485,0.167163,0.036896,-0.011895,LMT,21
2025-03-03,0.305613,0.208439,0.172427,0.050881,0.007378,LMT,21
2025-03-04,0.298792,0.229191,0.176024,0.054808,0.016762,LMT,21
2025-03-05,0.298275,0.224232,0.178272,0.033354,0.004947,LMT,21
2025-03-06,0.307135,0.22888,0.179644,0.031918,0.006428,LMT,21
2025-03-07,0.316775,0.226775,0.189728,0.020356,0.00714,LMT,21
2025-03-10,0.308517,0.246191,0.204215,0.022234,0.001801,LMT,21
2025-03-11,0.335209,0.249131,0.201594,0.025872,0.014081,LMT,21
2025-03-12,0.344971,0.239269,0.197629,0.008916,0.012282,LMT,21
2025-03-13,0.352972,0.236959,0.196915,0.010759,-0.003388,LMT,21
2025-03-14,0.355553,0.231757,0.192869,0.000845,-0.001049,LMT,21
2025-03-17,0.353936,0.224467,0.196204,-0.005035,0.012374,LMT,21
2025-03-18,0.355008,0.232405,0.195712,0.013436,0.000945,LMT,21
2025-03-19,0.369674,0.225525,0.192058,0.005968,0.001992,LMT,21
2025-03-20,0.372812,0.214219,0.190762,0.009011,0.013653,LMT,21
2025-03-21,0.353966,0.233834,0.197104,-0.036001,0.009981,LMT,21
2025-03-24,0.35806,0.269145,0.208945,-0.041917,0.019434,LMT,21
2025-03-25,0.355832,0.275375,0.215865,-0.036416,0.010436,LMT,21
2025-03-26,0.35551,0.271567,0.218824,-0.03438,0.004362,LMT,21
2025-03-27,0.356344,0.275594,0.222857,-0.026362,0.008705,LMT,21
2025-03-28,0.35602,0.2613,0.218659,-0.022846,0.000138,LMT,21
2025-03-31,0.354464,0.272335,0.21987,-0.010586,0.00458,LMT,21
2025-04-01,0.354012,0.265064,0.218388,-0.019854,0.00551,LMT,21
2025-04-02,0.366647,0.260964,0.216013,-0.014199,0.006299,LMT,21
2025-04-03,0.36266,0.276216,0.210482,0.001473,-0.000362,LMT,21
2025-04-04,0.353318,0.303969,0.230513,0.074553,0.041843,LMT,21
2025-04-07,0.339284,0.304117,0.226561,0.081244,0.046975,LMT,21
2025-04-08,0.333387,0.311819,0.233731,0.106889,0.090031,LMT,21
2025-04-09,0.30528,0.285465,0.226025,0.001057,0.049696,LMT,21
2025-04-10,0.293593,0.295571,0.235089,0.016517,0.041792,LMT,21
2025-04-11,0.285367,0.282723,0.229145,-0.011652,0.03539,LMT,21
2025-04-14,0.288744,0.275887,0.234631,-0.033243,0.049465,LMT,21
2025-04-15,0.290859,0.273168,0.235519,-0.044748,0.052478,LMT,21
2025-04-16,0.289223,0.270818,0.22148,-0.026117,0.038185,LMT,21
2025-04-17,0.267961,0.26854,0.235167,-0.04922,0.044442,LMT,21
2025-04-21,0.263249,0.27906,0.233021,-0.017517,0.0376,LMT,21
2025-04-22,0.21737,0.26329,0.249097,-0.073795,0.018477,LMT,21
2025-04-23,0.207593,0.243348,0.230982,-0.096243,0.009492,LMT,21
2025-04-24,0.204932,0.241275,0.229385,-0.100813,0.015958,LMT,21
2025-04-25,0.203163,0.227565,0.221369,-0.114089,0.008498,LMT,21
2025-04-28,0.201421,0.236923,0.215623,-0.10346,0.005902,LMT,21
2025-04-29,0.203133,0.207113,0.192637,-0.11818,0.007878,LMT,21
2025-04-30,0.204022,0.211401,0.20153,-0.119793,0.010911,LMT,21
2025-05-01,0.20358,0.215527,0.205346,-0.110028,-0.014208,LMT,21
2025-05-02,0.174233,0.214496,0.200167,-0.132712,0.008961,LMT,21
2025-05-05,0.174507,0.210763,0.200644,-0.120872,0.017164,LMT,21
2025-05-06,0.18099,0.214513,0.207396,-0.098983,0.007718,LMT,21
2025-05-07,0.177818,0.204376,0.184875,-0.08882,0.000853,LMT,21
2025-05-08,0.176824,0.200688,0.18205,-0.08054,0.00126,LMT,21
2025-05-09,0.173538,0.192843,0.181164,-0.068139,0.010639,LMT,21
2025-05-12,0.19687,0.190279,0.166467,-0.060882,0.015194,LMT,21
2025-05-13,0.196625,0.195619,0.174831,-0.042403,0.010178,LMT,21
2025-05-14,0.195466,0.198381,0.178022,-0.05025,0.010611,LMT,21
2025-05-15,0.200646,0.196207,0.174265,-0.062616,0.010115,LMT,21
2025-05-16,0.207828,0.195712,0.171332,-0.06504,0.016522,LMT,21
2025-05-19,0.213974,0.194513,0.171176,-0.043211,0.010818,LMT,21
2025-05-20,0.223431,0.192195,0.167627,-0.03038,0.010063,LMT,21
2025-05-21,0.232705,0.198748,0.179265,0.027018,0.014804,LMT,21
2025-05-22,0.235477,0.194296,0.173188,0.029815,0.012636,LMT,21
2025-05-23,0.237225,0.197604,0.176391,0.043593,0.013806,LMT,21
2025-05-27,0.238222,0.192226,0.174488,0.03453,0.016218,LMT,21
2025-05-28,0.238353,0.191097,0.173855,0.034798,0.011623,LMT,21
2025-05-29,0.236402,0.190683,0.166992,0.030566,0.008212,LMT,21
2025-05-30,0.237342,0.195177,0.171393,0.030379,0.002618,LMT,21
2025-06-02,0.239064,0.192666,0.163358,0.028263,0.00978,LMT,21
2025-06-03,0.239035,0.190077,0.169487,0.059405,0.007153,LMT,21
2025-06-04,0.241536,0.187174,0.161288,0.057739,0.011273,LMT,21
2025-06-05,0.235411,0.189141,0.167477,0.045928,0.020616,LMT,21
2025-06-06,0.23642,0.188457,0.168033,0.051986,0.00694,LMT,21
2025-06-09,0.239368,0.192124,0.169787,0.061408,0.006747,LMT,21
2025-06-10,0.239825,0.191101,0.172513,0.06302,0.009549,LMT,21
2025-06-11,0.217233,0.206383,0.191608,0.068184,-0.005425,LMT,21
2025-06-12,0.215162,0.204557,0.189914,0.054177,-0.000519,LMT,21
2025-06-13,0.20636,0.225112,0.202834,0.09682,-0.006067,LMT,21
2025-06-16,0.198702,0.223633,0.208521,0.076095,-0.013364,LMT,21
2025-06-17,0.194967,0.238734,0.210325,0.088897,-0.004485,LMT,21
2025-06-18,0.188235,0.226844,0.209581,0.073159,-0.003322,LMT,21
2025-06-20,0.22767,0.224028,0.208969,0.055666,-0.004061,LMT,21
2025-06-23,0.226218,0.220863,0.196573,0.041428,0.001849,LMT,21
2025-06-24,0.224856,0.217093,0.195322,0.0303,0.000437,LMT,21
2025-06-25,0.22592,0.216015,0.193684,0.026237,0.001897,LMT,21
2025-06-26,0.225702,0.219191,0.191991,0.020847,0.000198,LMT,21
2025-06-27,0.224897,0.21733,0.19383,0.020439,-0.001356,LMT,21
2025-06-30,0.225619,0.21988,0.197266,0.036303,-0.006143,LMT,21
2025-07-01,0.227346,0.220932,0.198319,0.030626,0.001817,LMT,21
2025-07-02,0.227258,0.224016,0.199139,0.03825,-0.003236,LMT,21
2025-07-03,0.227683,0.222147,0.199936,0.032361,0.002974,LMT,21
2025-07-07,0.227077,0.225573,0.201835,0.037425,-0.000484,LMT,21
2025-07-08,0.22788,0.226729,0.199394,0.044655,-0.004145,LMT,21
2025-07-09,0.229334,0.222308,0.201966,0.049923,0.002365,LMT,21
2025-07-10,0.229057,0.227095,0.199753,0.042814,-0.002333,LMT,21
2025-07-11,0.227917,0.22452,0.197413,0.039556,-0.004015,LMT,21
2025-07-14,0.227144,0.233527,0.202483,0.072042,0.004524,LMT,21
2025-07-15,0.230435,0.233177,0.2019,0.0784,-0.00984,LMT,21
2025-07-16,0.233744,0.228148,0.199029,0.080737,-0.001674,LMT,21
2025-07-17,0.232875,0.214847,0.192745,0.089543,-0.005147,LMT,21
2025-07-18,0.229322,0.216206,0.204049,0.084526,0.007699,LMT,21
2025-07-21,0.229541,0.215138,0.206119,0.104721,-0.025328,LMT,21
2025-07-22,0.179484,0.217518,0.207372,0.024654,-0.04128,LMT,21
2025-07-23,0.167647,0.207101,0.18987,0.002177,-0.034936,LMT,21
2025-07-24,0.167398,0.208783,0.188869,-0.000319,-0.03805,LMT,21
2025-07-25,0.163366,0.202975,0.178439,-0.013972,-0.038835,LMT,21
2025-07-28,0.165211,0.20326,0.181083,-0.012889,-0.030393,LMT,21
2025-07-29,0.163876,0.202576,0.183571,-0.009285,-0.045927,LMT,21
2025-07-30,0.163789,0.199638,0.181911,-0.009712,-0.038436,LMT,21
2025-07-31,0.1562,0.197823,0.188271,-0.008384,-0.037055,LMT,21
2025-08-01,0.157112,0.202278,0.184163,0.002007,-0.027297,LMT,21
2025-08-04,0.157253,0.193625,0.180479,-0.012141,-0.029944,LMT,21
2025-08-05,0.155106,0.190799,0.178852,-0.016229,-0.023815,LMT,21
2025-08-06,0.151949,0.1893,0.176477,-0.027007,-0.030538,LMT,21
2025-08-07,0.155691,0.1913,0.179072,-0.02342,-0.018395,LMT,21
2025-08-08,0.151041,0.191559,0.177961,-0.026688,-0.028,LMT,21
2025-08-11,0.152352,0.191567,0.1809,-0.017276,-0.020522,LMT,21
2025-08-12,0.154977,0.185342,0.176276,-0.025726,-0.025854,LMT,21
2025-08-13,0.15074,0.187145,0.174993,-0.029395,-0.022804,LMT,21
2025-08-14,0.144582,0.193171,0.183235,-0.013196,-0.026434,LMT,21
2025-08-15,0.146106,0.169383,0.153134,-0.019255,-0.024293,LMT,21
2025-08-18,0.145484,0.16703,0.160039,-0.024812,-3.7e-05,LMT,21
2025-08-19,0.145259,0.166746,0.150305,-0.029738,-0.0149,LMT,21
2025-08-20,0.145778,0.173325,0.15737,0.021956,-0.020355,LMT,21
2025-08-21,0.148914,0.173813,0.155857,0.032803,-0.009903,LMT,21
2025-08-22,0.146637,0.169609,0.144319,0.017051,-0.011336,LMT,21
2025-08-25,0.153168,0.1731,0.156639,0.032699,-0.004333,LMT,21
2025-08-26,0.148403,0.18017,0.15696,0.045628,-0.013403,LMT,21
2025-08-27,0.149177,0.174173,0.156717,0.036745,-0.00973,LMT,21
2025-08-28,0.152074,0.177085,0.15286,0.042599,-0.020396,LMT,21
2025-08-29,0.153379,0.173999,0.149765,0.039885,-0.013045,LMT,21
2025-09-02,0.15305,0.178466,0.155085,0.038973,-0.013045,LMT,21
2025-09-03,0.154018,0.17365,0.155041,0.038832,-0.013045,LMT,21
2025-09-04,0.153829,0.173663,0.152888,0.040979,-0.013045,LMT,21
2025-09-05,0.155093,0.174001,0.150552,0.044136,-0.013045,LMT,21
2025-09-08,0.149383,0.177769,0.154542,0.040394,-0.013045,LMT,21
2025-09-09,0.148173,0.176894,0.156172,,,LMT,21
2025-09-10,0.153076,0.176946,0.154162,,,LMT,21
2025-09-11,0.160118,0.173563,0.153547,,,LMT,21
2025-09-12,0.16156,0.17376,0.156215,,,LMT,21
2025-09-15,0.163229,0.181355,0.163196,,,LMT,21
2025-09-16,0.185794,0.180009,0.162016,,,LMT,21
2025-09-17,0.187318,0.179333,0.159388,,,LMT,21
2025-09-18,0.188482,0.17687,0.157329,,,LMT,21
2025-09-19,0.187627,0.173178,0.159132,,,LMT,21
2025-09-22,0.216923,0.172238,0.159912,,,LMT,21
2025-09-23,0.219965,0.173137,0.162035,,,LMT,21
2025-09-24,0.217769,0.174976,0.163103,,,LMT,21
2025-09-25,0.21881,0.174159,0.162439,,,LMT,21
2025-09-26,0.219501,0.174253,0.161984,,,LMT,21
2025-09-29,0.217133,0.175025,0.162532,,,LMT,21
2025-09-30,0.216281,0.173164,0.163819,,,LMT,21
2025-10-01,0.215923,0.174121,0.164322,,,LMT,21
2025-10-02,0.216447,0.173569,0.162305,,,LMT,21
2025-10-03,0.21665,0.17364,0.161417,,,LMT,21
2025-10-06,0.218211,0.17304,0.163619,,,LMT,21
2025-10-07,0.221249,0.173359,0.162709,,,LMT,21
2025-10-08,0.223286,0.170139,0.162601,,,LMT,21
2025-10-09,0.223631,0.172358,0.163159,,,LMT,21
2025-10-10,0.219574,0.175305,0.165039,,,LMT,21
2025-10-13,0.22285,0.181211,0.161954,,,LMT,21
2025-10-14,0.221356,0.181499,0.160461,,,LMT,21
2025-10-15,0.20193,0.193902,0.163324,,,LMT,21
2025-10-16,0.204743,0.192698,0.162721,,,LMT,21
2025-10-17,0.203842,0.19298,0.16397,,,LMT,21
2025-10-20,0.214625,0.178818,0.157565,,,LMT,21
2025-10-21,0.182593,0.185846,0.161898,,,LMT,21
2025-10-22,0.186406,0.185525,0.160868,,,LMT,21
2025-10-23,0.185814,0.186807,0.16059,,,LMT,21
2025-10-24,0.188377,0.186282,0.160034,,,LMT,21
2025-10-27,0.187315,0.184452,0.160793,,,LMT,21
2025-10-28,0.186445,0.180815,0.159822,,,LMT,21
2025-10-29,0.186128,0.179876,0.159676,,,LMT,21
2014-01-06,0.188685,0.172971,0.139246,0.066479,0.03123,LMT,63
2014-01-07,0.189809,0.172619,0.139252,0.054308,0.030178,LMT,63
2014-01-08,0.191165,0.172815,0.139419,0.054324,0.032081,LMT,63
2014-01-09,0.192142,0.172815,0.13939,0.052836,0.030503,LMT,63
2014-01-10,0.191629,0.1727,0.139452,0.046241,0.028285,LMT,63
2014-01-13,0.19132,0.172029,0.140494,0.046836,0.025287,LMT,63
2014-01-14,0.191508,0.170754,0.139355,0.051818,0.011554,LMT,63
2014-01-15,0.19116,0.170453,0.138372,0.025659,0.029291,LMT,63
2014-01-16,0.191416,0.170435,0.139036,0.032759,0.029978,LMT,63
2014-01-17,0.192388,0.170488,0.138865,0.026063,0.03064,LMT,63
2014-01-21,0.195423,0.170595,0.137841,0.033927,0.033987,LMT,63
2014-01-22,0.198864,0.170507,0.137826,0.047551,0.019053,LMT,63
2014-01-23,0.193276,0.169202,0.137939,0.001776,0.025903,LMT,63
2014-01-24,0.191975,0.170314,0.140105,0.016366,0.030832,LMT,63
2014-01-27,0.189615,0.169316,0.140477,0.010728,0.027113,LMT,63
2014-01-28,0.189387,0.170009,0.140597,-0.006932,0.025756,LMT,63
2014-01-29,0.189799,0.169274,0.140597,0.004472,0.034756,LMT,63
2014-01-30,0.189305,0.168777,0.140717,-0.006108,0.024066,LMT,63
2014-01-31,0.183466,0.168828,0.142239,-0.016286,0.026257,LMT,63
2014-02-03,0.180767,0.169108,0.141884,-0.002617,0.03797,LMT,63
2014-02-04,0.176746,0.17075,0.158053,-0.026544,0.036038,LMT,63
2014-02-05,0.173651,0.171072,0.158552,-0.034008,0.037598,LMT,63
2014-02-06,0.172566,0.172341,0.157537,-0.033003,0.024801,LMT,63
2014-02-07,0.169757,0.172546,0.157377,-0.055243,0.027716,LMT,63
2014-02-10,0.1694,0.172628,0.159286,-0.056924,0.034693,LMT,63
2014-02-11,0.167408,0.173018,0.157814,-0.064605,0.024076,LMT,63
2014-02-12,0.167798,0.173029,0.15782,-0.066018,0.021364,LMT,63
2014-02-13,0.165673,0.172885,0.156796,-0.070777,0.028417,LMT,63
2014-02-14,0.164529,0.173036,0.156964,-0.062358,0.012974,LMT,63
2014-02-18,0.163971,0.172956,0.156717,-0.067215,0.02498,LMT,63
2014-02-19,0.163237,0.172999,0.155475,-0.065248,0.022695,LMT,63
2014-02-20,0.161775,0.173151,0.155208,-0.065275,0.015052,LMT,63
2014-02-21,0.16116,0.173248,0.154705,-0.07365,0.018907,LMT,63
2014-02-24,0.158702,0.173616,0.154726,-0.054295,0.018454,LMT,63
2014-02-25,0.156285,0.17384,0.154686,-0.054093,0.025782,LMT,63
2014-02-26,0.155751,0.173523,0.154421,-0.041134,0.018715,LMT,63
2014-02-27,0.155953,0.173509,0.154086,-0.025435,-0.00292,LMT,63
2014-02-28,0.155581,0.173483,0.153519,-0.050431,0.026076,LMT,63
2014-03-03,0.154416,0.173437,0.153597,-0.036705,0.027313,LMT,63
2014-03-04,0.154305,0.173853,0.153187,-0.033565,0.026012,LMT,63
2014-03-05,0.154021,0.161478,0.154735,-0.019091,0.019099,LMT,63
2014-03-06,0.154085,0.161595,0.15527,-0.013385,0.024975,LMT,63
2014-03-07,0.153507,0.161534,0.156194,-0.007747,0.025775,LMT,63
2014-03-10,0.154622,0.161595,0.155273,0.005089,0.02289,LMT,63
2014-03-11,0.154809,0.161595,0.150947,0.014958,0.01975,LMT,63
2014-03-12,0.155148,0.161595,0.151279,0.008347,0.028679,LMT,63
2014-03-13,0.154912,0.161479,0.148542,0.022136,0.026996,LMT,63
2014-03-14,0.154146,0.161479,0.150506,0.022875,0.023564,LMT,63
2014-03-17,0.154378,0.161861,0.15045,0.023051,0.027231,LMT,63
2014-03-18,0.155086,0.161288,0.149324,0.026992,0.020695,LMT,63
2014-03-19,0.153363,0.161978,0.14955,0.040952,0.010551,LMT,63
2014-03-20,0.152509,0.16197,0.149179,0.018123,0.029048,LMT,63
2014-03-21,0.151438,0.16197,0.148252,0.072807,-0.028513,LMT,63
2014-03-24,0.151181,0.16217,0.148442,0.02381,0.010056,LMT,63
2014-03-25,0.151078,0.161978,0.147814,0.017905,0.026492,LMT,63
2014-03-26,0.150338,0.161405,0.148637,0.027889,0.013941,LMT,63
2014-03-27,0.150625,0.161288,0.148701,0.030376,0.021939,LMT,63
2014-03-28,0.14991,0.161405,0.149779,0.029383,0.02905,LMT,63
2014-03-31,0.149888,0.161405,0.14967,0.036293,0.021802,LMT,63
2014-04-01,0.1518,0.161978,0.148137,0.03732,0.025713,LMT,63
2014-04-02,0.152036,0.155539,0.150579,0.0332,0.027366,LMT,63
2014-04-03,0.152246,0.155371,0.149495,0.042827,0.016955,LMT,63
2014-04-04,0.150968,0.155348,0.149313,0.045264,0.024043,LMT,63
2014-04-07,0.149215,0.155377,0.149565,0.052574,0.026544,LMT,63
2014-04-08,0.147273,0.155665,0.148183,0.066562,0.013546,LMT,63
2014-04-09,0.14627,0.154827,0.147773,0.038431,0.036469,LMT,63
2014-04-10,0.144868,0.15488,0.146162,0.057266,0.021708,LMT,63
2014-04-11,0.144537,0.155037,0.146219,0.057512,0.028898,LMT,63
2014-04-14,0.143233,0.155261,0.146139,0.05434,0.032323,LMT,63
2014-04-15,0.141623,0.155138,0.14696,0.057907,0.025885,LMT,63
2014-04-16,0.141799,0.155363,0.150826,0.02803,0.037921,LMT,63
2014-04-17,0.141762,0.155503,0.14741,0.038355,0.019486,LMT,63
2014-04-21,0.141606,0.155402,0.146544,0.040796,0.027101,LMT,63
2014-04-22,0.136563,0.155419,0.151668,0.006342,0.031519,LMT,63
2014-04-23,0.130755,0.15577,0.151233,0.00209,0.01195,LMT,63
2014-04-24,0.129848,0.155912,0.155623,-0.014952,0.029865,LMT,63
2014-04-25,0.128152,0.156124,0.154913,0.004446,0.015348,LMT,63
2014-04-28,0.127716,0.156094,0.154588,-0.003527,0.019333,LMT,63
2014-04-29,0.127304,0.155943,0.154981,-0.013387,0.025918,LMT,63
2014-04-30,0.127334,0.155834,0.154274,-0.023812,0.0266,LMT,63
2014-05-01,0.126111,0.14287,0.137608,-0.024717,0.029521,LMT,63
2014-05-02,0.127544,0.147996,0.13612,-0.025621,0.030509,LMT,63
2014-05-05,0.126746,0.15111,0.13926,-0.017113,0.012211,LMT,63
2014-05-06,0.127484,0.156029,0.134319,-0.021741,0.024377,LMT,63
2014-05-07,0.127678,0.156839,0.138433,-0.01327,0.016251,LMT,63
2014-05-08,0.127732,0.157217,0.137897,-0.024341,0.029076,LMT,63
2014-05-09,0.128147,0.156951,0.13772,-0.020235,0.027393,LMT,63
2014-05-12,0.127732,0.156742,0.136335,-0.006371,0.00647,LMT,63
2014-05-13,0.128063,0.156256,0.134615,-0.021811,0.023588,LMT,63
2014-05-14,0.12796,0.156612,0.135246,-0.022649,0.028913,LMT,63
2014-05-15,0.126781,0.156079,0.134217,-0.015074,0.027495,LMT,63
2014-05-16,0.127505,0.156542,0.136292,-0.010908,0.02569,LMT,63
2014-05-19,0.127581,0.157659,0.137219,-0.006479,0.025123,LMT,63
2014-05-20,0.126703,0.157526,0.136732,-0.011195,0.02598,LMT,63
2014-05-21,0.127266,0.157497,0.135466,0.000263,0.022909,LMT,63
2014-05-22,0.127333,0.157662,0.136978,0.016095,0.025399,LMT,63
2014-05-23,0.127563,0.157728,0.137522,0.019928,0.020216,LMT,63
2014-05-27,0.127685,0.157705,0.14121,0.037774,0.014623,LMT,63
2014-05-28,0.1261,0.157773,0.140418,0.027346,0.027629,LMT,63
2014-05-29,0.124986,0.157038,0.140743,0.042511,-0.014268,LMT,63
2014-05-30,0.124729,0.134798,0.12869,0.024723,0.01105,LMT,63
2014-06-02,0.124145,0.134863,0.129485,0.030115,0.019353,LMT,63
2014-06-03,0.124621,0.134509,0.130927,0.028266,0.020548,LMT,63
2014-06-04,0.125104,0.137058,0.136342,0.03369,0.020024,LMT,63
2014-06-05,0.125302,0.13709,0.135111,0.040232,0.016745,LMT,63
2014-06-06,0.12614,0.141428,0.135161,0.030913,0.023399,LMT,63
2014-06-09,0.124415,0.139655,0.135122,0.04186,0.006235,LMT,63
2014-06-10,0.124093,0.139781,0.136228,0.029759,0.026567,LMT,63
2014-06-11,0.122913,0.14066,0.135752,0.031861,0.021979,LMT,63
2014-06-12,0.121904,0.137026,0.135069,0.033197,0.025896,LMT,63
2014-06-13,0.12146,0.137383,0.134618,0.029594,0.026489,LMT,63
2014-06-16,0.121149,0.138028,0.13662,0.043616,0.017881,LMT,63
2014-06-17,0.121334,0.13746,0.131367,0.036328,0.022328,LMT,63
2014-06-18,0.120945,0.136016,0.13108,0.040089,0.011164,LMT,63
2014-06-19,0.119815,0.137123,0.129601,0.037701,0.010691,LMT,63
2014-06-20,0.119537,0.142215,0.137048,0.021942,0.028488,LMT,63
2014-06-23,0.118956,0.142188,0.136992,0.028049,0.017973,LMT,63
2014-06-24,0.119302,0.139787,0.136033,0.030998,0.013198,LMT,63
2014-06-25,0.119019,0.14021,0.135648,0.034679,0.013568,LMT,63
2014-06-26,0.119011,0.140338,0.135438,0.041718,0.021072,LMT,63
2014-06-27,0.121192,0.128835,0.123052,0.040406,0.016202,LMT,63
2014-06-30,0.122028,0.128989,0.126461,0.040117,0.027321,LMT,63
2014-07-01,0.119799,0.128882,0.122964,0.043243,0.02114,LMT,63
2014-07-02,0.12044,0.130979,0.119423,0.039595,0.026566,LMT,63
2014-07-03,0.121233,0.137405,0.121627,0.03722,0.024171,LMT,63
2014-07-07,0.121582,0.129872,0.12026,0.040441,0.024175,LMT,63
2014-07-08,0.122159,0.130462,0.121414,0.046207,0.02335,LMT,63
2014-07-09,0.122643,0.132105,0.124494,0.04354,0.029482,LMT,63
2014-07-10,0.125022,0.131634,0.125144,0.050216,0.021239,LMT,63
2014-07-11,0.125633,0.132418,0.125235,0.057577,0.010227,LMT,63
2014-07-14,0.127645,0.131527,0.128816,0.057627,0.02408,LMT,63
2014-07-15,0.129816,0.134584,0.134539,0.058273,0.016024,LMT,63
2014-07-16,0.132794,0.141485,0.135457,0.047756,0.023098,LMT,63
2014-07-17,0.138739,0.143491,0.136608,0.0579,0.021228,LMT,63
2014-07-18,0.142113,0.14195,0.13786,0.04126,0.024772,LMT,63
2014-07-21,0.141534,0.133837,0.138003,0.05082,0.015598,LMT,63
2014-07-22,0.141451,0.137306,0.13563,0.006326,0.018059,LMT,63
2014-07-23,0.152906,0.145571,0.134341,0.003724,0.013832,LMT,63
2014-07-24,0.158687,0.151272,0.135333,0.016009,0.009307,LMT,63
2014-07-25,0.160361,0.153648,0.135446,0.001215,0.025173,LMT,63
2014-07-28,0.160271,0.155398,0.135583,0.022617,0.011252,LMT,63
2014-07-29,0.160897,0.155443,0.136017,0.017294,0.012894,LMT,63
2014-07-30,0.160748,0.155428,0.136777,0.011584,0.021087,LMT,63
2014-07-31,0.160979,0.15552,0.137584,0.041831,0.021283,LMT,63
2014-08-01,0.162083,0.156846,0.137194,0.043194,0.033093,LMT,63
2014-08-04,0.162423,0.157208,0.136918,0.03834,0.030469,LMT,63
2014-08-05,0.162884,0.157001,0.136546,0.04608,0.029483,LMT,63
2014-08-06,0.163087,0.157546,0.136524,0.050666,0.035139,LMT,63
2014-08-07,0.164389,0.157562,0.136514,0.049036,0.03829,LMT,63
2014-08-08,0.163827,0.15747,0.136912,0.055323,0.021022,LMT,63
2014-08-11,0.165843,0.157038,0.136536,0.041222,0.03346,LMT,63
2014-08-12,0.165436,0.157425,0.1364,0.034882,0.034902,LMT,63
2014-08-13,0.165099,0.156955,0.136298,0.023844,0.028316,LMT,63
2014-08-14,0.165092,0.156532,0.137224,0.010261,0.027695,LMT,63
2014-08-15,0.164488,0.154085,0.137159,0.017579,0.019202,LMT,63
2014-08-18,0.164387,0.153961,0.136419,0.004583,0.029498,LMT,63
2014-08-19,0.164527,0.15302,0.136683,0.005654,0.024743,LMT,63
2014-08-20,0.164934,0.152613,0.136231,0.00689,0.011285,LMT,63
2014-08-21,0.164919,0.153589,0.136259,0.008553,0.009302,LMT,63
2014-08-22,0.164774,0.152935,0.134914,0.001829,0.014324,LMT,63
2014-08-25,0.164549,0.155033,0.140947,0.006459,0.024058,LMT,63
2014-08-26,0.164615,0.15463,0.140876,0.013384,0.018341,LMT,63
2014-08-27,0.164746,0.154849,0.141608,0.012754,0.023905,LMT,63
2014-08-28,0.165095,0.155185,0.141528,0.026985,0.012027,LMT,63
2014-08-29,0.166472,0.154324,0.141657,0.020538,0.01717,LMT,63
2014-09-02,0.166319,0.156632,0.142865,0.034651,0.022908,LMT,63
2014-09-03,0.166268,0.157643,0.142799,0.032064,0.024018,LMT,63
2014-09-04,0.165946,0.157999,0.142217,0.033071,0.026958,LMT,63
2014-09-05,0.165736,0.155543,0.141124,0.031438,0.030423,LMT,63
2014-09-08,0.165866,0.154932,0.141545,0.039737,0.02081,LMT,63
2014-09-09,0.166047,0.155229,0.143008,0.040283,0.020979,LMT,63
2014-09-10,0.166189,0.155649,0.142694,0.042511,0.02,LMT,63
2014-09-11,0.16713,0.155746,0.142524,0.03919,0.026354,LMT,63
2014-09-12,0.167716,0.157386,0.142524,0.043447,0.029182,LMT,63
2014-09-15,0.168483,0.156256,0.142293,0.057026,0.022344,LMT,63
2014-09-16,0.17028,0.155828,0.14149,0.051639,0.021634,LMT,63
2014-09-17,0.172603,0.156047,0.142576,0.03529,0.022988,LMT,63
2014-09-18,0.17435,0.15647,0.143449,0.038223,0.016274,LMT,63
2014-09-19,0.177284,0.155936,0.142863,0.032771,0.022464,LMT,63
2014-09-22,0.178043,0.156982,0.141922,0.033617,0.019099,LMT,63
2014-09-23,0.17784,0.162952,0.145175,0.05252,0.019342,LMT,63
2014-09-24,0.178016,0.162115,0.14541,0.058445,-0.012139,LMT,63
2014-09-25,0.177606,0.162673,0.145037,0.054678,0.013839,LMT,63
2014-09-26,0.176127,0.161942,0.144649,0.037482,0.028929,LMT,63
2014-09-29,0.175453,0.161875,0.141842,0.045483,0.031522,LMT,63
2014-09-30,0.175096,0.163593,0.145643,0.046463,0.021216,LMT,63
2014-10-01,0.17476,0.16016,0.141018,0.063514,0.02537,LMT,63
2014-10-02,0.175498,0.160973,0.142266,0.063621,0.028567,LMT,63
2014-10-03,0.178322,0.16087,0.141805,0.047614,0.031267,LMT,63
2014-10-06,0.180262,0.160729,0.14183,0.057157,0.031419,LMT,63
2014-10-07,0.179791,0.160112,0.141567,0.0714,0.03043,LMT,63
2014-10-08,0.180273,0.159975,0.143349,0.071049,0.017516,LMT,63
2014-10-09,0.179799,0.160293,0.144362,0.069474,0.034453,LMT,63
2014-10-10,0.178896,0.161742,0.144821,0.070658,0.032729,LMT,63
2014-10-13,0.181077,0.161468,0.143912,0.083758,0.039503,LMT,63
2014-10-14,0.179082,0.161358,0.144715,0.068768,0.046337,LMT,63
2014-10-15,0.173893,0.16161,0.145643,0.074372,0.051133,LMT,63
2014-10-16,0.171072,0.162396,0.146798,0.056585,0.056614,LMT,63
2014-10-17,0.172691,0.162235,0.147383,0.044159,0.042478,LMT,63
2014-10-20,0.172618,0.162703,0.146465,0.036937,0.046976,LMT,63
2014-10-21,0.163276,0.173964,0.156756,-0.021252,0.049807,LMT,63
2014-10-22,0.157408,0.17487,0.156547,-0.035857,0.045932,LMT,63
2014-10-23,0.15779,0.17451,0.157387,-0.051822,0.035748,LMT,63
2014-10-24,0.157668,0.173956,0.157185,-0.028099,0.013385,LMT,63
2014-10-27,0.161656,0.174045,0.155899,-0.042604,0.031553,LMT,63
2014-10-28,0.164115,0.17179,0.156484,-0.05802,0.035112,LMT,63
2014-10-29,0.164478,0.170601,0.156664,-0.054538,0.026505,LMT,63
2014-10-30,0.164289,0.170163,0.155653,-0.06133,0.036634,LMT,63
2014-10-31,0.16441,0.170162,0.155292,-0.054265,0.02674,LMT,63
2014-11-03,0.163902,0.171296,0.155425,-0.052953,0.02563,LMT,63
2014-11-04,0.163982,0.171063,0.154414,-0.053584,0.03188,LMT,63
2014-11-05,0.164508,0.170123,0.154033,-0.058132,0.033763,LMT,63
2014-11-06,0.164809,0.170659,0.153164,-0.056452,0.032357,LMT,63
2014-11-07,0.163346,0.169625,0.153659,-0.056053,0.031522,LMT,63
2014-11-10,0.163586,0.16831,0.155242,-0.050085,0.025741,LMT,63
2014-11-11,0.163546,0.167288,0.15458,-0.056334,0.030408,LMT,63
2014-11-12,0.163915,0.167051,0.153271,-0.048166,0.025993,LMT,63
2014-11-13,0.164093,0.166374,0.15421,-0.039485,0.027261,LMT,63
2014-11-14,0.163885,0.165609,0.154564,-0.032159,0.027386,LMT,63
2014-11-17,0.164494,0.166314,0.153094,-0.028655,0.023016,LMT,63
2014-11-18,0.164332,0.160172,0.1557,-0.026904,0.019222,LMT,63
2014-11-19,0.16461,0.160675,0.155012,-0.003888,0.027614,LMT,63
2014-11-20,0.164666,0.160008,0.153628,0.018093,0.01936,LMT,63
2014-11-21,0.164867,0.159833,0.154179,0.012236,0.021907,LMT,63
2014-11-24,0.165838,0.159717,0.155626,0.014141,0.016038,LMT,63
2014-11-25,0.165925,0.159575,0.154795,0.015997,0.016034,LMT,63
2014-11-26,0.165853,0.159764,0.152677,0.017742,0.011502,LMT,63
2014-11-28,0.164837,0.159922,0.152174,0.01709,0.023629,LMT,63
2014-12-01,0.16446,0.16016,0.151769,0.034991,0.023911,LMT,63
2014-12-02,0.163892,0.160181,0.153387,0.033308,0.026646,LMT,63
2014-12-03,0.164271,0.159909,0.153661,0.039519,0.019857,LMT,63
2014-12-04,0.164755,0.159935,0.153362,0.036417,0.028333,LMT,63
2014-12-05,0.164692,0.159991,0.152985,0.042381,0.026238,LMT,63
2014-12-08,0.16441,0.160351,0.153195,0.04691,0.025198,LMT,63
2014-12-09,0.164068,0.160604,0.150968,0.072512,0.013183,LMT,63
2014-12-10,0.164562,0.161551,0.150361,0.070674,0.025655,LMT,63
2014-12-11,0.16455,0.161962,0.152242,0.0615,0.027735,LMT,63
2014-12-12,0.163797,0.163069,0.150823,0.082568,0.020996,LMT,63
2014-12-15,0.164516,0.163008,0.150876,0.07652,0.025209,LMT,63
2014-12-16,0.162098,0.163498,0.150982,0.070471,0.027737,LMT,63
2014-12-17,0.160621,0.161339,0.154099,0.057352,0.030026,LMT,63
2014-12-18,0.157599,0.161133,0.15456,0.039201,0.030704,LMT,63
2014-12-19,0.157733,0.160773,0.153711,0.022611,0.022832,LMT,63
2014-12-22,0.158466,0.160519,0.153673,0.011793,0.022841,LMT,63
2014-12-23,0.160632,0.160464,0.157074,0.007134,0.018614,LMT,63
2014-12-24,0.160665,0.160538,0.157189,0.010157,0.014557,LMT,63
2014-12-26,0.161712,0.160391,0.157312,0.00736,0.025472,LMT,63
2014-12-29,0.161817,0.160322,0.156608,0.021485,0.036498,LMT,63
2014-12-30,0.164086,0.160127,0.154471,0.024271,0.045201,LMT,63
2014-12-31,0.16335,0.160414,0.152715,0.041501,0.031761,LMT,63
2015-01-02,0.16306,0.160786,0.152411,0.039925,0.033834,LMT,63
2015-01-05,0.159879,0.162032,0.151328,0.050375,0.032879,LMT,63
2015-01-06,0.157769,0.162425,0.151875,0.042617,0.040701,LMT,63
2015-01-07,0.157819,0.161994,0.151797,0.033057,0.045329,LMT,63
2015-01-08,0.154565,0.16096,0.152873,0.020662,0.033538,LMT,63
2015-01-09,0.155618,0.161117,0.153068,0.014133,0.035461,LMT,63
2015-01-12,0.15499,0.160594,0.151873,0.022465,0.037771,LMT,63
2015-01-13,0.150566,0.159765,0.152813,0.009601,0.043164,LMT,63
2015-01-14,0.15039,0.159511,0.151158,0.016777,0.044895,LMT,63
2015-01-15,0.150316,0.159522,0.150892,0.027966,0.039239,LMT,63
2015-01-16,0.150833,0.157707,0.150404,0.021128,0.046811,LMT,63
2015-01-20,0.149554,0.157663,0.150524,0.016123,0.039697,LMT,63
2015-01-21,0.149686,0.157797,0.151027,0.021674,0.03808,LMT,63
2015-01-22,0.149399,0.157827,0.150319,0.006919,0.037748,LMT,63
2015-01-23,0.149314,0.157178,0.148786,0.002806,0.032201,LMT,63
2015-01-26,0.14788,0.15775,0.148475,0.017808,0.022107,LMT,63
2015-01-27,0.148196,0.158027,0.149047,0.007819,0.025776,LMT,63
2015-01-28,0.144117,0.158056,0.149243,-0.003307,0.033276,LMT,63
2015-01-29,0.143699,0.158064,0.149908,-0.00875,0.035112,LMT,63
2015-01-30,0.142952,0.157611,0.150364,0.001204,0.037916,LMT,63
2015-02-02,0.140801,0.157449,0.149501,-0.008148,0.043844,LMT,63
2015-02-03,0.140762,0.15632,0.149288,-0.006402,0.034587,LMT,63
2015-02-04,0.140841,0.156796,0.149907,-0.009819,0.038975,LMT,63
2015-02-05,0.140383,0.156059,0.148352,-0.012866,0.036801,LMT,63
2015-02-06,0.137851,0.156133,0.147172,-0.020143,0.035177,LMT,63
2015-02-09,0.137576,0.156023,0.14896,0.002055,0.035994,LMT,63
2015-02-10,0.138013,0.156046,0.146856,-0.009122,0.034204,LMT,63
2015-02-11,0.137582,0.15606,0.14597,-0.007244,0.030477,LMT,63
2015-02-12,0.137419,0.156057,0.146257,-0.003551,0.027741,LMT,63
2015-02-13,0.137034,0.156066,0.145331,-0.009993,0.031499,LMT,63
2015-02-17,0.136241,0.148849,0.139546,-0.00528,0.025635,LMT,63
2015-02-18,0.136252,0.150141,0.140798,-0.009031,0.021642,LMT,63
2015-02-19,0.135385,0.149988,0.13758,-0.018651,0.029997,LMT,63
2015-02-20,0.134613,0.15005,0.139005,-0.003008,0.004917,LMT,63
2015-02-23,0.134145,0.150096,0.140165,0.005865,0.022318,LMT,63
2015-02-24,0.134103,0.150094,0.138941,0.000385,0.029779,LMT,63
2015-02-25,0.133964,0.149962,0.140467,0.001823,0.023402,LMT,63
2015-02-26,0.133093,0.150408,0.141718,-0.002901,0.028471,LMT,63
2015-02-27,0.133333,0.151115,0.141404,0.007948,0.015933,LMT,63
2015-03-02,0.135327,0.151075,0.141723,0.038761,0.014004,LMT,63
2015-03-03,0.135817,0.151018,0.141772,0.026378,0.028765,LMT,63
2015-03-04,0.136022,0.150962,0.141493,0.036454,0.02721,LMT,63
2015-03-05,0.136738,0.150938,0.144383,0.040189,0.02907,LMT,63
2015-03-06,0.136481,0.150443,0.144966,0.042494,0.03325,LMT,63
2015-03-09,0.135895,0.150986,0.146067,0.045902,0.027972,LMT,63
2015-03-10,0.135602,0.151223,0.148,0.068289,0.026316,LMT,63
2015-03-11,0.135928,0.150963,0.148386,0.070166,0.028519,LMT,63
2015-03-12,0.136024,0.151229,0.148611,0.076241,0.023319,LMT,63
2015-03-13,0.134248,0.150903,0.148824,0.075654,0.019981,LMT,63
2015-03-16,0.133651,0.151413,0.148683,0.080642,0.013685,LMT,63
2015-03-17,0.133685,0.144947,0.136421,0.06782,0.024155,LMT,63
2015-03-18,0.13008,0.14514,0.136633,0.043354,0.033311,LMT,63
2015-03-19,0.13082,0.145114,0.136278,0.048827,0.028499,LMT,63
2015-03-20,0.130063,0.145241,0.135915,0.038442,0.027994,LMT,63
2015-03-23,0.12993,0.145047,0.13568,0.051006,0.016998,LMT,63
2015-03-24,0.128664,0.145216,0.135141,0.043045,0.019042,LMT,63
2015-03-25,0.12705,0.143765,0.133217,0.038217,0.015206,LMT,63
2015-03-26,0.124116,0.139185,0.127607,0.042825,0.009106,LMT,63
2015-03-27,0.123495,0.139511,0.130454,0.04962,0.013887,LMT,63
2015-03-30,0.123286,0.139567,0.131879,0.038944,0.026625,LMT,63
2015-03-31,0.123497,0.141425,0.131582,0.059244,0.024575,LMT,63
2015-04-01,0.120418,0.139267,0.129,0.043732,0.040882,LMT,63
2015-04-02,0.120341,0.139899,0.13178,0.044534,0.032829,LMT,63
2015-04-06,0.119047,0.139051,0.130789,0.050134,0.018246,LMT,63
2015-04-07,0.119016,0.13874,0.130348,0.035828,0.03611,LMT,63
2015-04-08,0.119692,0.13885,0.13044,0.03719,0.035926,LMT,63
2015-04-09,0.120086,0.138457,0.130341,0.034667,0.032334,LMT,63
2015-04-10,0.123177,0.144213,0.133722,0.03106,0.028256,LMT,63
2015-04-13,0.12182,0.144489,0.133984,0.030281,0.032328,LMT,63
2015-04-14,0.121864,0.144311,0.132299,0.027966,0.027683,LMT,63
2015-04-15,0.121333,0.144635,0.12719,0.027112,0.027428,LMT,63
2015-04-16,0.12066,0.144462,0.129076,0.029948,0.020995,LMT,63
2015-04-17,0.119774,0.149529,0.13841,0.04658,0.031084,LMT,63
2015-04-20,0.12124,0.150491,0.138974,0.044512,0.025927,LMT,63
2015-04-21,0.119979,0.150169,0.138679,0.017696,0.022415,LMT,63
2015-04-22,0.119491,0.14456,0.139083,0.011543,0.015017,LMT,63
2015-04-23,0.118808,0.145542,0.13891,0.007277,0.01686,LMT,63
2015-04-24,0.118729,0.146063,0.14056,0.011801,0.021876,LMT,63
2015-04-27,0.118305,0.146449,0.140534,0.01689,0.02853,LMT,63
2015-04-28,0.118871,0.146363,0.139067,0.016594,0.027059,LMT,63
2015-04-29,0.122872,0.146388,0.140537,0.023414,0.031227,LMT,63
2015-04-30,0.11962,0.14589,0.140806,0.028281,0.03352,LMT,63
2015-05-01,0.11992,0.145869,0.140233,0.023461,0.030119,LMT,63
2015-05-04,0.119979,0.146406,0.140271,0.027477,0.024214,LMT,63
2015-05-05,0.119892,0.146952,0.141024,0.035954,0.02724,LMT,63
2015-05-06,0.118514,0.146833,0.142421,0.03213,0.035422,LMT,63
2015-05-07,0.117908,0.146781,0.141872,0.032144,0.027248,LMT,63
2015-05-08,0.118309,0.146739,0.140253,0.016918,0.030289,LMT,63
2015-05-11,0.118628,0.146881,0.142517,0.023479,0.020283,LMT,63
2015-05-12,0.117858,0.14682,0.143273,0.022343,0.022932,LMT,63
2015-05-13,0.118595,0.136159,0.122369,0.017375,0.027168,LMT,63
2015-05-14,0.118766,0.136028,0.125218,0.012363,0.026256,LMT,63
2015-05-15,0.118903,0.136624,0.126888,0.008409,0.02614,LMT,63
2015-05-18,0.118979,0.137216,0.126613,0.004917,0.022457,LMT,63
2015-05-19,0.118816,0.137732,0.1278,0.006589,0.024336,LMT,63
2015-05-20,0.119295,0.137223,0.127697,0.008619,0.020968,LMT,63
2015-05-21,0.119441,0.137744,0.127873,0.013506,0.018066,LMT,63
2015-05-22,0.120432,0.137729,0.128291,0.015193,0.020514,LMT,63
2015-05-26,0.191616,0.137752,0.128532,0.032746,0.019163,LMT,63
2015-05-27,0.193357,0.138382,0.130057,0.03421,0.017843,LMT,63
2015-05-28,0.198018,0.138197,0.129476,0.037567,0.018724,LMT,63
2015-05-29,0.199211,0.138621,0.130113,0.041933,0.012227,LMT,63
2015-06-01,0.198555,0.137575,0.131269,0.046104,0.020667,LMT,63
2015-06-02,0.197875,0.138,0.131989,0.055042,0.011018,LMT,63
2015-06-03,0.198416,0.13911,0.132879,0.041631,0.025537,LMT,63
2015-06-04,0.198812,0.140577,0.133833,0.043571,0.025382,LMT,63
2015-06-05,0.199082,0.140508,0.132036,0.057138,0.02477,LMT,63
2015-06-08,0.199613,0.139987,0.132189,0.062038,0.019242,LMT,63
2015-06-09,0.200073,0.138974,0.130575,0.062048,0.020118,LMT,63
2015-06-10,0.20052,0.13945,0.133014,0.054591,0.020745,LMT,63
2015-06-11,0.201318,0.162839,0.129583,0.055977,0.020386,LMT,63
2015-06-12,0.201321,0.163148,0.134899,0.057672,0.021205,LMT,63
2015-06-15,0.201138,0.163468,0.136689,0.057968,0.025525,LMT,63
2015-06-16,0.201574,0.16263,0.135241,0.055971,0.02248,LMT,63
2015-06-17,0.201406,0.162761,0.134768,0.069393,0.001248,LMT,63
2015-06-18,0.201593,0.159803,0.132754,0.038601,0.014154,LMT,63
2015-06-19,0.20215,0.159519,0.135074,0.046535,0.018099,LMT,63
2015-06-22,0.202721,0.161989,0.133454,0.033415,0.021107,LMT,63
2015-06-23,0.20281,0.161421,0.131899,0.035015,0.021698,LMT,63
2015-06-24,0.20366,0.160563,0.134217,0.036997,0.017108,LMT,63
2015-06-25,0.207167,0.161027,0.132976,0.032846,0.021983,LMT,63
2015-06-26,0.207896,0.160183,0.134202,0.039673,0.016558,LMT,63
2015-06-29,0.208842,0.161789,0.135294,0.0735,0.028761,LMT,63
2015-06-30,0.209435,0.162299,0.135848,0.082407,0.024816,LMT,63
2015-07-01,0.209813,0.161555,0.134187,0.071636,0.028199,LMT,63
2015-07-02,0.211566,0.161588,0.134898,0.074659,0.030295,LMT,63
2015-07-06,0.211921,0.160249,0.134468,0.078022,0.033807,LMT,63
2015-07-07,0.212065,0.157554,0.134299,0.080539,0.020833,LMT,63
2015-07-08,0.211555,0.159718,0.135829,0.083237,0.026586,LMT,63
2015-07-09,0.211923,0.161734,0.136722,0.080765,0.021219,LMT,63
2015-07-10,0.2106,0.174499,0.140485,0.075923,0.008326,LMT,63
2015-07-13,0.210834,0.172534,0.140323,0.053456,0.023266,LMT,63
2015-07-14,0.210903,0.172314,0.140505,0.049,0.019739,LMT,63
2015-07-15,0.211095,0.172843,0.140313,0.048485,0.027991,LMT,63
2015-07-16,0.211826,0.172143,0.139265,0.056592,0.002126,LMT,63
2015-07-17,0.213525,0.172097,0.138897,0.04484,0.021477,LMT,63
2015-07-20,0.212597,0.172703,0.1421,0.031931,0.017862,LMT,63
2015-07-21,0.212701,0.172363,0.141954,0.031303,0.02212,LMT,63
2015-07-22,0.214014,0.171092,0.139365,0.025116,0.026879,LMT,63
2015-07-23,0.215189,0.17033,0.137098,0.027702,0.023167,LMT,63
2015-07-24,0.215734,0.168281,0.13526,0.05301,0.020848,LMT,63
2015-07-27,0.215475,0.168356,0.135483,0.055625,0.027418,LMT,63
2015-07-28,0.214654,0.167728,0.136179,0.034008,0.025231,LMT,63
2015-07-29,0.213576,0.16723,0.135458,0.024039,0.026285,LMT,63
2015-07-30,0.216321,0.167227,0.136051,0.031031,0.020026,LMT,63
2015-07-31,0.217665,0.167034,0.137477,0.021729,0.025352,LMT,63
2015-08-03,0.217771,0.16605,0.136565,0.023941,0.031141,LMT,63
2015-08-04,0.217553,0.167638,0.138053,0.017564,0.027502,LMT,63
2015-08-05,0.217626,0.168708,0.139633,0.021717,0.024822,LMT,63
2015-08-06,0.217579,0.168414,0.137919,0.027694,0.027012,LMT,63
2015-08-07,0.217693,0.180345,0.143944,0.032137,0.033108,LMT,63
2015-08-10,0.218243,0.184461,0.1452,0.03395,0.027438,LMT,63
2015-08-11,0.218321,0.179825,0.144124,0.039364,0.03144,LMT,63
2015-08-12,0.218704,0.179801,0.14406,0.044392,0.031804,LMT,63
2015-08-13,0.218834,0.180711,0.144789,0.038534,0.02839,LMT,63
2015-08-14,0.218954,0.180711,0.145196,0.036897,0.018998,LMT,63
2015-08-17,0.21967,0.180518,0.14377,0.039638,0.009163,LMT,63
2015-08-18,0.22092,0.181222,0.145244,0.034638,0.025791,LMT,63
2015-08-19,0.222233,0.180601,0.142483,0.043002,0.02244,LMT,63
2015-08-20,0.22254,0.180662,0.14208,0.060633,0.028822,LMT,63
2015-08-21,0.222175,0.178063,0.141257,0.09403,0.030182,LMT,63
2015-08-24,0.164754,0.153537,0.142269,0.077204,0.03242,LMT,63
2015-08-25,0.162974,0.149737,0.143938,0.006295,0.063387,LMT,63
2015-08-26,0.157314,0.147227,0.144587,0.001302,0.056407,LMT,63
2015-08-27,0.155903,0.146207,0.144821,-0.023303,0.059462,LMT,63
2015-08-28,0.154868,0.146649,0.144358,-0.042946,0.056996,LMT,63
2015-08-31,0.156125,0.144649,0.14069,-0.037889,0.050619,LMT,63
2015-09-01,0.156875,0.145949,0.141705,-0.013624,0.060927,LMT,63
2015-09-02,0.155942,0.145521,0.140607,-0.051865,0.065902,LMT,63
2015-09-03,0.157242,0.144831,0.140469,-0.056035,0.056452,LMT,63
2015-09-04,0.157458,0.151302,0.150171,-0.043038,0.053187,LMT,63
2015-09-08,0.15727,0.149114,0.149652,-0.069387,0.057359,LMT,63
2015-09-09,0.156812,0.150614,0.14968,-0.060671,0.055341,LMT,63
2015-09-10,0.157326,0.148905,0.146317,-0.076166,0.059481,LMT,63
2015-09-11,0.157957,0.148872,0.147122,-0.086249,0.064522,LMT,63
2015-09-14,0.158551,0.148788,0.146881,-0.076764,0.058182,LMT,63
2015-09-15,0.158502,0.148692,0.146126,-0.090691,0.04963,LMT,63
2015-09-16,0.158366,0.148783,0.144572,-0.100895,0.050989,LMT,63
2015-09-17,0.157987,0.148704,0.144619,-0.113426,0.048012,LMT,63
2015-09-18,0.158118,0.148674,0.145253,-0.107812,0.051013,LMT,63
2015-09-21,0.158355,0.14858,0.143583,-0.119738,0.048673,LMT,63
2015-09-22,0.15788,0.147531,0.143326,-0.102262,0.048836,LMT,63
2015-09-23,0.157184,0.145121,0.123236,0.044236,0.050933,LMT,63
2015-09-24,0.152356,0.138712,0.127024,0.044068,-0.016555,LMT,63
2015-09-25,0.151378,0.146274,0.12388,0.053043,0.04271,LMT,63
2015-09-28,0.149097,0.148943,0.123999,0.084403,0.041565,LMT,63
2015-09-29,0.148104,0.150366,0.123949,0.072463,0.053623,LMT,63
2015-09-30,0.147489,0.143706,0.126738,0.0583,0.047376,LMT,63
2015-10-01,0.14632,0.138259,0.125824,0.053494,0.047189,LMT,63
2015-10-02,0.148013,0.138864,0.125718,0.047412,0.056482,LMT,63
2015-10-05,0.14874,0.145377,0.137251,0.034361,0.048598,LMT,63
2015-10-06,0.151221,0.142401,0.134589,0.04364,0.037749,LMT,63
2015-10-07,0.152402,0.14321,0.135478,0.032641,0.048148,LMT,63
2015-10-08,0.153067,0.142851,0.134951,0.028422,0.044873,LMT,63
2015-10-09,0.15338,0.143016,0.134983,0.024261,0.033627,LMT,63
2015-10-12,0.154332,0.142987,0.13063,0.019807,0.044358,LMT,63
2015-10-13,0.155409,0.14294,0.129741,0.021657,0.031991,LMT,63
2015-10-14,0.156904,0.142387,0.127618,0.033221,0.033617,LMT,63
2015-10-15,0.156126,0.142625,0.131415,0.017161,0.043799,LMT,63
2015-10-16,0.162918,0.142647,0.12953,0.012121,0.0384,LMT,63
2015-10-19,0.171527,0.141626,0.127574,0.026642,0.037266,LMT,63
2015-10-20,0.170457,0.144773,0.131057,0.000121,0.033701,LMT,63
2015-10-21,0.16888,0.143435,0.130242,-0.003166,0.034171,LMT,63
2015-10-22,0.168718,0.141538,0.130279,-0.006848,0.02831,LMT,63
2015-10-23,0.17646,0.144736,0.129863,-0.004604,0.03169,LMT,63
2015-10-26,0.178351,0.144525,0.1286,0.05455,0.006216,LMT,63
2015-10-27,0.176991,0.142817,0.128334,0.034324,0.030595,LMT,63
2015-10-28,0.175005,0.142873,0.130024,0.017011,0.006356,LMT,63
2015-10-29,0.173603,0.142824,0.132014,0.002617,0.023097,LMT,63
2015-10-30,0.174372,0.142739,0.130706,0.003506,0.019042,LMT,63
2015-11-02,0.175388,0.155559,0.137117,0.000704,0.027626,LMT,63
2015-11-03,0.176591,0.153548,0.135636,0.000823,0.027746,LMT,63
2015-11-04,0.177154,0.156605,0.138596,-0.001477,0.029766,LMT,63
2015-11-05,0.178064,0.156447,0.139655,0.002598,0.026627,LMT,63
2015-11-06,0.179194,0.156519,0.138574,0.000542,0.031001,LMT,63
2015-11-09,0.18001,0.154986,0.140813,0.011112,0.030176,LMT,63
2015-11-10,0.187344,0.156296,0.140705,0.005079,0.033154,LMT,63
2015-11-11,0.188683,0.15624,0.139953,0.003535,0.031627,LMT,63
2015-11-12,0.188736,0.155655,0.138858,0.011254,0.028626,LMT,63
2015-11-13,0.188764,0.155758,0.137985,0.022906,0.029892,LMT,63
2015-11-16,0.188222,0.155874,0.138923,0.027704,0.013185,LMT,63
2015-11-17,0.18653,0.157309,0.141766,0.00926,0.026407,LMT,63
2015-11-18,0.186411,0.157608,0.141513,0.005405,0.028606,LMT,63
2015-11-19,0.186412,0.156435,0.140978,0.006298,0.026916,LMT,63
2015-11-20,0.186591,0.149409,0.130684,0.004427,0.026147,LMT,63
2015-11-23,0.186891,0.148507,0.129116,0.001507,0.026832,LMT,63
2015-11-24,0.186862,0.148394,0.128637,0.001608,0.026635,LMT,63
2015-11-25,0.186771,0.149154,0.127743,0.011673,0.019772,LMT,63
2015-11-27,0.187558,0.149302,0.127147,0.034554,0.016048,LMT,63
2015-11-30,0.187324,0.149236,0.127974,0.049655,0.02255,LMT,63
2015-12-01,0.186515,0.155218,0.128062,0.032861,0.027564,LMT,63
2015-12-02,0.186343,0.16191,0.129543,0.032466,0.028534,LMT,63
2015-12-03,0.185531,0.164694,0.134045,0.03739,0.033396,LMT,63
2015-12-04,0.187457,0.163408,0.132991,0.02219,0.030692,LMT,63
2015-12-07,0.187559,0.162584,0.131422,0.029698,0.029007,LMT,63
2015-12-08,0.187887,0.161495,0.130668,0.038494,0.025308,LMT,63
2015-12-09,0.187312,0.161382,0.128799,0.036423,0.029701,LMT,63
2015-12-10,0.186866,0.162387,0.132131,0.03305,0.029428,LMT,63
2015-12-11,0.186657,0.161302,0.128726,0.06204,0.033268,LMT,63
2015-12-14,0.186455,0.162961,0.131754,0.063684,0.039534,LMT,63
2015-12-15,0.18677,0.156859,0.132154,0.062299,0.037997,LMT,63
2015-12-16,0.186428,0.162755,0.134307,0.042791,0.032682,LMT,63
2015-12-17,0.186344,0.163103,0.131163,0.049993,0.02653,LMT,63
2015-12-18,0.185806,0.165392,0.130203,0.065079,0.021337,LMT,63
2015-12-21,0.185951,0.16548,0.132081,0.04309,0.022648,LMT,63
2015-12-22,0.186648,0.16567,0.131562,0.02684,0.036701,LMT,63
2015-12-23,0.186652,0.166144,0.132106,0.033281,0.028976,LMT,63
2015-12-24,0.186845,0.166213,0.131676,0.029804,0.027415,LMT,63
2015-12-28,0.187037,0.165612,0.129839,0.04516,0.034933,LMT,63
2015-12-29,0.186854,0.166008,0.130764,0.041115,0.033428,LMT,63
2015-12-30,0.187856,0.173075,0.147745,0.050922,0.032744,LMT,63
2015-12-31,0.186695,0.173082,0.150693,0.06013,0.03035,LMT,63
2016-01-04,0.186167,0.173045,0.148033,0.074214,0.04463,LMT,63
2016-01-05,0.184688,0.170978,0.148834,0.062032,0.039534,LMT,63
2016-01-06,0.182444,0.16879,0.146897,0.065827,0.042919,LMT,63
2016-01-07,0.180881,0.169889,0.147179,0.089834,0.034763,LMT,63
2016-01-08,0.179955,0.166415,0.147188,0.076877,0.044466,LMT,63
2016-01-11,0.17936,0.167588,0.150164,0.078378,0.034216,LMT,63
2016-01-12,0.178674,0.166165,0.147746,0.058765,0.047292,LMT,63
2016-01-13,0.177287,0.166017,0.146291,0.075173,0.044596,LMT,63
2016-01-14,0.174944,0.165825,0.145152,0.062895,0.04823,LMT,63
2016-01-15,0.173766,0.16469,0.148168,0.074425,0.047189,LMT,63
2016-01-19,0.16699,0.163272,0.151982,0.065488,0.033845,LMT,63
2016-01-20,0.158136,0.164927,0.153417,0.081903,0.019765,LMT,63
2016-01-21,0.156975,0.16465,0.15468,0.060413,0.043244,LMT,63
2016-01-22,0.156879,0.162252,0.152721,0.038047,0.042112,LMT,63
2016-01-25,0.156207,0.162949,0.153679,0.033946,0.040267,LMT,63
2016-01-26,0.147521,0.163593,0.154829,-0.006901,0.035563,LMT,63
2016-01-27,0.146137,0.163725,0.155553,-0.01622,0.045438,LMT,63
2016-01-28,0.145674,0.163378,0.154217,-0.017305,0.041044,LMT,63
2016-01-29,0.143619,0.155118,0.148512,-0.04147,0.03998,LMT,63
2016-02-01,0.142903,0.155187,0.148388,-0.0337,0.034794,LMT,63
2016-02-02,0.142224,0.154865,0.150652,-0.029206,0.042555,LMT,63
2016-02-03,0.141281,0.15526,0.150899,-0.031802,0.041858,LMT,63
2016-02-04,0.13978,0.154896,0.148051,-0.025233,0.041299,LMT,63
2016-02-05,0.139077,0.155525,0.150212,-0.017594,0.042191,LMT,63
2016-02-08,0.137714,0.155466,0.149934,-0.008097,0.04745,LMT,63
2016-02-09,0.135029,0.155745,0.15085,-0.008932,0.047232,LMT,63
2016-02-10,0.133816,0.155794,0.150529,-0.012645,0.050154,LMT,63
2016-02-11,0.122799,0.155487,0.148392,0.030488,0.056162,LMT,63
2016-02-12,0.120984,0.155719,0.148583,-0.006204,0.059032,LMT,63
2016-02-16,0.120977,0.155904,0.149403,-0.012165,0.047536,LMT,63
2016-02-17,0.120536,0.153834,0.146764,-0.032309,0.044947,LMT,63
2016-02-18,0.12012,0.154046,0.145585,-0.028882,0.044886,LMT,63
2016-02-19,0.120962,0.152718,0.142146,-0.021199,0.042884,LMT,63
2016-02-22,0.120517,0.15213,0.144459,-0.022368,0.042199,LMT,63
2016-02-23,0.120129,0.156315,0.148665,-0.006557,0.029811,LMT,63
2016-02-24,0.119497,0.154261,0.144998,-0.007751,0.02816,LMT,63
2016-02-25,0.11839,0.152686,0.146929,-0.007005,0.045902,LMT,63
2016-02-26,0.118111,0.154821,0.147125,0.000321,0.04438,LMT,63
2016-02-29,0.117587,0.143639,0.123685,0.010667,0.041653,LMT,63
2016-03-01,0.117276,0.140487,0.12526,-0.001571,0.04614,LMT,63
2016-03-02,0.116699,0.142496,0.12415,-0.004482,0.048024,LMT,63
2016-03-03,0.115864,0.141758,0.123442,-0.008393,0.044952,LMT,63
2016-03-04,0.117098,0.141879,0.123024,-0.009026,0.039795,LMT,63
2016-03-07,0.116179,0.142038,0.124218,0.001524,0.041966,LMT,63
2016-03-08,0.111553,0.142123,0.123348,-0.001151,0.042043,LMT,63
2016-03-09,0.110871,0.142622,0.125788,0.001197,0.043804,LMT,63
2016-03-10,0.1094,0.142845,0.12454,0.00403,0.039872,LMT,63
2016-03-11,0.108436,0.142428,0.125312,0.000313,0.040384,LMT,63
2016-03-14,0.108604,0.143758,0.127418,0.037514,0.032521,LMT,63
2016-03-15,0.108678,0.144347,0.127821,0.034069,0.039541,LMT,63
2016-03-16,0.107717,0.145368,0.121678,0.025407,0.035111,LMT,63
2016-03-17,0.107442,0.145292,0.120661,0.022031,0.033742,LMT,63
2016-03-18,0.107321,0.145493,0.116957,0.018915,0.018598,LMT,63
2016-03-21,0.106536,0.143612,0.115567,0.014433,0.027678,LMT,63
2016-03-22,0.105876,0.143648,0.115054,0.016798,0.028745,LMT,63
2016-03-23,0.105355,0.143678,0.121444,0.025388,0.01821,LMT,63
2016-03-24,0.103548,0.14365,0.120437,0.021273,0.033518,LMT,63
2016-03-28,0.111041,0.143561,0.122155,0.028242,0.037567,LMT,63
2016-03-29,0.112704,0.127138,0.110976,0.027432,0.033507,LMT,63
2016-03-30,0.113683,0.128546,0.111626,0.019231,0.033356,LMT,63
2016-03-31,0.113843,0.130087,0.115118,0.027462,0.035307,LMT,63
2016-04-01,0.11298,0.130637,0.114181,0.026276,0.02998,LMT,63
2016-04-04,0.112777,0.131593,0.117837,0.026644,0.035341,LMT,63
2016-04-05,0.110481,0.133856,0.1207,0.026002,0.03528,LMT,63
2016-04-06,0.111925,0.133838,0.121363,0.025624,0.034297,LMT,63
2016-04-07,0.112361,0.132129,0.121204,0.04129,0.036619,LMT,63
2016-04-08,0.113647,0.132171,0.121126,0.040585,0.037619,LMT,63
2016-04-11,0.114965,0.131443,0.12162,0.045336,0.036901,LMT,63
2016-04-12,0.114571,0.132133,0.123134,0.043128,0.03591,LMT,63
2016-04-13,0.114013,0.131623,0.121359,0.036769,0.035225,LMT,63
2016-04-14,0.115061,0.131317,0.120391,0.035325,0.033957,LMT,63
2016-04-15,0.115075,0.133026,0.12376,0.034617,0.030553,LMT,63
2016-04-18,0.115398,0.135259,0.125538,0.036104,0.034698,LMT,63
2016-04-19,0.130581,0.134245,0.124947,0.038786,0.032702,LMT,63
2016-04-20,0.131126,0.133923,0.124364,0.042394,0.030233,LMT,63
2016-04-21,0.133769,0.136468,0.129128,0.043161,0.030243,LMT,63
2016-04-22,0.134641,0.134883,0.127262,0.041713,0.034034,LMT,63
2016-04-25,0.134869,0.134782,0.127772,0.053941,0.028623,LMT,63
2016-04-26,0.134928,0.134834,0.125026,0.038486,0.016436,LMT,63
2016-04-27,0.134188,0.134902,0.12077,0.022178,0.023578,LMT,63
2016-04-28,0.13423,0.136764,0.120986,0.025322,0.027647,LMT,63
2016-04-29,0.133835,0.137264,0.120225,0.034372,0.027179,LMT,63
2016-05-02,0.133966,0.137171,0.118607,0.034065,0.033428,LMT,63
2016-05-03,0.134763,0.138244,0.117803,0.032908,0.031989,LMT,63
2016-05-04,0.134804,0.138524,0.118112,0.042349,0.027322,LMT,63
2016-05-05,0.135028,0.139011,0.122561,0.031346,0.031008,LMT,63
2016-05-06,0.135255,0.136945,0.122701,0.037063,0.027695,LMT,63
2016-05-09,0.135503,0.137281,0.12654,0.038808,0.03119,LMT,63
2016-05-10,0.135554,0.13722,0.126234,0.038802,0.03065,LMT,63
2016-05-11,0.135781,0.138005,0.12636,0.047222,0.030495,LMT,63
2016-05-12,0.136289,0.139894,0.127242,0.042515,0.031028,LMT,63
2016-05-13,0.136524,0.141391,0.127801,0.045781,0.033085,LMT,63
2016-05-16,0.135993,0.139848,0.12332,0.039298,0.035265,LMT,63
2016-05-17,0.143326,0.142085,0.120998,0.043868,0.026304,LMT,63
2016-05-18,0.145952,0.143153,0.129377,0.041905,0.030534,LMT,63
2016-05-19,0.145094,0.141746,0.130485,0.037004,0.035229,LMT,63
2016-05-20,0.145221,0.14148,0.128437,0.040943,0.012724,LMT,63
2016-05-23,0.145786,0.141605,0.12876,0.029025,0.031232,LMT,63
2016-05-24,0.148501,0.143804,0.132986,0.027314,0.021756,LMT,63
2016-05-25,0.151033,0.143777,0.134492,0.023592,0.024934,LMT,63
2016-05-26,0.152516,0.14452,0.134447,0.028126,0.022846,LMT,63
2016-05-27,0.154552,0.142006,0.132393,0.02563,0.028668,LMT,63
2016-05-31,0.153785,0.142327,0.134694,0.040841,0.027389,LMT,63
2016-06-01,0.15434,0.141464,0.13263,0.027703,0.033397,LMT,63
2016-06-02,0.15555,0.140811,0.131953,0.026697,0.03595,LMT,63
2016-06-03,0.154772,0.140248,0.129642,0.02599,0.02958,LMT,63
2016-06-06,0.155255,0.141304,0.131665,0.026508,0.031891,LMT,63
2016-06-07,0.155285,0.142952,0.133494,0.02246,0.029902,LMT,63
2016-06-08,0.155458,0.143401,0.135476,0.025613,0.030746,LMT,63
2016-06-09,0.155856,0.144929,0.134262,0.026085,0.029179,LMT,63
2016-06-10,0.155886,0.144285,0.132758,0.031169,0.033244,LMT,63
2016-06-13,0.156942,0.146128,0.132562,0.0558,0.041952,LMT,63
2016-06-14,0.156666,0.14549,0.131409,0.056508,0.047607,LMT,63
2016-06-15,0.156995,0.14793,0.132093,0.058528,0.041338,LMT,63
2016-06-16,0.157063,0.147109,0.132173,0.059909,0.043448,LMT,63
2016-06-17,0.156388,0.146449,0.131341,0.071482,0.045085,LMT,63
2016-06-20,0.156652,0.144457,0.132064,0.056441,0.041793,LMT,63
2016-06-21,0.156739,0.144628,0.133163,0.059904,0.043711,LMT,63
2016-06-22,0.157168,0.15395,0.143684,0.068378,0.052122,LMT,63
2016-06-23,0.157128,0.153176,0.142729,0.048977,-0.016303,LMT,63
2016-06-24,0.152119,0.153765,0.139872,0.072509,0.032988,LMT,63
2016-06-27,0.151032,0.153453,0.140162,0.062964,0.054441,LMT,63
2016-06-28,0.150137,0.153246,0.139339,0.044705,0.052726,LMT,63
2016-06-29,0.149954,0.150752,0.139369,0.034841,0.04741,LMT,63
2016-06-30,0.150868,0.152461,0.139784,0.037378,0.045147,LMT,63
2016-07-01,0.153979,0.14979,0.139418,0.029858,0.044714,LMT,63
2016-07-05,0.154912,0.152797,0.139472,0.043439,0.046613,LMT,63
2016-07-06,0.154789,0.153279,0.1405,0.035716,0.044638,LMT,63
2016-07-07,0.154314,0.154263,0.144438,0.033186,0.047517,LMT,63
2016-07-08,0.153205,0.153459,0.14342,0.021956,0.047816,LMT,63
2016-07-11,0.15224,0.154618,0.14385,0.024324,0.027945,LMT,63
2016-07-12,0.152121,0.154189,0.140628,0.026838,0.023247,LMT,63
2016-07-13,0.152295,0.153279,0.141797,0.035039,0.033849,LMT,63
2016-07-14,0.151727,0.153,0.14162,0.028719,0.026938,LMT,63
2016-07-15,0.152017,0.15286,0.140287,0.029251,0.039184,LMT,63
2016-07-18,0.151799,0.152685,0.140943,0.034087,0.036342,LMT,63
2016-07-19,0.139037,0.150787,0.140715,-0.0169,0.032279,LMT,63
2016-07-20,0.143995,0.150692,0.141123,-0.012602,0.019612,LMT,63
2016-07-21,0.141721,0.146135,0.142635,-0.026996,0.034487,LMT,63
2016-07-22,0.140704,0.145488,0.142414,-0.035237,0.044859,LMT,63
2016-07-25,0.141034,0.146616,0.142912,-0.029161,0.028529,LMT,63
2016-07-26,0.140624,0.146465,0.142797,-0.010345,0.039081,LMT,63
2016-07-27,0.148302,0.146459,0.141681,-0.006102,0.034121,LMT,63
2016-07-28,0.149474,0.147575,0.142848,-0.010866,0.038528,LMT,63
2016-07-29,0.1501,0.147236,0.142444,0.004915,0.017133,LMT,63
2016-08-01,0.150393,0.147353,0.142848,-0.015129,0.041278,LMT,63
2016-08-02,0.149509,0.147478,0.143285,-0.023892,0.036484,LMT,63
2016-08-03,0.14918,0.146066,0.143197,-0.024246,0.018142,LMT,63
2016-08-04,0.149792,0.146233,0.143149,-0.017848,0.012293,LMT,63
2016-08-05,0.152421,0.145278,0.139477,-0.036525,0.016203,LMT,63
2016-08-08,0.152327,0.145874,0.140685,-0.0111,0.023149,LMT,63
2016-08-09,0.152535,0.147599,0.14097,-0.018205,0.013725,LMT,63
2016-08-10,0.15242,0.148627,0.142088,-0.023414,0.014506,LMT,63
2016-08-11,0.15593,0.148759,0.140479,-0.021176,0.036995,LMT,63
2016-08-12,0.157752,0.148768,0.137915,-0.03154,0.035917,LMT,63
2016-08-15,0.159414,0.148527,0.138724,-0.026714,0.016267,LMT,63
2016-08-16,0.153837,0.141491,0.137709,-0.029959,0.028849,LMT,63
2016-08-17,0.155515,0.140395,0.138421,-0.00278,0.042637,LMT,63
2016-08-18,0.15676,0.146734,0.139153,-0.000567,0.039938,LMT,63
2016-08-19,0.156659,0.145648,0.137039,0.004724,0.03895,LMT,63
2016-08-22,0.156727,0.147283,0.137428,0.000176,0.034645,LMT,63
2016-08-23,0.154188,0.146528,0.137424,0.004606,0.02987,LMT,63
2016-08-24,0.152063,0.146018,0.138569,0.005682,0.036038,LMT,63
2016-08-25,0.150711,0.146075,0.136872,0.000823,0.035821,LMT,63
2016-08-26,0.148619,0.148359,0.138442,-0.001201,0.038013,LMT,63
2016-08-29,0.148371,0.149206,0.139859,-0.004273,0.035391,LMT,63
2016-08-30,0.148234,0.148901,0.138216,-0.000696,0.036576,LMT,63
2016-08-31,0.147023,0.148247,0.139274,-0.008262,0.029973,LMT,63
2016-09-01,0.146994,0.148723,0.141079,-0.012969,0.02963,LMT,63
2016-09-02,0.146506,0.14831,0.141003,-0.015646,0.036308,LMT,63
2016-09-06,0.146993,0.148543,0.140956,-0.01288,0.036454,LMT,63
2016-09-07,0.147398,0.148645,0.14065,-0.007863,0.034435,LMT,63
2016-09-08,0.147592,0.148647,0.13807,-0.010735,0.032437,LMT,63
2016-09-09,0.149216,0.149543,0.139461,0.004252,0.037041,LMT,63
2016-09-12,0.147976,0.150631,0.139976,0.003866,0.037164,LMT,63
2016-09-13,0.154629,0.151512,0.140734,0.013286,0.039766,LMT,63
2016-09-14,0.156353,0.152222,0.143353,0.00885,0.041329,LMT,63
2016-09-15,0.156474,0.151939,0.14293,0.021684,0.038121,LMT,63
2016-09-16,0.156961,0.152503,0.147039,0.036504,0.036301,LMT,63
2016-09-19,0.157621,0.152555,0.146231,0.027189,0.037392,LMT,63
2016-09-20,0.157664,0.152101,0.146702,0.038502,0.028604,LMT,63
2016-09-21,0.157216,0.150925,0.14575,0.024112,0.036955,LMT,63
2016-09-22,0.157079,0.150285,0.146566,0.033247,0.027078,LMT,63
2016-09-23,0.157231,0.150418,0.146802,0.051511,0.02664,LMT,63
2016-09-26,0.158849,0.150349,0.147004,0.065598,0.038425,LMT,63
2016-09-27,0.158787,0.150256,0.146115,0.070111,0.037708,LMT,63
2016-09-28,0.158902,0.149595,0.145241,0.067829,0.038827,LMT,63
2016-09-29,0.157853,0.1495,0.145042,0.081317,0.03734,LMT,63
2016-09-30,0.155263,0.146981,0.143308,0.080154,0.037095,LMT,63
2016-10-03,0.154762,0.146777,0.143477,0.070621,0.043756,LMT,63
2016-10-04,0.153958,0.14683,0.143711,0.077694,0.044709,LMT,63
2016-10-05,0.155063,0.147007,0.143504,0.076774,0.035953,LMT,63
2016-10-06,0.155287,0.147006,0.142328,0.090591,0.025794,LMT,63
2016-10-07,0.154832,0.147182,0.146062,0.08098,0.041528,LMT,63
2016-10-10,0.154931,0.14559,0.141806,0.087349,0.029899,LMT,63
2016-10-11,0.157251,0.147115,0.144163,0.092583,0.031888,LMT,63
2016-10-12,0.158092,0.146176,0.142296,0.088578,0.033337,LMT,63
2016-10-13,0.158863,0.146624,0.140189,0.082932,0.045676,LMT,63
2016-10-14,0.158858,0.152781,0.147452,0.079859,0.036657,LMT,63
2016-10-17,0.158826,0.153414,0.148552,0.085148,0.02214,LMT,63
2016-10-18,0.153704,0.151163,0.144655,0.061593,0.030232,LMT,63
2016-10-19,0.153577,0.150703,0.142002,0.057999,0.032345,LMT,63
2016-10-20,0.155253,0.15178,0.146397,0.057996,0.034123,LMT,63
2016-10-21,0.155917,0.151485,0.146102,0.057616,0.039947,LMT,63
2016-10-24,0.159368,0.151216,0.143597,0.047507,0.040093,LMT,63
2016-10-25,0.152576,0.146884,0.142338,-0.005419,0.01535,LMT,63
2016-10-26,0.158504,0.147617,0.139954,-0.01241,0.027416,LMT,63
2016-10-27,0.159433,0.1485,0.140508,-0.012573,0.031819,LMT,63
2016-10-28,0.159418,0.147474,0.140334,-0.006366,0.031231,LMT,63
2016-10-31,0.159348,0.150645,0.142216,0.009925,0.032609,LMT,63
2016-11-01,0.159071,0.15063,0.143016,0.014105,0.041568,LMT,63
2016-11-02,0.159989,0.151851,0.145732,0.017063,0.034323,LMT,63
2016-11-03,0.157705,0.152499,0.146346,0.026344,0.04739,LMT,63
2016-11-04,0.157186,0.152574,0.147344,0.030957,0.038725,LMT,63
2016-11-07,0.156758,0.150328,0.145097,0.014617,0.049041,LMT,63
2016-11-08,0.156501,0.151121,0.146338,0.006095,0.044376,LMT,63
2016-11-09,0.152123,0.150097,0.140686,-0.00559,0.032479,LMT,63
2016-11-10,0.149437,0.149532,0.141152,-0.014608,0.036999,LMT,63
2016-11-11,0.147491,0.151051,0.147994,-0.023255,0.034185,LMT,63
2016-11-14,0.145974,0.152598,0.148693,-0.005713,0.034935,LMT,63
2016-11-15,0.141008,0.151172,0.147513,-0.01808,0.037229,LMT,63
2016-11-16,0.139583,0.15019,0.147797,-0.007802,0.032883,LMT,63
2016-11-17,0.139444,0.150052,0.148525,-0.011273,0.032383,LMT,63
2016-11-18,0.138851,0.148234,0.148051,-0.019802,0.029995,LMT,63
2016-11-21,0.139079,0.147367,0.146917,-0.025641,0.032098,LMT,63
2016-11-22,0.13923,0.147528,0.146639,-0.030758,0.030067,LMT,63
2016-11-23,0.140629,0.146959,0.14664,-0.011978,0.030177,LMT,63
2016-11-25,0.140657,0.147092,0.146557,-0.010782,0.027484,LMT,63
2016-11-28,0.141134,0.147472,0.146594,-0.006435,0.026928,LMT,63
2016-11-29,0.140272,0.147516,0.146035,-0.009863,0.026721,LMT,63
2016-11-30,0.140346,0.145643,0.14472,0.001321,0.019035,LMT,63
2016-12-01,0.140218,0.150045,0.143844,-0.007476,0.03465,LMT,63
2016-12-02,0.140042,0.148748,0.142348,-0.00797,0.033845,LMT,63
2016-12-05,0.139247,0.145337,0.141891,-0.003458,0.028718,LMT,63
2016-12-06,0.138634,0.144967,0.141948,0.001578,0.028703,LMT,63
2016-12-07,0.138497,0.144692,0.142572,-6.5e-05,0.028404,LMT,63
2016-12-08,0.136382,0.144612,0.142402,0.015435,0.026427,LMT,63
2016-12-09,0.136197,0.1451,0.144938,0.026947,0.025949,LMT,63
2016-12-12,0.128505,0.145719,0.137132,0.05072,0.026646,LMT,63
2016-12-13,0.126532,0.145626,0.13113,0.041579,0.025952,LMT,63
2016-12-14,0.126375,0.14704,0.139023,0.045103,0.013411,LMT,63
2016-12-15,0.126521,0.152075,0.14043,0.052654,0.020673,LMT,63
2016-12-16,0.126293,0.151667,0.138235,0.04589,0.022657,LMT,63
2016-12-19,0.126484,0.152211,0.140903,0.040359,0.02787,LMT,63
2016-12-20,0.127034,0.151592,0.140892,0.042945,0.029013,LMT,63
2016-12-21,0.127467,0.15223,0.142116,0.051498,0.016137,LMT,63
2016-12-22,0.128254,0.149708,0.141917,0.051648,0.031457,LMT,63
2016-12-23,0.127417,0.149561,0.141472,0.062635,0.023253,LMT,63
2016-12-27,0.127381,0.148772,0.141063,0.071903,0.029958,LMT,63
2016-12-28,0.12715,0.147321,0.140759,0.070112,0.030468,LMT,63
2016-12-29,0.126607,0.151084,0.135744,0.072053,0.034695,LMT,63
2016-12-30,0.126144,0.146571,0.140422,0.073291,0.034382,LMT,63
2017-01-03,0.125441,0.146252,0.14136,0.074031,0.037846,LMT,63
2017-01-04,0.126329,0.145273,0.141725,0.074728,0.036014,LMT,63
2017-01-05,0.124944,0.145212,0.141009,0.066658,0.038192,LMT,63
2017-01-06,0.125834,0.145316,0.14109,0.063168,0.028362,LMT,63
2017-01-09,0.126128,0.145464,0.142099,0.058849,0.031766,LMT,63
2017-01-10,0.126027,0.14628,0.142835,0.075869,0.016296,LMT,63
2017-01-11,0.123178,0.140082,0.124671,0.063122,0.037793,LMT,63
2017-01-12,0.122222,0.140177,0.12501,0.081657,0.034538,LMT,63
2017-01-13,0.120749,0.142097,0.126595,0.081076,0.032022,LMT,63
2017-01-17,0.120716,0.140086,0.125707,0.083838,0.038917,LMT,63
2017-01-18,0.12052,0.144652,0.130375,0.084955,0.035554,LMT,63
2017-01-19,0.121241,0.146503,0.131649,0.079577,0.034646,LMT,63
2017-01-20,0.121374,0.145229,0.13156,0.07423,0.034591,LMT,63
2017-01-23,0.119178,0.145929,0.13082,0.069737,0.028987,LMT,63
2017-01-24,0.121207,0.144305,0.130568,0.02549,0.022104,LMT,63
2017-01-25,0.117315,0.145364,0.128993,0.012902,0.029925,LMT,63
2017-01-26,0.116821,0.145578,0.131668,0.011378,0.026214,LMT,63
2017-01-27,0.106698,0.144256,0.129312,-0.003778,0.023496,LMT,63
2017-01-30,0.104381,0.144428,0.130645,-0.001931,0.027424,LMT,63
2017-01-31,0.103805,0.141928,0.129321,-0.004125,0.028034,LMT,63
2017-02-01,0.103121,0.141611,0.12948,-0.00701,0.03094,LMT,63
2017-02-02,0.103159,0.140443,0.128624,-0.00924,0.035354,LMT,63
2017-02-03,0.100333,0.14148,0.129316,-0.018067,0.022007,LMT,63
2017-02-06,0.09955,0.14217,0.128869,-0.012747,0.025962,LMT,63
2017-02-07,0.099548,0.142361,0.130403,-0.018424,0.026244,LMT,63
2017-02-08,0.100809,0.140808,0.129209,-0.018127,0.023644,LMT,63
2017-02-09,0.10076,0.130178,0.104829,-0.021223,0.022624,LMT,63
2017-02-10,0.100101,0.133248,0.110508,-0.001858,-0.006171,LMT,63
2017-02-13,0.099809,0.134316,0.106782,-0.001316,-0.004595,LMT,63
2017-02-14,0.100008,0.135077,0.105624,0.002207,-0.004494,LMT,63
2017-02-15,0.099571,0.13691,0.106895,-2e-06,-0.00368,LMT,63
2017-02-16,0.099858,0.137525,0.108355,-0.002138,-0.008929,LMT,63
2017-02-17,0.100714,0.137866,0.113014,-0.005773,-0.008767,LMT,63
2017-02-21,0.10157,0.137934,0.11391,-0.009447,0.013736,LMT,63
2017-02-22,0.102001,0.138359,0.112337,-0.010207,0.020112,LMT,63
2017-02-23,0.101758,0.139562,0.118137,-0.005067,0.021751,LMT,63
2017-02-24,0.101142,0.139645,0.118251,0.005614,0.023911,LMT,63
2017-02-27,0.098991,0.139411,0.118226,0.011155,0.020361,LMT,63
2017-02-28,0.09944,0.140266,0.118553,0.049367,0.014556,LMT,63
2017-03-01,0.098743,0.139936,0.115555,0.045887,0.016208,LMT,63
2017-03-02,0.098708,0.139867,0.115768,0.044003,0.020962,LMT,63
2017-03-03,0.098708,0.139943,0.116776,0.042241,0.027422,LMT,63
2017-03-06,0.098758,0.140011,0.117118,0.043005,0.020845,LMT,63
2017-03-07,0.099121,0.140296,0.117575,0.047134,0.023097,LMT,63
2017-03-08,0.099217,0.140131,0.118221,0.050941,0.021836,LMT,63
2017-03-09,0.099487,0.140064,0.121183,0.057242,0.02608,LMT,63
2017-03-10,0.09951,0.122979,0.102554,0.053324,0.020924,LMT,63
2017-03-13,0.100943,0.124479,0.109708,0.057577,0.02507,LMT,63
2017-03-14,0.101931,0.131185,0.110918,0.060613,0.018478,LMT,63
2017-03-15,0.10339,0.13196,0.104303,0.060073,0.013381,LMT,63
2017-03-16,0.104126,0.126323,0.109325,0.057679,0.017278,LMT,63
2017-03-17,0.103395,0.124854,0.104553,0.05191,0.026954,LMT,63
2017-03-20,0.103397,0.129334,0.110233,0.063488,0.01279,LMT,63
2017-03-21,0.102474,0.134142,0.112994,0.063171,0.01655,LMT,63
2017-03-22,0.102195,0.134269,0.111933,0.057864,0.025789,LMT,63
2017-03-23,0.102225,0.135234,0.114055,0.059702,0.020047,LMT,63
2017-03-24,0.101619,0.135441,0.113816,0.062165,0.016229,LMT,63
2017-03-27,0.101315,0.13494,0.113202,0.062382,0.035689,LMT,63
2017-03-28,0.099337,0.134452,0.11239,0.067247,0.022314,LMT,63
2017-03-29,0.099749,0.130081,0.110751,0.060637,0.023526,LMT,63
2017-03-30,0.101627,0.130045,0.11055,0.060084,0.032195,LMT,63
2017-03-31,0.102234,0.130262,0.112348,0.078648,0.009744,LMT,63
2017-04-03,0.102962,0.132362,0.115054,0.074976,0.025436,LMT,63
2017-04-04,0.104116,0.13282,0.114572,0.072579,0.02838,LMT,63
2017-04-05,0.103722,0.131241,0.115517,0.079804,0.010887,LMT,63
2017-04-06,0.105798,0.130052,0.114257,0.066827,0.026463,LMT,63
2017-04-07,0.105572,0.124653,0.107226,0.069674,0.028505,LMT,63
2017-04-10,0.105651,0.124058,0.106551,0.072562,0.022254,LMT,63
2017-04-11,0.105708,0.125148,0.107439,0.065407,0.033911,LMT,63
2017-04-12,0.105608,0.125634,0.106946,0.068938,0.025197,LMT,63
2017-04-13,0.105312,0.125321,0.108204,0.072936,0.016964,LMT,63
2017-04-17,0.105784,0.125979,0.107362,0.066333,0.031835,LMT,63
2017-04-18,0.109185,0.125326,0.107914,0.070609,0.030473,LMT,63
2017-04-19,0.110154,0.125573,0.106474,0.064268,0.029805,LMT,63
2017-04-20,0.109167,0.124903,0.108646,0.069856,0.025396,LMT,63
2017-04-21,0.109559,0.124943,0.108173,0.065326,0.025409,LMT,63
2017-04-24,0.109343,0.124126,0.109433,0.061024,0.027518,LMT,63
2017-04-25,0.105277,0.121539,0.105277,0.027823,0.012848,LMT,63
2017-04-26,0.104616,0.121638,0.106787,0.021841,0.011107,LMT,63
2017-04-27,0.10535,0.12418,0.108216,0.022525,0.015759,LMT,63
2017-04-28,0.10602,0.124031,0.10786,0.01917,0.018586,LMT,63
2017-05-01,0.106578,0.122422,0.105601,0.029929,0.007301,LMT,63
2017-05-02,0.106804,0.122157,0.106116,0.016478,0.021274,LMT,63
2017-05-03,0.106941,0.121943,0.106663,0.017189,0.021422,LMT,63
2017-05-04,0.107309,0.122771,0.107389,0.01204,0.023663,LMT,63
2017-05-05,0.107158,0.121988,0.107394,0.010856,0.018462,LMT,63
2017-05-08,0.106855,0.120764,0.106779,0.012256,0.021551,LMT,63
2017-05-09,0.107016,0.120836,0.106524,0.011503,0.021272,LMT,63
2017-05-10,0.106382,0.120681,0.106182,0.018999,0.016006,LMT,63
2017-05-11,0.106781,0.120316,0.106079,0.014795,0.021243,LMT,63
2017-05-12,0.108117,0.120281,0.105743,0.016763,0.020568,LMT,63
2017-05-15,0.109051,0.120044,0.105395,0.017508,0.021506,LMT,63
2017-05-16,0.109272,0.120197,0.105264,0.016717,0.019247,LMT,63
2017-05-17,0.109134,0.120821,0.106258,0.031311,0.025324,LMT,63
2017-05-18,0.10891,0.120611,0.105909,0.03794,0.019044,LMT,63
2017-05-19,0.108057,0.119597,0.105804,0.022452,0.024603,LMT,63
2017-05-22,0.10863,0.11983,0.107029,0.036301,0.018879,LMT,63
2017-05-23,0.10838,0.11908,0.106105,0.027512,0.022211,LMT,63
2017-05-24,0.108285,0.119479,0.105739,0.037021,0.020466,LMT,63
2017-05-25,0.108746,0.119046,0.105541,0.035938,0.021207,LMT,63
2017-05-26,0.108571,0.120201,0.105794,0.04014,0.017786,LMT,63
2017-05-30,0.107894,0.120473,0.104738,0.047809,0.018332,LMT,63
2017-05-31,0.107995,0.120689,0.107139,0.04399,0.021111,LMT,63
2017-06-01,0.107721,0.120168,0.104217,0.043731,0.016043,LMT,63
2017-06-02,0.107395,0.120146,0.104365,0.037781,0.016346,LMT,63
2017-06-05,0.107617,0.12047,0.104649,0.042049,0.01574,LMT,63
2017-06-06,0.107322,0.112993,0.109894,0.048529,0.017719,LMT,63
2017-06-07,0.107409,0.113608,0.108355,0.0436,0.017665,LMT,63
2017-06-08,0.107521,0.113089,0.107516,0.045592,0.014082,LMT,63
2017-06-09,0.107075,0.114026,0.108091,0.048184,0.018542,LMT,63
2017-06-12,0.106099,0.114733,0.110072,0.042786,0.024071,LMT,63
2017-06-13,0.105136,0.113783,0.110948,0.037493,0.023052,LMT,63
2017-06-14,0.103569,0.115175,0.112278,0.039991,0.008637,LMT,63
2017-06-15,0.102771,0.115247,0.113333,0.03112,0.022068,LMT,63
2017-06-16,0.103128,0.114388,0.114781,0.027252,0.023101,LMT,63
2017-06-19,0.102317,0.115349,0.113192,0.037183,0.01368,LMT,63
2017-06-20,0.102712,0.115958,0.115896,0.041813,0.019366,LMT,63
2017-06-21,0.102521,0.117056,0.116799,0.041139,0.021516,LMT,63
2017-06-22,0.1019,0.117235,0.115675,0.048773,0.015455,LMT,63
2017-06-23,0.102653,0.116968,0.114792,0.046461,0.021723,LMT,63
2017-06-26,0.102836,0.11612,0.112772,0.048608,0.022555,LMT,63
2017-06-27,0.102885,0.116567,0.111998,0.058919,0.018384,LMT,63
2017-06-28,0.102686,0.115962,0.111885,0.051604,0.022127,LMT,63
2017-06-29,0.101723,0.117066,0.109959,0.057273,0.028621,LMT,63
2017-06-30,0.101002,0.11657,0.109152,0.052949,0.017965,LMT,63
2017-07-03,0.100296,0.116285,0.108425,0.06243,0.016093,LMT,63
2017-07-05,0.099346,0.112959,0.101243,0.054005,0.017791,LMT,63
2017-07-06,0.098522,0.114441,0.102197,0.056489,0.033907,LMT,63
2017-07-07,0.096465,0.114107,0.102997,0.045846,0.024862,LMT,63
2017-07-10,0.095054,0.114304,0.102968,0.059628,0.015586,LMT,63
2017-07-11,0.095006,0.114011,0.102633,0.048337,0.031058,LMT,63
2017-07-12,0.094759,0.113114,0.102339,0.052171,0.019292,LMT,63
2017-07-13,0.09447,0.11322,0.102568,0.047395,0.025525,LMT,63
2017-07-14,0.094528,0.112472,0.103023,0.047486,0.021439,LMT,63
2017-07-17,0.094329,0.11324,0.104458,0.054136,0.027896,LMT,63
2017-07-18,0.090454,0.112025,0.104296,0.011332,0.022378,LMT,63
2017-07-19,0.089365,0.111151,0.102555,5e-05,0.019876,LMT,63
2017-07-20,0.090248,0.111536,0.10414,-0.000928,0.02019,LMT,63
2017-07-21,0.090637,0.111179,0.103453,-0.001787,0.020233,LMT,63
2017-07-24,0.091057,0.111164,0.104251,0.01384,0.019715,LMT,63
2017-07-25,0.09091,0.111601,0.105526,0.011461,0.022356,LMT,63
2017-07-26,0.09464,0.111468,0.105341,0.01302,0.018221,LMT,63
2017-07-27,0.094988,0.111828,0.1049,0.013429,0.025288,LMT,63
2017-07-28,0.103912,0.111909,0.105497,0.000497,0.017567,LMT,63
2017-07-31,0.103761,0.111296,0.105984,0.010911,0.019855,LMT,63
2017-08-01,0.103918,0.11265,0.105695,0.012956,0.028172,LMT,63
2017-08-02,0.103655,0.106331,0.101027,0.012257,0.025175,LMT,63
2017-08-03,0.103587,0.106056,0.09991,0.02092,0.026925,LMT,63
2017-08-04,0.103729,0.106087,0.10227,0.019134,0.025567,LMT,63
2017-08-07,0.104318,0.105816,0.101891,0.01313,0.024284,LMT,63
2017-08-08,0.104779,0.106662,0.099551,0.021466,0.022806,LMT,63
2017-08-09,0.104216,0.107108,0.100465,0.038571,0.027437,LMT,63
2017-08-10,0.103545,0.109783,0.100245,0.048138,0.025419,LMT,63
2017-08-11,0.103226,0.110241,0.101184,0.045309,0.023546,LMT,63
2017-08-14,0.102403,0.109879,0.102356,0.03042,0.019965,LMT,63
2017-08-15,0.102337,0.109573,0.101465,0.031774,0.02454,LMT,63
2017-08-16,0.102971,0.109512,0.101716,0.034635,0.02334,LMT,63
2017-08-17,0.10273,0.110782,0.100342,0.05206,0.028003,LMT,63
2017-08-18,0.102456,0.110171,0.101352,0.041803,0.029687,LMT,63
2017-08-21,0.101172,0.110411,0.101569,0.047286,0.023676,LMT,63
2017-08-22,0.102206,0.108907,0.100531,0.040682,0.025881,LMT,63
2017-08-23,0.102546,0.113434,0.102481,0.044471,0.026188,LMT,63
2017-08-24,0.10224,0.10964,0.101352,0.043958,0.025189,LMT,63
2017-08-25,0.102035,0.109316,0.10283,0.041737,0.024485,LMT,63
2017-08-28,0.102142,0.109111,0.103812,0.047206,0.024381,LMT,63
2017-08-29,0.102455,0.110094,0.104753,0.056928,0.022456,LMT,63
2017-08-30,0.102822,0.109456,0.102276,0.051519,0.026487,LMT,63
2017-08-31,0.103183,0.108814,0.102127,0.055067,0.016711,LMT,63
2017-09-01,0.107237,0.109622,0.102071,0.056987,0.015834,LMT,63
2017-09-05,0.107948,0.10953,0.102973,0.065567,0.022567,LMT,63
2017-09-06,0.108018,0.108903,0.10264,0.059763,0.025451,LMT,63
2017-09-07,0.107969,0.108237,0.101763,0.056279,0.021656,LMT,63
2017-09-08,0.108352,0.107988,0.102246,0.056855,0.02348,LMT,63
2017-09-11,0.108693,0.107459,0.100889,0.053883,0.024686,LMT,63
2017-09-12,0.108755,0.106851,0.100665,0.058073,0.022361,LMT,63
2017-09-13,0.108862,0.107518,0.101375,0.059682,0.019476,LMT,63
2017-09-14,0.109095,0.107765,0.102191,0.057745,0.022778,LMT,63
2017-09-15,0.109072,0.107304,0.102358,0.056854,0.018695,LMT,63
2017-09-18,0.109774,0.106722,0.102075,0.06118,0.021783,LMT,63
2017-09-19,0.110749,0.107203,0.101861,0.067675,0.019927,LMT,63
2017-09-20,0.110972,0.107058,0.101624,0.074257,0.022399,LMT,63
2017-09-21,0.11159,0.106722,0.101803,0.07001,0.020581,LMT,63
2017-09-22,0.110892,0.107063,0.102046,0.075896,0.018392,LMT,63
2017-09-25,0.109572,0.106727,0.102151,0.080264,0.024359,LMT,63
2017-09-26,0.109354,0.106843,0.102264,0.080669,0.018959,LMT,63
2017-09-27,0.109086,0.107082,0.102182,0.076617,0.023849,LMT,63
2017-09-28,0.10794,0.107665,0.107109,0.069659,0.021831,LMT,63
2017-09-29,0.108115,0.107247,0.107205,0.064516,0.01928,LMT,63
2017-10-02,0.109236,0.107775,0.106961,0.069603,0.024337,LMT,63
2017-10-03,0.109105,0.108459,0.107722,0.071969,0.023333,LMT,63
2017-10-04,0.109843,0.108028,0.107554,0.069258,0.027092,LMT,63
2017-10-05,0.110019,0.10872,0.107385,0.069206,0.02443,LMT,63
2017-10-06,0.110261,0.108982,0.107132,0.069022,0.021095,LMT,63
2017-10-09,0.110388,0.108832,0.105863,0.067828,0.023119,LMT,63
2017-10-10,0.111162,0.108383,0.108111,0.068139,0.024357,LMT,63
2017-10-11,0.111219,0.107568,0.108068,0.06555,0.023914,LMT,63
2017-10-12,0.111595,0.107967,0.107597,0.064825,0.024461,LMT,63
2017-10-13,0.112278,0.108052,0.108587,0.069069,0.02252,LMT,63
2017-10-16,0.113209,0.108485,0.108167,0.069977,0.021439,LMT,63
2017-10-17,0.113506,0.108514,0.107857,0.067772,0.019659,LMT,63
2017-10-18,0.112994,0.108299,0.108472,0.064846,0.021092,LMT,63
2017-10-19,0.112283,0.108253,0.106661,0.06314,0.022561,LMT,63
2017-10-20,0.112022,0.108295,0.105211,0.058916,0.023209,LMT,63
2017-10-23,0.113701,0.109895,0.105777,0.079669,0.015159,LMT,63
2017-10-24,0.111329,0.107179,0.103494,0.039819,0.016822,LMT,63
2017-10-25,0.113853,0.114103,0.112943,0.026785,0.021006,LMT,63
2017-10-26,0.115262,0.112459,0.113337,0.032926,0.021631,LMT,63
2017-10-27,0.117971,0.111412,0.112441,0.014821,0.023898,LMT,63
2017-10-30,0.119703,0.11115,0.113135,0.012955,0.020218,LMT,63
2017-10-31,0.122927,0.11049,0.113278,0.01353,0.023151,LMT,63
2017-11-01,0.124742,0.108629,0.102059,0.032135,0.026855,LMT,63
2017-11-02,0.164198,0.107168,0.101602,0.009928,0.026295,LMT,63
2017-11-03,0.169257,0.106014,0.100702,0.008417,0.020095,LMT,63
2017-11-06,0.174371,0.10575,0.099965,0.01595,0.022356,LMT,63
2017-11-07,0.178672,0.105093,0.098947,0.004382,0.022576,LMT,63
2017-11-08,0.185793,0.106214,0.100064,0.020017,0.016869,LMT,63
2017-11-09,0.188248,0.106888,0.103426,0.035567,0.025158,LMT,63
2017-11-10,0.189102,0.107147,0.103622,0.025712,0.028079,LMT,63
2017-11-13,0.189859,0.10609,0.103703,0.004823,0.025226,LMT,63
2017-11-14,0.190609,0.106144,0.103791,0.003676,0.022522,LMT,63
2017-11-15,0.191363,0.107137,0.104146,0.000216,0.022892,LMT,63
2017-11-16,0.192473,0.106184,0.104442,0.004162,0.020554,LMT,63
2017-11-17,0.193474,0.105769,0.104271,-0.00777,0.027308,LMT,63
2017-11-20,0.193171,0.105778,0.103641,-0.011668,0.0186,LMT,63
2017-11-21,0.19359,0.105876,0.102814,-0.015306,0.020905,LMT,63
2017-11-22,0.194012,0.106602,0.102932,-0.007469,0.019445,LMT,63
2017-11-24,0.194625,0.115031,0.107624,0.000574,0.016848,LMT,63
2017-11-27,0.195567,0.113787,0.107102,0.025064,0.016066,LMT,63
2017-11-28,0.20074,0.111069,0.106622,0.035144,0.01178,LMT,63
2017-11-29,0.202432,0.110183,0.106557,0.047628,0.015211,LMT,63
2017-11-30,0.203074,0.109295,0.107103,0.049285,0.006296,LMT,63
2017-12-01,0.201807,0.110497,0.10223,0.042284,0.01997,LMT,63
2017-12-04,0.203645,0.111116,0.102471,0.049826,0.01188,LMT,63
2017-12-05,0.204137,0.111028,0.102022,0.037695,0.014011,LMT,63
2017-12-06,0.204646,0.110736,0.102422,0.042039,0.014325,LMT,63
2017-12-07,0.205174,0.108393,0.099129,0.031106,0.014698,LMT,63
2017-12-08,0.2053,0.112688,0.116669,0.022652,0.009268,LMT,63
2017-12-11,0.207961,0.115056,0.118087,0.024919,0.019987,LMT,63
2017-12-12,0.209116,0.117389,0.118755,0.03605,0.014169,LMT,63
2017-12-13,0.209579,0.117481,0.118592,0.037834,0.015031,LMT,63
2017-12-14,0.210031,0.117303,0.118803,0.036673,0.014195,LMT,63
2017-12-15,0.210273,0.120342,0.123279,0.028675,0.008001,LMT,63
2017-12-18,0.210798,0.120435,0.122873,0.023022,0.015573,LMT,63
2017-12-19,0.21339,0.119924,0.122212,0.028405,0.016107,LMT,63
2017-12-20,0.222483,0.119787,0.122649,0.039603,0.020415,LMT,63
2017-12-21,0.223403,0.119603,0.122981,0.041659,0.018638,LMT,63
2017-12-22,0.225402,0.152733,0.124388,0.038865,0.017128,LMT,63
2017-12-26,0.226765,0.157751,0.125487,0.045134,0.013151,LMT,63
2017-12-27,0.22776,0.171286,0.125978,0.045601,0.016186,LMT,63
2017-12-28,0.230438,0.164387,0.125902,0.037906,0.022058,LMT,63
2017-12-29,0.231857,0.164777,0.125578,0.052422,0.012557,LMT,63
2018-01-02,0.234252,0.16439,0.125405,0.047042,0.0195,LMT,63
2018-01-03,0.235631,0.162496,0.123739,0.050986,0.021573,LMT,63
2018-01-04,0.238081,0.162209,0.122442,0.063963,0.026796,LMT,63
2018-01-05,0.238793,0.162615,0.122179,0.072996,0.015702,LMT,63
2018-01-08,0.239074,0.162853,0.12294,0.084462,0.015775,LMT,63
2018-01-09,0.241106,0.160284,0.123234,0.082042,0.016204,LMT,63
2018-01-10,0.241,0.14901,0.123045,0.088874,0.024509,LMT,63
2018-01-11,0.24149,0.162367,0.123292,0.089858,0.025261,LMT,63
2018-01-12,0.24146,0.158919,0.1223,0.087969,0.024686,LMT,63
2018-01-16,0.24142,0.160445,0.122633,0.103487,0.026124,LMT,63
2018-01-17,0.24094,0.150488,0.123235,0.099852,0.02109,LMT,63
2018-01-18,0.241118,0.145859,0.120915,0.086183,0.019027,LMT,63
2018-01-19,0.241235,0.145611,0.121707,0.108575,0.016842,LMT,63
2018-01-22,0.241327,0.147608,0.123414,0.102286,0.011941,LMT,63
2018-01-23,0.259782,0.147492,0.12373,0.107779,0.016108,LMT,63
2018-01-24,0.26726,0.190724,0.129992,0.107696,0.010258,LMT,63
2018-01-25,0.270718,0.190058,0.130077,0.102336,0.013519,LMT,63
2018-01-26,0.269707,0.19056,0.130325,0.105555,0.025354,LMT,63
2018-01-29,0.266122,0.177524,0.130497,0.05148,0.015501,LMT,63
2018-01-30,0.274473,0.178419,0.130225,0.039696,0.000997,LMT,63
2018-01-31,0.275948,0.1767,0.130947,0.017928,0.01057,LMT,63
2018-02-01,0.277269,0.168361,0.130815,0.004867,0.018893,LMT,63
2018-02-02,0.276978,0.159003,0.131087,0.003466,0.02461,LMT,63
2018-02-05,0.255785,0.152939,0.14133,-0.009244,-0.010449,LMT,63
2018-02-06,0.253428,0.152576,0.143104,-0.013649,0.041672,LMT,63
2018-02-07,0.250051,0.152636,0.143801,-0.048995,0.019912,LMT,63
2018-02-08,0.247811,0.154268,0.143499,0.008651,0.005835,LMT,63
2018-02-09,0.242798,0.150957,0.145212,-0.02037,0.066426,LMT,63
2018-02-12,0.241579,0.150826,0.144206,-0.061171,0.05039,LMT,63
2018-02-13,0.241108,0.149389,0.145364,-0.093378,0.038073,LMT,63
2018-02-14,0.240575,0.14979,0.143223,-0.100862,0.028353,LMT,63
2018-02-15,0.240237,0.149011,0.142737,-0.125133,0.031235,LMT,63
2018-02-16,0.239581,0.148967,0.141414,-0.111628,0.015917,LMT,63
2018-02-20,0.23899,0.149277,0.141612,-0.106065,0.033224,LMT,63
2018-02-21,0.238499,0.148425,0.142224,-0.07682,0.023734,LMT,63
2018-02-22,0.240558,0.179448,0.151906,-0.116166,0.028886,LMT,63
2018-02-23,0.241161,0.175801,0.151209,-0.147801,0.031796,LMT,63
2018-02-26,0.241941,0.167812,0.150718,-0.134554,0.022392,LMT,63
2018-02-27,0.242374,0.170981,0.151129,-0.116505,0.015515,LMT,63
2018-02-28,0.242239,0.169185,0.151497,-0.092313,0.018643,LMT,63
2018-03-01,0.238382,0.170804,0.149261,-0.069847,0.00167,LMT,63
2018-03-02,0.23688,0.169981,0.151305,-0.07586,0.030707,LMT,63
2018-03-05,0.236435,0.168983,0.15039,-0.067459,0.034139,LMT,63
2018-03-06,0.235896,0.16263,0.139404,-0.084382,0.034798,LMT,63
2018-03-07,0.234296,0.152363,0.137457,-0.016212,0.028207,LMT,63
2018-03-08,0.234013,0.150439,0.136338,-0.033666,0.033981,LMT,63
2018-03-09,0.234153,0.144749,0.134549,-0.024721,0.026949,LMT,63
2018-03-12,0.233609,0.143724,0.142511,0.005516,0.019789,LMT,63
2018-03-13,0.235745,0.14567,0.142086,0.011983,0.027964,LMT,63
2018-03-14,0.234361,0.146959,0.141335,0.013708,0.031033,LMT,63
2018-03-15,0.234104,0.14602,0.135428,0.002024,0.030067,LMT,63
2018-03-16,0.234156,0.148101,0.13554,0.004411,0.014655,LMT,63
2018-03-19,0.234072,0.154974,0.136774,0.017882,0.034431,LMT,63
2018-03-20,0.234404,0.154694,0.136493,0.009854,0.030897,LMT,63
2018-03-21,0.233586,0.14417,0.135607,0.012957,0.015018,LMT,63
2018-03-22,0.231898,0.186923,0.145054,0.032933,0.033714,LMT,63
2018-03-23,0.223102,0.18567,0.147219,0.012148,0.025911,LMT,63
2018-03-26,0.224628,0.187452,0.147753,0.005829,0.031944,LMT,63
2018-03-27,0.223068,0.188012,0.150669,0.008771,0.037026,LMT,63
2018-03-28,0.223604,0.186789,0.150603,0.019472,0.041034,LMT,63
2018-03-29,0.223872,0.185349,0.150526,-0.008539,0.031617,LMT,63
2018-04-02,0.221963,0.18404,0.148607,0.023528,0.044177,LMT,63
2018-04-03,0.221878,0.186392,0.14923,0.014536,0.041446,LMT,63
2018-04-04,0.219378,0.187636,0.141152,-0.003282,0.040287,LMT,63
2018-04-05,0.219457,0.193705,0.13946,-0.015162,0.036049,LMT,63
2018-04-06,0.217721,0.191845,0.141094,0.01728,0.039246,LMT,63
2018-04-09,0.217997,0.194072,0.142521,0.008128,0.036593,LMT,63
2018-04-10,0.218062,0.195144,0.141732,-0.001066,0.03572,LMT,63
2018-04-11,0.215916,0.194756,0.14399,0.003239,0.028895,LMT,63
2018-04-12,0.216416,0.191904,0.143052,-0.015762,0.035371,LMT,63
2018-04-13,0.216595,0.191897,0.139671,-0.014628,0.030512,LMT,63
2018-04-16,0.217729,0.190644,0.138688,-0.018072,0.024207,LMT,63
2018-04-17,0.218048,0.191193,0.138854,-0.02629,0.018715,LMT,63
2018-04-18,0.218337,0.181111,0.135198,-0.026926,0.023321,LMT,63
2018-04-19,0.218147,0.188199,0.13753,-0.024384,0.031017,LMT,63
2018-04-20,0.218479,0.1941,0.1517,-0.023634,0.036838,LMT,63
2018-04-23,0.21944,0.183139,0.146706,-0.01975,0.043648,LMT,63
2018-04-24,0.209968,0.195499,0.145259,-0.020627,0.027744,LMT,63
2018-04-25,0.202549,0.203131,0.148236,-0.056403,0.03138,LMT,63
2018-04-26,0.198183,0.191066,0.146618,-0.068066,0.020557,LMT,63
2018-04-27,0.197565,0.191076,0.144993,-0.087571,0.024035,LMT,63
2018-04-30,0.197679,0.197737,0.147511,-0.073139,0.016252,LMT,63
2018-05-01,0.184239,0.194633,0.145018,-0.076089,0.030199,LMT,63
2018-05-02,0.181123,0.195818,0.145861,-0.079172,0.032194,LMT,63
2018-05-03,0.177225,0.197636,0.14617,-0.089915,0.031612,LMT,63
2018-05-04,0.176481,0.197538,0.153801,-0.091335,0.029087,LMT,63
2018-05-07,0.177118,0.193617,0.14923,-0.095631,0.027616,LMT,63
2018-05-08,0.176544,0.195432,0.152046,-0.086025,0.032779,LMT,63
2018-05-09,0.17628,0.196371,0.152707,-0.086948,0.038181,LMT,63
2018-05-10,0.175772,0.193299,0.149924,-0.106157,0.029965,LMT,63
2018-05-11,0.175843,0.192933,0.148901,-0.112335,0.029053,LMT,63
2018-05-14,0.174773,0.192402,0.149409,-0.109988,0.027964,LMT,63
2018-05-15,0.175485,0.187919,0.148123,-0.113851,0.033266,LMT,63
2018-05-16,0.176167,0.188756,0.143437,-0.114325,0.028408,LMT,63
2018-05-17,0.176397,0.183444,0.140505,-0.124312,0.032844,LMT,63
2018-05-18,0.176506,0.171185,0.160159,-0.120826,0.024455,LMT,63
2018-05-21,0.176227,0.172984,0.159655,-0.125253,0.027498,LMT,63
2018-05-22,0.175733,0.17336,0.15932,-0.117605,0.026051,LMT,63
2018-05-23,0.172539,0.177665,0.155502,-0.077394,0.026271,LMT,63
2018-05-24,0.171248,0.17895,0.155012,-0.054128,0.026285,LMT,63
2018-05-25,0.169719,0.179245,0.155832,-0.045076,0.02541,LMT,63
2018-05-29,0.168616,0.177614,0.15983,-0.021777,0.027883,LMT,63
2018-05-30,0.167947,0.178582,0.165158,-0.031791,0.025502,LMT,63
2018-05-31,0.167383,0.180182,0.161844,0.011013,0.018071,LMT,63
2018-06-01,0.168617,0.181366,0.157607,0.004411,0.029343,LMT,63
2018-06-04,0.168854,0.180053,0.153718,0.025534,0.02547,LMT,63
2018-06-05,0.169294,0.185547,0.153233,0.023193,0.028485,LMT,63
2018-06-06,0.168932,0.1858,0.153535,0.016923,0.028234,LMT,63
2018-06-07,0.169887,0.182224,0.154105,0.024077,0.028601,LMT,63
2018-06-08,0.169596,0.177267,0.15209,0.021422,0.03278,LMT,63
2018-06-11,0.170193,0.178098,0.153803,0.03532,0.019102,LMT,63
2018-06-12,0.167233,0.183618,0.154755,0.029796,0.028781,LMT,63
2018-06-13,0.166114,0.188006,0.154631,0.032774,0.022166,LMT,63
2018-06-14,0.165446,0.184683,0.154784,0.034133,0.022991,LMT,63
2018-06-15,0.165924,0.185788,0.158007,0.034553,0.020133,LMT,63
2018-06-18,0.165517,0.169736,0.158714,0.046495,0.025161,LMT,63
2018-06-19,0.165146,0.169589,0.162195,0.056211,0.030294,LMT,63
2018-06-20,0.168056,0.170339,0.161914,0.057179,0.023211,LMT,63
2018-06-21,0.171718,0.172664,0.162254,0.060543,0.025921,LMT,63
2018-06-22,0.171535,0.17561,0.145001,0.058388,0.027252,LMT,63
2018-06-25,0.169475,0.175134,0.147727,0.079411,0.03421,LMT,63
2018-06-26,0.170871,0.176329,0.145056,0.080888,0.032922,LMT,63
2018-06-27,0.168467,0.176311,0.146246,0.100328,0.020846,LMT,63
2018-06-28,0.16744,0.172966,0.146046,0.093888,0.038065,LMT,63
2018-06-29,0.166693,0.175135,0.140292,0.096548,0.032838,LMT,63
2018-07-02,0.165202,0.171059,0.137193,0.075686,0.039162,LMT,63
2018-07-03,0.164766,0.171363,0.139939,0.083192,0.043166,LMT,63
2018-07-05,0.163014,0.170318,0.142645,0.060212,0.03188,LMT,63
2018-07-06,0.161684,0.17093,0.146069,0.054696,0.036078,LMT,63
2018-07-09,0.161211,0.174502,0.148382,0.024789,0.030099,LMT,63
2018-07-10,0.160891,0.176146,0.147627,0.02518,0.027358,LMT,63
2018-07-11,0.16068,0.172528,0.145868,0.03883,0.023024,LMT,63
2018-07-12,0.161046,0.174347,0.143921,0.033476,0.032352,LMT,63
2018-07-13,0.166189,0.17377,0.144606,0.034174,0.029605,LMT,63
2018-07-16,0.168259,0.175815,0.143729,0.038467,0.029898,LMT,63
2018-07-17,0.168656,0.165004,0.150879,0.039126,0.024123,LMT,63
2018-07-18,0.169066,0.164183,0.150715,0.045818,0.022232,LMT,63
2018-07-19,0.169223,0.164242,0.148536,0.045126,0.023957,LMT,63
2018-07-20,0.171571,0.165392,0.148855,0.028877,0.02838,LMT,63
2018-07-23,0.17061,0.164738,0.144464,0.037564,0.027641,LMT,63
2018-07-24,0.156328,0.167102,0.151588,-0.021672,0.03154,LMT,63
2018-07-25,0.172815,0.16693,0.147002,-0.034017,0.026861,LMT,63
2018-07-26,0.17685,0.163577,0.14485,-0.042177,0.02708,LMT,63
2018-07-27,0.181292,0.16076,0.142871,-0.041426,0.026473,LMT,63
2018-07-30,0.182828,0.160675,0.142998,-0.035656,0.028627,LMT,63
2018-07-31,0.199889,0.159169,0.1376,-0.041168,0.029785,LMT,63
2018-08-01,0.202562,0.159035,0.137421,-0.036831,0.023347,LMT,63
2018-08-02,0.203896,0.158419,0.137408,-0.029712,0.021098,LMT,63
2018-08-03,0.20516,0.157442,0.137631,-0.035047,0.02641,LMT,63
2018-08-06,0.205305,0.157563,0.138863,-0.034518,0.027881,LMT,63
2018-08-07,0.204918,0.157468,0.138578,-0.028023,0.021866,LMT,63
2018-08-08,0.205374,0.157892,0.13872,-0.033521,0.02199,LMT,63
2018-08-09,0.206297,0.15701,0.138002,-0.042285,0.025716,LMT,63
2018-08-10,0.206831,0.160573,0.139163,-0.033804,0.021328,LMT,63
2018-08-13,0.20746,0.164807,0.141298,-0.025366,0.023325,LMT,63
2018-08-14,0.208599,0.176411,0.14152,-0.030994,0.023836,LMT,63
2018-08-15,0.209876,0.176175,0.144146,-0.021822,0.022257,LMT,63
2018-08-16,0.210294,0.179362,0.139065,-0.03356,0.026267,LMT,63
2018-08-17,0.213042,0.175837,0.138547,-0.030247,0.018556,LMT,63
2018-08-20,0.214088,0.171655,0.141478,-0.027695,0.020763,LMT,63
2018-08-21,0.215411,0.173602,0.141309,-0.031566,0.022259,LMT,63
2018-08-22,0.217406,0.172621,0.136843,0.021187,0.017955,LMT,63
2018-08-23,0.217739,0.173582,0.13719,0.029001,0.02374,LMT,63
2018-08-24,0.219159,0.172871,0.137245,0.030115,0.023307,LMT,63
2018-08-27,0.220645,0.176274,0.136163,0.03314,0.019861,LMT,63
2018-08-28,0.22219,0.176656,0.146292,0.037211,0.021658,LMT,63
2018-08-29,0.223907,0.178305,0.146571,0.03958,0.021511,LMT,63
2018-08-30,0.223743,0.179285,0.146929,0.039889,0.026578,LMT,63
2018-08-31,0.224769,0.173416,0.147675,0.038569,0.023671,LMT,63
2018-09-04,0.225798,0.176299,0.148105,0.039178,0.029331,LMT,63
2018-09-05,0.227254,0.175853,0.149195,0.050138,0.024304,LMT,63
2018-09-06,0.230836,0.179032,0.149601,0.049163,0.03171,LMT,63
2018-09-07,0.231585,0.180061,0.151124,0.056027,0.025305,LMT,63
2018-09-10,0.232872,0.178588,0.150637,0.06399,0.019446,LMT,63
2018-09-11,0.236307,0.179499,0.15053,0.057305,0.023465,LMT,63
2018-09-12,0.236639,0.191083,0.154935,0.053094,0.02498,LMT,63
2018-09-13,0.237038,0.191417,0.153631,0.051169,0.028287,LMT,63
2018-09-14,0.236636,0.189553,0.141846,0.051217,0.016406,LMT,63
2018-09-17,0.23862,0.191777,0.14218,0.060867,0.026005,LMT,63
2018-09-18,0.239481,0.193742,0.143095,0.058882,0.023372,LMT,63
2018-09-19,0.243567,0.193266,0.142269,0.048327,0.030787,LMT,63
2018-09-20,0.246997,0.193688,0.143002,0.042474,0.032117,LMT,63
2018-09-21,0.249232,0.187102,0.143172,0.031509,0.03146,LMT,63
2018-09-24,0.251252,0.193581,0.14264,0.038382,0.022961,LMT,63
2018-09-25,0.255881,0.187295,0.145838,0.024829,0.029313,LMT,63
2018-09-26,0.258626,0.18638,0.145425,0.027872,0.031575,LMT,63
2018-09-27,0.259191,0.186055,0.144812,0.022561,0.033288,LMT,63
2018-09-28,0.260386,0.185723,0.145319,0.023704,0.025346,LMT,63
2018-10-01,0.262336,0.181681,0.14572,0.027935,0.027507,LMT,63
2018-10-02,0.263627,0.184426,0.144953,0.030481,0.021796,LMT,63
2018-10-03,0.264298,0.185711,0.145783,0.034692,0.024268,LMT,63
2018-10-04,0.265766,0.187284,0.146679,0.034897,0.031299,LMT,63
2018-10-05,0.265679,0.184937,0.143471,0.048321,0.034067,LMT,63
2018-10-08,0.265832,0.184755,0.142244,0.049773,0.029026,LMT,63
2018-10-09,0.266485,0.18574,0.143148,0.05524,0.03737,LMT,63
2018-10-10,0.266746,0.199973,0.15472,0.104468,0.046626,LMT,63
2018-10-11,0.264117,0.194598,0.156199,0.130475,0.050586,LMT,63
2018-10-12,0.262533,0.196526,0.156501,0.087046,0.045002,LMT,63
2018-10-15,0.262509,0.196663,0.155997,0.076728,0.037483,LMT,63
2018-10-16,0.26368,0.196132,0.15642,0.034951,0.03954,LMT,63
2018-10-17,0.264724,0.196346,0.155621,0.043297,0.037197,LMT,63
2018-10-18,0.264608,0.188819,0.155358,0.06763,0.050932,LMT,63
2018-10-19,0.265293,0.192658,0.154566,0.075728,0.036993,LMT,63
2018-10-22,0.265593,0.192724,0.154134,0.076874,0.044807,LMT,63
2018-10-23,0.253018,0.186782,0.159107,0.026538,0.048946,LMT,63
2018-10-24,0.250661,0.185744,0.158521,0.038847,0.050557,LMT,63
2018-10-25,0.249387,0.188893,0.16036,0.029542,0.05648,LMT,63
2018-10-26,0.249471,0.182505,0.173318,0.057814,0.053839,LMT,63
2018-10-29,0.236956,0.17929,0.180145,0.054642,0.075996,LMT,63
2018-10-30,0.234767,0.178998,0.182866,0.004412,0.044788,LMT,63
2018-10-31,0.234859,0.184192,0.182765,-0.012895,0.033795,LMT,63
2018-11-01,0.234938,0.181371,0.183044,-0.045364,0.03575,LMT,63
2018-11-02,0.234501,0.183106,0.183123,-0.04772,0.040559,LMT,63
2018-11-05,0.2347,0.182386,0.18358,-0.044171,0.046434,LMT,63
2018-11-06,0.234748,0.181171,0.183405,-0.049971,0.041803,LMT,63
2018-11-07,0.233958,0.196285,0.185627,-0.085637,0.033216,LMT,63
2018-11-08,0.233363,0.194839,0.184277,-0.085128,0.034745,LMT,63
2018-11-09,0.23261,0.187206,0.182323,-0.070461,0.034567,LMT,63
2018-11-12,0.230954,0.189234,0.183494,-0.038456,0.05659,LMT,63
2018-11-13,0.229081,0.187605,0.183709,-0.042393,0.041314,LMT,63
2018-11-14,0.228221,0.188999,0.184273,-0.022428,0.043513,LMT,63
2018-11-15,0.225592,0.188863,0.184096,-0.025856,0.049941,LMT,63
2018-11-16,0.224922,0.184535,0.183761,-0.036404,0.041946,LMT,63
2018-11-19,0.223952,0.183915,0.184007,-0.02627,0.04859,LMT,63
2018-11-20,0.222241,0.182201,0.173982,-0.001458,0.060332,LMT,63
2018-11-21,0.222036,0.181987,0.172882,0.01282,0.041347,LMT,63
2018-11-23,0.220841,0.180178,0.171336,0.022016,0.041964,LMT,63
2018-11-26,0.220506,0.179366,0.170111,0.009144,0.042076,LMT,63
2018-11-27,0.219725,0.176344,0.168568,-0.002113,0.038164,LMT,63
2018-11-28,0.219113,0.177044,0.16635,0.027945,0.041142,LMT,63
2018-11-29,0.218527,0.178317,0.167477,0.047071,0.037751,LMT,63
2018-11-30,0.217769,0.179999,0.177138,0.06545,0.026099,LMT,63
2018-12-03,0.217558,0.176294,0.175525,0.013027,0.03518,LMT,63
2018-12-04,0.216266,0.17993,0.178475,0.044765,0.031267,LMT,63
2018-12-06,0.212198,0.166742,0.182398,0.052115,0.046814,LMT,63
2018-12-07,0.211457,0.186512,0.188867,0.055727,0.070749,LMT,63
2018-12-10,0.209896,0.180717,0.183915,0.05208,0.045066,LMT,63
2018-12-11,0.206448,0.178915,0.180654,0.034172,0.042528,LMT,63
2018-12-12,0.207024,0.178251,0.181239,0.02502,0.042971,LMT,63
2018-12-13,0.207343,0.176692,0.180084,0.018078,0.040383,LMT,63
2018-12-14,0.208421,0.176768,0.182268,0.029207,0.037045,LMT,63
2018-12-17,0.20653,0.178062,0.182198,0.05029,0.049196,LMT,63
2018-12-18,0.205517,0.172214,0.183984,0.062901,0.037487,LMT,63
2018-12-19,0.198056,0.167213,0.173941,0.044683,0.038155,LMT,63
2018-12-20,0.190088,0.162726,0.175288,0.077784,0.065506,LMT,63
2018-12-21,0.188333,0.161949,0.174488,0.088781,0.063985,LMT,63
2018-12-24,0.185891,0.162837,0.175243,0.14808,0.067691,LMT,63
2018-12-26,0.177756,0.160569,0.171171,0.098541,0.069684,LMT,63
2018-12-27,0.174046,0.160907,0.172619,0.075471,0.066134,LMT,63
2018-12-28,0.173398,0.160777,0.172155,0.058578,0.057447,LMT,63
2018-12-31,0.171881,0.160753,0.17178,0.035516,0.073702,LMT,63
2019-01-02,0.170761,0.160625,0.171107,0.014031,0.046634,LMT,63
2019-01-03,0.169189,0.160057,0.172356,0.032918,0.063256,LMT,63
2019-01-04,0.167764,0.159449,0.166532,0.010111,0.058598,LMT,63
2019-01-07,0.165956,0.158394,0.168003,0.015476,0.037459,LMT,63
2019-01-08,0.16538,0.163896,0.165958,0.008457,0.041281,LMT,63
2019-01-09,0.165799,0.163521,0.164335,0.004818,0.050021,LMT,63
2019-01-10,0.165047,0.161754,0.160442,-1.2e-05,0.046718,LMT,63
2019-01-11,0.163536,0.16203,0.159508,-0.015966,0.048948,LMT,63
2019-01-14,0.161816,0.162897,0.162586,-0.005083,0.033785,LMT,63
2019-01-15,0.160609,0.162518,0.164173,-0.015822,0.040715,LMT,63
2019-01-16,0.159475,0.16218,0.161381,-0.004274,0.028664,LMT,63
2019-01-17,0.157428,0.159169,0.155878,-0.016574,0.044062,LMT,63
2019-01-18,0.155576,0.159917,0.156352,-0.024851,0.033948,LMT,63
2019-01-22,0.159798,0.159901,0.155973,0.020687,0.050212,LMT,63
2019-01-23,0.160735,0.159015,0.15539,0.04381,0.039803,LMT,63
2019-01-24,0.160124,0.158667,0.152855,0.0335,0.050592,LMT,63
2019-01-25,0.160146,0.159511,0.149728,0.02695,0.04378,LMT,63
2019-01-28,0.159184,0.159414,0.15324,0.049658,0.050298,LMT,63
2019-01-29,0.156525,0.158891,0.152775,0.008764,0.041625,LMT,63
2019-01-30,0.154415,0.160686,0.146421,-0.004356,0.037071,LMT,63
2019-01-31,0.153637,0.163415,0.152481,-0.00222,0.038843,LMT,63
2019-02-01,0.153903,0.163546,0.151013,-0.006192,0.042109,LMT,63
2019-02-04,0.152611,0.166894,0.153301,-0.019294,0.033954,LMT,63
2019-02-05,0.151613,0.163612,0.162194,-0.023307,0.035352,LMT,63
2019-02-06,0.152661,0.161591,0.158664,-0.019857,0.037284,LMT,63
2019-02-07,0.154241,0.161441,0.161,-0.010041,0.037357,LMT,63
2019-02-08,0.154582,0.158754,0.155916,-0.013312,0.037859,LMT,63
2019-02-11,0.156074,0.160584,0.158434,-0.004421,0.035498,LMT,63
2019-02-12,0.157735,0.160575,0.157596,-0.013375,0.031881,LMT,63
2019-02-13,0.159249,0.162947,0.154411,-0.00922,0.031272,LMT,63
2019-02-14,0.159649,0.163557,0.1575,0.001035,0.034505,LMT,63
2019-02-15,0.160446,0.163781,0.156915,-0.006936,0.032912,LMT,63
2019-02-19,0.161656,0.16496,0.158463,0.001039,0.035492,LMT,63
2019-02-20,0.162818,0.164516,0.157528,0.003561,0.036174,LMT,63
2019-02-21,0.162602,0.164787,0.155239,0.021164,0.035022,LMT,63
2019-02-22,0.163421,0.164123,0.153395,0.01918,0.034515,LMT,63
2019-02-25,0.163748,0.164446,0.150864,0.026928,0.030925,LMT,63
2019-02-26,0.164019,0.164359,0.152483,0.030394,0.032467,LMT,63
2019-02-27,0.164501,0.165496,0.150952,0.033102,0.0264,LMT,63
2019-02-28,0.163238,0.165907,0.150933,0.043392,0.024125,LMT,63
2019-03-01,0.162445,0.168616,0.151165,0.039266,0.031127,LMT,63
2019-03-04,0.161256,0.168235,0.153161,0.053273,0.042371,LMT,63
2019-03-05,0.160925,0.166089,0.153491,0.051144,0.031227,LMT,63
2019-03-06,0.160432,0.166112,0.153851,0.068701,0.027026,LMT,63
2019-03-07,0.158971,0.163268,0.156848,0.068529,0.046669,LMT,63
2019-03-08,0.158966,0.163764,0.156154,0.07581,0.04365,LMT,63
2019-03-11,0.159289,0.161831,0.153726,0.051031,0.029616,LMT,63
2019-03-12,0.162817,0.161743,0.154112,0.056479,0.033132,LMT,63
2019-03-13,0.162723,0.162127,0.153146,0.043681,0.033379,LMT,63
2019-03-14,0.162784,0.163942,0.152226,0.054525,0.038813,LMT,63
2019-03-15,0.161857,0.162443,0.153799,0.038641,0.035141,LMT,63
2019-03-18,0.161562,0.163568,0.153835,0.032022,0.023146,LMT,63
2019-03-19,0.159999,0.163573,0.153599,0.03562,0.043444,LMT,63
2019-03-20,0.159513,0.164003,0.151173,0.040003,0.037974,LMT,63
2019-03-21,0.158999,0.164769,0.154768,0.044651,0.023059,LMT,63
2019-03-22,0.159256,0.163092,0.155048,0.054095,0.03401,LMT,63
2019-03-25,0.158941,0.164072,0.156003,0.064907,0.031797,LMT,63
2019-03-26,0.15771,0.159371,0.148809,0.053237,0.040386,LMT,63
2019-03-27,0.15707,0.159936,0.148667,0.046729,0.044048,LMT,63
2019-03-28,0.157205,0.158625,0.148575,0.04466,0.031412,LMT,63
2019-03-29,0.157724,0.159686,0.145717,0.042301,0.046961,LMT,63
2019-04-01,0.157622,0.160576,0.146996,0.042956,0.0341,LMT,63
2019-04-02,0.157443,0.160049,0.143594,0.049221,0.040938,LMT,63
2019-04-03,0.155829,0.161154,0.148019,0.053776,0.04427,LMT,63
2019-04-04,0.155536,0.156516,0.152312,0.044427,0.03742,LMT,63
2019-04-05,0.155763,0.157035,0.14694,0.042064,0.034192,LMT,63
2019-04-08,0.15528,0.160735,0.150323,0.047248,0.032895,LMT,63
2019-04-09,0.155937,0.161263,0.151993,0.061038,0.043142,LMT,63
2019-04-10,0.155144,0.16318,0.152444,0.061422,0.042183,LMT,63
2019-04-11,0.154654,0.164986,0.153074,0.050336,0.032925,LMT,63
2019-04-12,0.154369,0.164871,0.150109,0.045024,0.035896,LMT,63
2019-04-15,0.154289,0.163726,0.149362,0.052624,0.037761,LMT,63
2019-04-16,0.154959,0.164564,0.149287,0.051073,0.04181,LMT,63
2019-04-17,0.155941,0.164066,0.149612,0.058314,0.03842,LMT,63
2019-04-18,0.155267,0.163808,0.149487,0.065385,0.031645,LMT,63
2019-04-22,0.155163,0.16331,0.149714,0.078346,0.03893,LMT,63
2019-04-23,0.153986,0.167787,0.15034,0.019072,0.030209,LMT,63
2019-04-24,0.152507,0.167576,0.148568,0.003577,0.030195,LMT,63
2019-04-25,0.151998,0.168468,0.15017,0.005236,0.030706,LMT,63
2019-04-26,0.151666,0.181185,0.15012,0.005328,0.021708,LMT,63
2019-04-29,0.150946,0.195503,0.148624,-0.002678,0.028925,LMT,63
2019-04-30,0.150996,0.186076,0.146828,-0.007113,0.026347,LMT,63
2019-05-01,0.153263,0.178283,0.142197,-0.004949,0.034008,LMT,63
2019-05-02,0.155287,0.173565,0.143592,-0.006142,0.033529,LMT,63
2019-05-03,0.155112,0.162544,0.142327,-0.005939,0.031774,LMT,63
2019-05-06,0.15641,0.160292,0.145263,0.008792,0.034966,LMT,63
2019-05-07,0.157072,0.164771,0.146156,0.034903,0.049079,LMT,63
2019-05-08,0.157853,0.164194,0.147984,0.025779,0.043184,LMT,63
2019-05-09,0.156528,0.164176,0.146607,0.0229,0.049823,LMT,63
2019-05-10,0.156556,0.164289,0.146548,0.002355,0.049016,LMT,63
2019-05-13,0.154886,0.166035,0.152602,0.043232,0.046989,LMT,63
2019-05-14,0.154469,0.165707,0.152704,0.011744,0.043565,LMT,63
2019-05-15,0.154276,0.164305,0.151693,-0.00677,0.041977,LMT,63
2019-05-16,0.155397,0.163214,0.148166,-0.018492,0.04196,LMT,63
2019-05-17,0.155465,0.162707,0.148202,-0.019063,0.038619,LMT,63
2019-05-20,0.154114,0.163543,0.151086,-0.002063,0.032806,LMT,63
2019-05-21,0.153448,0.162041,0.151385,-0.023164,0.034459,LMT,63
2019-05-22,0.154045,0.162761,0.149998,-0.00115,0.03407,LMT,63
2019-05-23,0.153694,0.163579,0.151264,0.023996,0.040894,LMT,63
2019-05-24,0.157111,0.163007,0.149443,0.019161,0.038743,LMT,63
2019-05-28,0.15733,0.162965,0.149778,0.024963,0.03647,LMT,63
2019-05-29,0.157154,0.162808,0.150582,0.037697,0.033148,LMT,63
2019-05-30,0.158137,0.163204,0.151179,0.023362,0.038751,LMT,63
2019-05-31,0.158509,0.163384,0.153255,0.0369,0.03796,LMT,63
2019-06-03,0.158132,0.160356,0.15396,0.038596,0.041781,LMT,63
2019-06-04,0.158663,0.158376,0.153331,0.022877,0.038738,LMT,63
2019-06-05,0.158487,0.15926,0.154723,0.023153,0.031307,LMT,63
2019-06-06,0.15967,0.155676,0.15291,0.025169,0.036509,LMT,63
2019-06-07,0.159365,0.15573,0.150614,0.019907,0.032231,LMT,63
2019-06-10,0.158738,0.155976,0.150985,0.036761,0.035475,LMT,63
2019-06-11,0.15885,0.157997,0.155481,0.03501,0.035931,LMT,63
2019-06-12,0.159553,0.156192,0.152196,0.037609,0.032845,LMT,63
2019-06-13,0.159184,0.156812,0.15394,0.034177,0.032618,LMT,63
2019-06-14,0.158861,0.15529,0.153962,0.043365,0.026142,LMT,63
2019-06-17,0.15947,0.155908,0.153869,0.042361,0.032976,LMT,63
2019-06-18,0.163584,0.15444,0.152477,0.038168,0.03974,LMT,63
2019-06-19,0.164295,0.154481,0.152512,0.043433,0.027254,LMT,63
2019-06-20,0.164481,0.154501,0.149945,0.065795,0.034279,LMT,63
2019-06-21,0.164495,0.154632,0.150129,0.054358,0.030679,LMT,63
2019-06-24,0.164668,0.154067,0.147671,0.058445,0.035093,LMT,63
2019-06-25,0.165555,0.154152,0.147456,0.065567,0.03925,LMT,63
2019-06-26,0.164955,0.153439,0.146373,0.066041,0.035717,LMT,63
2019-06-27,0.16568,0.153028,0.147084,0.066748,0.034378,LMT,63
2019-06-28,0.16615,0.153033,0.146511,0.05869,0.035387,LMT,63
2019-07-01,0.166287,0.155311,0.146279,0.047215,0.033773,LMT,63
2019-07-02,0.166949,0.155691,0.145363,0.034351,0.036777,LMT,63
2019-07-03,0.168691,0.156178,0.146068,0.033444,0.037094,LMT,63
2019-07-05,0.169844,0.155948,0.14568,0.033366,0.034063,LMT,63
2019-07-08,0.170062,0.155845,0.147191,0.040963,0.035252,LMT,63
2019-07-09,0.17003,0.155461,0.146741,0.043929,0.030782,LMT,63
2019-07-10,0.170501,0.154681,0.146461,0.041186,0.034472,LMT,63
2019-07-11,0.170646,0.154467,0.144377,0.05519,0.031853,LMT,63
2019-07-12,0.171191,0.154236,0.14275,0.050136,0.034569,LMT,63
2019-07-15,0.172347,0.154343,0.145618,0.058137,0.035176,LMT,63
2019-07-16,0.172747,0.154542,0.145903,0.065524,0.03089,LMT,63
2019-07-17,0.172284,0.155213,0.146951,0.070246,0.035947,LMT,63
2019-07-18,0.17168,0.156071,0.148259,0.065585,0.036497,LMT,63
2019-07-19,0.172429,0.157017,0.149155,0.073117,0.02789,LMT,63
2019-07-22,0.17538,0.156828,0.148536,0.075286,0.041037,LMT,63
2019-07-23,0.169967,0.153822,0.142997,0.026901,0.032649,LMT,63
2019-07-24,0.173684,0.156646,0.144848,0.010997,0.032457,LMT,63
2019-07-25,0.174078,0.157162,0.146253,0.006232,0.032557,LMT,63
2019-07-26,0.174905,0.156624,0.147922,0.007256,0.030492,LMT,63
2019-07-29,0.175465,0.15693,0.148065,0.009941,0.032073,LMT,63
2019-07-30,0.175649,0.161076,0.149433,0.012304,0.035924,LMT,63
2019-07-31,0.173388,0.160257,0.153447,0.014488,0.033618,LMT,63
2019-08-01,0.171933,0.1603,0.154915,0.028066,0.039626,LMT,63
2019-08-02,0.172008,0.160255,0.154503,0.031384,0.042118,LMT,63
2019-08-05,0.170427,0.161093,0.155015,0.06935,0.055873,LMT,63
2019-08-06,0.170684,0.160482,0.153614,0.036817,0.050529,LMT,63
2019-08-07,0.16898,0.160306,0.153469,0.034078,0.059255,LMT,63
2019-08-08,0.168229,0.160482,0.153303,0.003735,0.057784,LMT,63
2019-08-09,0.167607,0.160453,0.15357,0.005123,0.047638,LMT,63
2019-08-12,0.167471,0.16136,0.152108,0.022497,0.054861,LMT,63
2019-08-13,0.166445,0.159412,0.152651,0.004955,0.0528,LMT,63
2019-08-14,0.165589,0.161655,0.149022,0.044545,0.056409,LMT,63
2019-08-15,0.164897,0.161244,0.153638,0.026244,0.054452,LMT,63
2019-08-16,0.164612,0.160045,0.146747,0.008663,0.056322,LMT,63
2019-08-19,0.164858,0.159002,0.147093,-6e-05,0.044195,LMT,63
2019-08-20,0.164569,0.158511,0.1507,-0.002243,0.046954,LMT,63
2019-08-21,0.164356,0.158646,0.149752,-0.002404,0.046294,LMT,63
2019-08-22,0.16351,0.157747,0.150033,0.004325,0.047146,LMT,63
2019-08-23,0.15969,0.159641,0.146474,0.025908,0.058901,LMT,63
2019-08-26,0.159086,0.159769,0.145698,0.022496,0.055271,LMT,63
2019-08-27,0.159333,0.159495,0.147223,0.019598,0.056188,LMT,63
2019-08-28,0.159106,0.159116,0.148556,0.018921,0.049139,LMT,63
2019-08-29,0.158365,0.158818,0.146119,0.004829,0.060204,LMT,63
2019-08-30,0.158102,0.158141,0.144679,0.011259,0.046482,LMT,63
2019-09-03,0.15842,0.158809,0.146666,0.017746,0.056397,LMT,63
2019-09-04,0.158788,0.155354,0.143753,0.022116,0.039379,LMT,63
2019-09-05,0.158066,0.156682,0.150564,0.013115,0.049845,LMT,63
2019-09-06,0.158309,0.156219,0.150663,0.015524,0.054298,LMT,63
2019-09-09,0.157983,0.156744,0.146602,0.031912,0.049794,LMT,63
2019-09-10,0.153666,0.157144,0.14637,0.021898,0.050196,LMT,63
2019-09-11,0.152717,0.156374,0.143883,0.013432,0.050988,LMT,63
2019-09-12,0.151939,0.157194,0.146555,0.00681,0.043943,LMT,63
2019-09-13,0.152161,0.155634,0.144493,0.008619,0.048625,LMT,63
2019-09-16,0.150487,0.155906,0.145371,0.039577,0.052937,LMT,63
2019-09-17,0.14549,0.157047,0.144412,0.029358,0.046927,LMT,63
2019-09-18,0.144521,0.156441,0.143814,0.019572,0.047601,LMT,63
2019-09-19,0.144972,0.156389,0.144464,0.019418,0.055527,LMT,63
2019-09-20,0.144635,0.156927,0.143759,0.03181,0.049679,LMT,63
2019-09-23,0.144468,0.156172,0.144481,0.022635,0.046057,LMT,63
2019-09-24,0.14462,0.155948,0.143502,0.039469,0.057668,LMT,63
2019-09-25,0.14435,0.153747,0.14462,0.040698,0.047844,LMT,63
2019-09-26,0.143077,0.15399,0.145121,0.040305,0.051838,LMT,63
2019-09-27,0.14151,0.154814,0.146677,0.057213,0.05392,LMT,63
2019-09-30,0.140517,0.155186,0.147767,0.047257,0.050913,LMT,63
2019-10-01,0.139875,0.155304,0.148772,0.068877,0.054633,LMT,63
2019-10-02,0.138388,0.154932,0.149583,0.079934,0.06104,LMT,63
2019-10-03,0.141499,0.156511,0.150652,0.067216,0.065546,LMT,63
2019-10-04,0.144356,0.156583,0.150384,0.063354,0.067877,LMT,63
2019-10-07,0.145826,0.156695,0.151079,0.060141,0.057995,LMT,63
2019-10-08,0.145622,0.157709,0.151105,0.070791,0.058013,LMT,63
2019-10-09,0.145777,0.157224,0.150325,0.067731,0.061092,LMT,63
2019-10-10,0.145123,0.156919,0.150553,0.070837,0.062035,LMT,63
2019-10-11,0.1445,0.158036,0.148328,0.070043,0.050774,LMT,63
2019-10-14,0.144099,0.158546,0.1485,0.055168,0.053522,LMT,63
2019-10-15,0.144011,0.157291,0.147544,0.052177,0.054476,LMT,63
2019-10-16,0.143998,0.157056,0.145096,0.056672,0.048707,LMT,63
2019-10-17,0.142871,0.15924,0.153262,0.057741,0.055128,LMT,63
2019-10-18,0.139568,0.158716,0.153099,0.061675,0.050937,LMT,63
2019-10-21,0.139443,0.159004,0.155486,0.061316,0.051785,LMT,63
2019-10-22,0.133512,0.157075,0.153491,0.015666,0.046314,LMT,63
2019-10-23,0.131778,0.152157,0.142341,0.001064,0.046133,LMT,63
2019-10-24,0.13188,0.152753,0.146596,-0.005015,0.047126,LMT,63
2019-10-25,0.137151,0.159256,0.149086,-0.004603,0.042778,LMT,63
2019-10-28,0.137099,0.15252,0.145605,-0.006216,0.044487,LMT,63
2019-10-29,0.136477,0.151785,0.141845,-0.006614,0.0428,LMT,63
2019-10-30,0.136841,0.149488,0.132569,-0.0186,0.041028,LMT,63
2019-10-31,0.137219,0.148898,0.133647,-0.014722,0.045637,LMT,63
2019-11-01,0.137266,0.14946,0.133785,-0.013297,0.041499,LMT,63
2019-11-04,0.136387,0.149073,0.138848,-0.006674,0.046588,LMT,63
2019-11-05,0.135942,0.14919,0.139735,-0.005707,0.047339,LMT,63
2019-11-06,0.135817,0.149295,0.137324,-0.014346,0.045072,LMT,63
2019-11-07,0.135232,0.148691,0.138356,-0.00819,0.048906,LMT,63
2019-11-08,0.135437,0.150328,0.140185,-0.017091,0.042688,LMT,63
2019-11-11,0.135549,0.151696,0.139981,-0.015223,0.041826,LMT,63
2019-11-12,0.135584,0.150992,0.13923,-0.017225,0.042042,LMT,63
2019-11-13,0.134676,0.151627,0.139766,-0.019667,0.041568,LMT,63
2019-11-14,0.134647,0.151716,0.138769,-0.021234,0.038927,LMT,63
2019-11-15,0.134244,0.151713,0.139969,-0.024139,0.035228,LMT,63
2019-11-18,0.136472,0.151926,0.145208,-0.008263,0.03449,LMT,63
2019-11-19,0.136779,0.151593,0.139329,-0.001968,0.033692,LMT,63
2019-11-20,0.137889,0.150161,0.140177,0.011741,0.036247,LMT,63
2019-11-21,0.149365,0.149887,0.141477,0.020499,0.036021,LMT,63
2019-11-22,0.153839,0.149452,0.13956,0.020209,0.036591,LMT,63
2019-11-25,0.15899,0.149272,0.138151,0.005986,0.032801,LMT,63
2019-11-26,0.165982,0.147609,0.133762,0.010488,0.028264,LMT,63
2019-11-27,0.183587,0.147659,0.133906,0.006593,0.033929,LMT,63
2019-11-29,0.196424,0.148064,0.138744,0.014584,0.039032,LMT,63
2019-12-02,0.20135,0.148913,0.139044,0.044622,0.0358,LMT,63
2019-12-03,0.206425,0.150571,0.138324,0.047524,0.033914,LMT,63
2019-12-04,0.211782,0.149867,0.13961,0.040129,0.036599,LMT,63
2019-12-05,0.221405,0.150888,0.144043,0.04107,0.023449,LMT,63
2019-12-06,0.230538,0.151759,0.142165,0.027126,0.038327,LMT,63
2019-12-09,0.238843,0.15289,0.139571,0.039244,0.03652,LMT,63
2019-12-10,0.26739,0.151597,0.138592,0.034943,0.038273,LMT,63
2019-12-11,0.291542,0.151085,0.138284,0.034576,0.031079,LMT,63
2019-12-12,0.315839,0.151889,0.139253,0.044173,0.031945,LMT,63
2019-12-13,0.333689,0.151317,0.137257,0.033821,0.036508,LMT,63
2019-12-16,0.357032,0.152895,0.137864,0.035395,0.039015,LMT,63
2019-12-17,0.363353,0.153865,0.140228,0.040625,0.034408,LMT,63
2019-12-18,0.373493,0.154691,0.139445,0.046429,0.039444,LMT,63
2019-12-19,0.38658,0.198711,0.141514,0.039491,0.037742,LMT,63
2019-12-20,0.393106,0.199064,0.147436,0.036525,0.038118,LMT,63
2019-12-23,0.418655,0.189596,0.149554,0.040177,0.030577,LMT,63
2019-12-24,0.42548,0.191329,0.15139,0.042045,0.036663,LMT,63
2019-12-26,0.441442,0.201548,0.152883,0.05933,0.041432,LMT,63
2019-12-27,0.444977,0.204395,0.151831,0.058541,0.043854,LMT,63
2019-12-30,0.446573,0.206103,0.152684,0.067481,0.037101,LMT,63
2019-12-31,0.450658,0.204561,0.151765,0.067083,0.042415,LMT,63
2020-01-02,0.452145,0.20097,0.151439,0.059374,0.047794,LMT,63
2020-01-03,0.451127,0.184263,0.150705,0.104395,0.031765,LMT,63
2020-01-06,0.450584,0.185669,0.150293,0.07002,0.03021,LMT,63
2020-01-07,0.454533,0.185539,0.150894,0.063889,0.028711,LMT,63
2020-01-08,0.457221,0.186992,0.149234,0.06318,0.027052,LMT,63
2020-01-09,0.45955,0.185736,0.148419,0.051122,0.033042,LMT,63
2020-01-10,0.460517,0.184102,0.148348,0.039656,0.033681,LMT,63
2020-01-13,0.462315,0.184723,0.151378,0.037234,0.033467,LMT,63
2020-01-14,0.463517,0.18272,0.151473,0.037385,0.032291,LMT,63
2020-01-15,0.464321,0.184896,0.153107,0.033267,0.033758,LMT,63
2020-01-16,0.466262,0.185506,0.152766,0.024817,0.036879,LMT,63
2020-01-17,0.468787,0.187045,0.154571,0.027025,0.032824,LMT,63
2020-01-21,0.474246,0.292352,0.157067,0.038226,0.031538,LMT,63
2020-01-22,0.475111,0.287363,0.15634,0.037592,0.030959,LMT,63
2020-01-23,0.47564,0.275228,0.156239,0.041902,0.041001,LMT,63
2020-01-24,0.477227,0.201921,0.157187,0.051193,0.043192,LMT,63
2020-01-27,0.476974,0.172075,0.156769,0.056878,0.042807,LMT,63
2020-01-28,0.475898,0.172297,0.156384,0.00241,0.036453,LMT,63
2020-01-29,0.47824,0.173389,0.15655,0.001089,0.030607,LMT,63
2020-01-30,0.479325,0.170214,0.15476,0.004787,0.034647,LMT,63
2020-01-31,0.479232,0.171722,0.157747,0.016712,0.046638,LMT,63
2020-02-03,0.479886,0.17263,0.156318,0.009617,0.040839,LMT,63
2020-02-04,0.48072,0.173473,0.155256,0.016338,0.035959,LMT,63
2020-02-05,0.480765,0.173266,0.152837,0.014765,0.035443,LMT,63
2020-02-06,0.481081,0.20013,0.154438,0.025322,0.031039,LMT,63
2020-02-07,0.481268,0.173514,0.154379,0.02957,0.047621,LMT,63
2020-02-10,0.481519,0.173569,0.154369,0.039491,0.03859,LMT,63
2020-02-11,0.482624,0.226548,0.155357,0.033029,0.031819,LMT,63
2020-02-12,0.483472,0.265153,0.153976,0.027737,0.033372,LMT,63
2020-02-13,0.484334,0.268789,0.154063,0.029201,0.027839,LMT,63
2020-02-14,0.484807,0.268789,0.15439,0.016309,0.031089,LMT,63
2020-02-18,0.4872,0.256927,0.153866,0.026437,0.02864,LMT,63
2020-02-19,0.48842,0.318981,0.156633,0.030928,0.023148,LMT,63
2020-02-20,0.488602,0.311476,0.157781,0.027895,0.037345,LMT,63
2020-02-21,0.488646,0.298376,0.156853,0.031106,0.042672,LMT,63
2020-02-24,0.48852,0.258958,0.158257,0.069235,0.047378,LMT,63
2020-02-25,0.485367,0.214086,0.16418,0.075532,0.064125,LMT,63
2020-02-26,0.485214,0.187631,0.164388,0.07312,0.057719,LMT,63
2020-02-27,0.483538,0.174999,0.167301,0.153676,0.050274,LMT,63
2020-02-28,0.481929,0.180438,0.169036,0.192739,0.125084,LMT,63
2020-03-02,0.47601,0.174125,0.171258,0.059773,0.092907,LMT,63
2020-03-03,0.471333,0.174702,0.183155,0.083309,0.104627,LMT,63
2020-03-04,0.469665,0.165352,0.163797,-0.00341,0.075749,LMT,63
2020-03-05,0.467581,0.165359,0.163569,0.10262,0.114112,LMT,63
2020-03-06,0.465879,0.166223,0.167025,0.102029,0.137591,LMT,63
2020-03-09,0.461636,0.16397,0.152615,0.224113,0.113138,LMT,63
2020-03-10,0.457213,0.164882,0.152104,0.099066,0.136544,LMT,63
2020-03-11,0.453113,0.168965,0.153401,0.170616,0.153217,LMT,63
2020-03-12,0.438616,0.173327,0.150002,0.371523,0.113389,LMT,63
2020-03-13,0.426369,0.17345,0.148413,0.102953,0.187963,LMT,63
2020-03-16,0.410061,0.173227,0.144663,0.321586,0.244793,LMT,63
2020-03-17,0.397846,0.173141,0.143498,0.146193,0.249944,LMT,63
2020-03-18,0.378338,0.192187,0.151989,0.161037,0.252999,LMT,63
2020-03-19,0.372651,0.229267,0.152339,0.097132,0.193834,LMT,63
2020-03-20,0.362711,0.273971,0.156918,0.146499,0.103034,LMT,63
2020-03-23,0.349037,0.275583,0.156918,0.057837,0.105221,LMT,63
2020-03-24,0.341998,0.275774,0.158235,-0.05841,0.144817,LMT,63
2020-03-25,0.311178,0.258174,0.157455,-0.097451,0.149642,LMT,63
2020-03-26,0.303764,0.244417,0.156545,-0.156907,0.145043,LMT,63
2020-03-27,0.284027,0.244861,0.155622,-0.081571,0.182822,LMT,63
2020-03-30,0.27899,0.244614,0.155807,-0.178438,0.173442,LMT,63
2020-03-31,0.27692,0.244614,0.155292,-0.188695,0.128625,LMT,63
2020-04-01,0.270755,0.241134,0.156443,-0.180256,0.155455,LMT,63
2020-04-02,0.268115,0.241134,0.156297,-0.211478,0.140029,LMT,63
2020-04-03,0.267785,0.242386,0.155751,-0.208774,0.112275,LMT,63
2020-04-06,0.267816,0.232428,0.155511,-0.238605,0.128114,LMT,63
2020-04-07,0.261914,0.216445,0.153122,-0.192602,0.105554,LMT,63
2020-04-08,0.258046,0.219508,0.155406,-0.219376,0.110309,LMT,63
2020-04-09,0.254117,0.218157,0.152013,-0.247522,0.118378,LMT,63
2020-04-13,0.254402,0.211994,0.149789,-0.209319,0.133486,LMT,63
2020-04-14,0.250987,0.203438,0.150158,-0.214269,0.122363,LMT,63
2020-04-15,0.249127,0.213767,0.144856,-0.160577,0.130253,LMT,63
2020-04-16,0.248504,0.219415,0.17393,-0.128332,0.114287,LMT,63
2020-04-17,0.245412,0.214731,0.168623,-0.136829,0.115643,LMT,63
2020-04-20,0.241413,0.219255,0.175603,-0.0464,0.06967,LMT,63
2020-04-21,0.231954,0.224294,0.175305,-0.034326,0.061991,LMT,63
2020-04-22,0.233734,0.219959,0.175265,-0.052289,0.071228,LMT,63
2020-04-23,0.233523,0.223091,0.176962,-0.050982,0.054173,LMT,63
2020-04-24,0.232765,0.21773,0.174112,-0.031658,0.047303,LMT,63
2020-04-27,0.233191,0.218659,0.173976,-0.022994,0.047071,LMT,63
2020-04-28,0.233233,0.212635,0.172883,-0.01781,0.079427,LMT,63
2020-04-29,0.228414,0.212773,0.173205,-0.008465,0.057966,LMT,63
2020-04-30,0.226372,0.211913,0.173487,0.002116,0.019841,LMT,63
2020-05-01,0.227061,0.212726,0.173473,0.022765,0.029587,LMT,63
2020-05-04,0.226259,0.212745,0.172232,0.000289,0.069461,LMT,63
2020-05-05,0.224596,0.211576,0.173066,0.024677,0.070129,LMT,63
2020-05-06,0.224473,0.213598,0.174222,0.02759,0.06349,LMT,63
2020-05-07,0.224134,0.213349,0.173219,0.030368,0.065975,LMT,63
2020-05-08,0.224557,0.211914,0.168456,0.021466,0.070806,LMT,63
2020-05-11,0.224257,0.213497,0.171608,0.018777,0.063943,LMT,63
2020-05-12,0.223224,0.217329,0.177476,0.038515,0.065216,LMT,63
2020-05-13,0.221615,0.226391,0.178605,0.059938,0.082549,LMT,63
2020-05-14,0.220605,0.203704,0.202723,0.041053,0.065306,LMT,63
2020-05-15,0.22026,0.204042,0.202203,0.043159,0.083173,LMT,63
2020-05-18,0.215456,0.205304,0.202276,0.019374,0.088056,LMT,63
2020-05-19,0.212793,0.198613,0.198209,0.046883,0.075912,LMT,63
2020-05-20,0.210833,0.191697,0.185731,0.069528,0.066959,LMT,63
2020-05-21,0.210914,0.187992,0.176842,0.051421,0.073885,LMT,63
2020-05-22,0.210612,0.187805,0.176343,0.055184,0.097252,LMT,63
2020-05-26,0.210387,0.187075,0.175484,0.069156,0.070224,LMT,63
2020-05-27,0.210102,0.186943,0.174871,0.030255,0.069953,LMT,63
2020-05-28,0.210614,0.189294,0.182082,0.057219,0.036002,LMT,63
2020-05-29,0.208625,0.189359,0.178664,0.067287,0.043099,LMT,63
2020-06-01,0.207781,0.188607,0.180837,0.05837,0.033095,LMT,63
2020-06-02,0.20783,0.18503,0.176159,0.060635,0.05549,LMT,63
2020-06-03,0.206574,0.185442,0.182481,0.06446,0.042611,LMT,63
2020-06-04,0.208453,0.185039,0.177694,0.047173,0.029842,LMT,63
2020-06-05,0.212302,0.183753,0.167561,0.041875,0.04469,LMT,63
2020-06-08,0.215585,0.184503,0.169401,0.046342,0.033004,LMT,63
2020-06-09,0.216171,0.185978,0.174314,0.052977,0.054035,LMT,63
2020-06-10,0.217484,0.188815,0.177055,0.069885,0.041188,LMT,63
2020-06-11,0.215707,0.196829,0.177001,0.163656,0.076522,LMT,63
2020-06-12,0.210132,0.204522,0.194567,0.138694,0.082474,LMT,63
2020-06-15,0.207731,0.208939,0.195317,0.122562,0.06966,LMT,63
2020-06-16,0.205633,0.209384,0.202634,0.110528,0.104219,LMT,63
2020-06-17,0.204591,0.21001,0.201563,0.144599,0.105653,LMT,63
2020-06-18,0.205869,0.204335,0.193596,0.116773,0.105974,LMT,63
2020-06-19,0.205263,0.203834,0.191116,0.124605,0.064578,LMT,63
2020-06-22,0.207461,0.203692,0.190633,0.111035,0.090539,LMT,63
2020-06-23,0.209452,0.201338,0.190736,0.107448,0.075565,LMT,63
2020-06-24,0.210872,0.213498,0.192228,0.129431,0.035414,LMT,63
2020-06-25,0.21028,0.215067,0.19137,0.109529,0.044437,LMT,63
2020-06-26,0.20736,0.218907,0.193429,0.120519,0.025018,LMT,63
2020-06-29,0.207945,0.20756,0.193802,0.099641,0.039144,LMT,63
2020-06-30,0.208089,0.203525,0.189101,0.097953,0.051001,LMT,63
2020-07-01,0.208587,0.202693,0.188999,0.099252,0.045699,LMT,63
2020-07-02,0.211264,0.199557,0.186884,0.062648,0.045865,LMT,63
2020-07-06,0.212523,0.193693,0.187195,0.06418,0.034978,LMT,63
2020-07-07,0.212785,0.198771,0.190251,0.094291,0.056229,LMT,63
2020-07-08,0.211264,0.198318,0.187781,0.061963,0.043873,LMT,63
2020-07-09,0.209448,0.203454,0.188816,0.09176,0.02445,LMT,63
2020-07-10,0.209561,0.202334,0.187413,0.079752,0.009571,LMT,63
2020-07-13,0.207424,0.192533,0.189459,0.126008,-0.011283,LMT,63
2020-07-14,0.208324,0.191302,0.18965,0.148335,0.04152,LMT,63
2020-07-15,0.208396,0.189241,0.193443,0.103911,-0.035512,LMT,63
2020-07-16,0.20886,0.19016,0.193334,0.131673,-0.022658,LMT,63
2020-07-17,0.20863,0.188278,0.19224,0.102999,-0.01825,LMT,63
2020-07-20,0.207746,0.187151,0.191372,0.098093,-0.007357,LMT,63
2020-07-21,0.20731,0.185008,0.186827,0.059803,0.006183,LMT,63
2020-07-22,0.206833,0.190041,0.193489,0.07024,-0.006186,LMT,63
2020-07-23,0.208318,0.192069,0.19496,0.075605,-0.027565,LMT,63
2020-07-24,0.206485,0.188163,0.188716,0.059351,-0.018314,LMT,63
2020-07-27,0.207078,0.187875,0.188043,0.06237,-0.01523,LMT,63
2020-07-28,0.207377,0.185678,0.184344,0.069588,-0.050856,LMT,63
2020-07-29,0.207692,0.185151,0.183054,0.052581,-0.036699,LMT,63
2020-07-30,0.209304,0.186381,0.183617,0.074901,-0.067069,LMT,63
2020-07-31,0.209629,0.185879,0.186061,0.080773,-0.063086,LMT,63
2020-08-03,0.21052,0.188726,0.187749,0.082948,-0.014024,LMT,63
2020-08-04,0.21263,0.174517,0.18694,0.084034,-0.041811,LMT,63
2020-08-05,0.214008,0.179108,0.18324,0.06308,-0.035311,LMT,63
2020-08-06,0.217939,0.175395,0.18455,0.071735,-0.014983,LMT,63
2020-08-07,0.219649,0.175585,0.183586,0.063496,-0.012064,LMT,63
2020-08-10,0.220152,0.182894,0.19141,0.070884,0.016243,LMT,63
2020-08-11,0.222348,0.182941,0.192908,0.083751,0.041127,LMT,63
2020-08-12,0.22358,0.181407,0.188477,0.081163,0.010557,LMT,63
2020-08-13,0.223744,0.180753,0.187638,0.072134,0.020853,LMT,63
2020-08-14,0.223644,0.180371,0.18841,0.067739,0.055247,LMT,63
2020-08-17,0.223546,0.179459,0.180523,0.03338,0.033744,LMT,63
2020-08-18,0.223842,0.179857,0.185018,0.042045,0.044587,LMT,63
2020-08-19,0.224409,0.179704,0.180764,0.03879,0.055012,LMT,63
2020-08-20,0.225082,0.178503,0.185639,0.057428,0.032297,LMT,63
2020-08-21,0.225638,0.177628,0.181573,0.054358,0.017301,LMT,63
2020-08-24,0.226497,0.178379,0.180138,0.042692,0.003492,LMT,63
2020-08-25,0.224406,0.177698,0.183987,0.063427,0.032859,LMT,63
2020-08-26,0.223769,0.178321,0.185335,0.083233,0.029067,LMT,63
2020-08-27,0.224055,0.179647,0.187721,0.09589,0.04896,LMT,63
2020-08-28,0.223951,0.17738,0.18746,0.107511,0.035026,LMT,63
2020-08-31,0.224639,0.179574,0.188249,0.140501,0.047398,LMT,63
2020-09-01,0.226145,0.17413,0.147715,0.140269,0.003952,LMT,63
2020-09-02,0.224404,0.176208,0.152057,0.106665,-0.006662,LMT,63
2020-09-03,0.220812,0.186879,0.194748,0.095531,0.02974,LMT,63
2020-09-04,0.21746,0.186348,0.200415,0.095722,0.01212,LMT,63
2020-09-08,0.217089,0.208902,0.202858,0.088697,0.02641,LMT,63
2020-09-09,0.215625,0.205379,0.204796,0.08857,0.057046,LMT,63
2020-09-10,0.214588,0.203864,0.2008,0.061147,0.049104,LMT,63
2020-09-11,0.215599,0.204219,0.20522,0.067402,0.068035,LMT,63
2020-09-14,0.216283,0.203996,0.204713,0.075634,0.044765,LMT,63
2020-09-15,0.215428,0.201828,0.201613,0.039213,0.04625,LMT,63
2020-09-16,0.214334,0.202629,0.205217,0.065277,0.052806,LMT,63
2020-09-17,0.21271,0.201263,0.209722,0.059423,0.068475,LMT,63
2020-09-18,0.212957,0.200216,0.206913,0.066581,0.059368,LMT,63
2020-09-21,0.211063,0.209636,0.210348,0.084384,0.067097,LMT,63
2020-09-22,0.20984,0.211272,0.211658,0.069309,0.080966,LMT,63
2020-09-23,0.206148,0.217217,0.212395,0.082553,0.097351,LMT,63
2020-09-24,0.204837,0.218367,0.212395,0.096764,0.074249,LMT,63
2020-09-25,0.202773,0.215959,0.214062,0.071288,0.107838,LMT,63
2020-09-28,0.202662,0.213276,0.212887,0.066354,0.108955,LMT,63
2020-09-29,0.202727,0.212912,0.211943,0.066713,0.122709,LMT,63
2020-09-30,0.201324,0.205944,0.210176,0.042603,0.122758,LMT,63
2020-10-01,0.198015,0.208338,0.21095,0.060809,0.098635,LMT,63
2020-10-02,0.200265,0.209529,0.211848,0.085831,0.052132,LMT,63
2020-10-05,0.200616,0.202643,0.211901,0.085116,0.062072,LMT,63
2020-10-06,0.202175,0.204494,0.189973,0.119714,0.062691,LMT,63
2020-10-07,0.203378,0.203371,0.19743,0.117246,0.061314,LMT,63
2020-10-08,0.204311,0.202183,0.196589,0.118133,0.064782,LMT,63
2020-10-09,0.20487,0.200156,0.196537,0.085318,0.095369,LMT,63
2020-10-12,0.204976,0.199619,0.19629,0.068599,0.115947,LMT,63
2020-10-13,0.206352,0.201643,0.192692,0.104892,0.125821,LMT,63
2020-10-14,0.20695,0.199469,0.192895,0.09671,0.10826,LMT,63
2020-10-15,0.2075,0.199033,0.192511,0.0867,0.084124,LMT,63
2020-10-16,0.208129,0.199945,0.190405,0.064996,0.080666,LMT,63
2020-10-19,0.207241,0.202919,0.190658,0.108972,0.115425,LMT,63
2020-10-20,0.204224,0.205598,0.180808,0.099226,0.053011,LMT,63
2020-10-21,0.202216,0.203087,0.180526,0.090186,0.054918,LMT,63
2020-10-22,0.203819,0.202167,0.176457,0.089579,0.048746,LMT,63
2020-10-23,0.20749,0.202455,0.176895,0.079457,0.047042,LMT,63
2020-10-26,0.207154,0.205366,0.178572,0.107189,0.090721,LMT,63
2020-10-27,0.207741,0.205996,0.178427,0.118744,0.088058,LMT,63
2020-10-28,0.206744,0.217932,0.195975,0.163139,0.106176,LMT,63
2020-10-29,0.206027,0.211491,0.197719,0.133263,0.086152,LMT,63
2020-10-30,0.205697,0.2106,0.198166,0.129373,0.053489,LMT,63
2020-11-02,0.203985,0.208611,0.197681,0.141006,0.058737,LMT,63
2020-11-03,0.202737,0.204425,0.199315,0.127197,0.057703,LMT,63
2020-11-04,0.198553,0.202701,0.208709,0.093479,0.041322,LMT,63
2020-11-05,0.196115,0.203447,0.201223,0.06492,0.085579,LMT,63
2020-11-06,0.197209,0.20295,0.201094,0.069829,0.011532,LMT,63
2020-11-09,0.193435,0.201641,0.203234,0.035202,0.030136,LMT,63
2020-11-10,0.192996,0.201749,0.193279,0.033921,0.0797,LMT,63
2020-11-11,0.191885,0.200076,0.192972,0.022833,0.037487,LMT,63
2020-11-12,0.192029,0.199067,0.194284,0.040221,0.049898,LMT,63
2020-11-13,0.192661,0.196633,0.190354,-0.000805,0.086188,LMT,63
2020-11-16,0.192719,0.195287,0.189303,-0.003877,0.084262,LMT,63
2020-11-17,0.191929,0.194088,0.18846,-0.000145,0.065385,LMT,63
2020-11-18,0.193335,0.193877,0.187171,-0.000161,0.046505,LMT,63
2020-11-19,0.195868,0.192629,0.185283,-0.001228,0.06953,LMT,63
2020-11-20,0.195616,0.19495,0.19259,0.031875,0.041066,LMT,63
2020-11-23,0.197307,0.193395,0.190716,0.0174,0.064397,LMT,63
2020-11-24,0.197906,0.191354,0.187701,-0.003404,0.038192,LMT,63
2020-11-25,0.197868,0.190925,0.189017,0.00437,0.026986,LMT,63
2020-11-27,0.198817,0.188408,0.185763,0.014817,0.025366,LMT,63
2020-11-30,0.199249,0.181547,0.160337,0.02453,0.062722,LMT,63
2020-12-01,0.201345,0.181864,0.16183,0.032604,0.043163,LMT,63
2020-12-02,0.201837,0.180932,0.156453,0.036924,0.041982,LMT,63
2020-12-03,0.201447,0.182322,0.156755,0.033295,0.04275,LMT,63
2020-12-04,0.201448,0.182653,0.156047,0.039967,0.061623,LMT,63
2020-12-07,0.202937,0.183977,0.155472,0.062147,0.036569,LMT,63
2020-12-08,0.203396,0.183943,0.15455,0.061947,0.026825,LMT,63
2020-12-09,0.20331,0.184379,0.153732,0.072105,0.02697,LMT,63
2020-12-10,0.201258,0.184853,0.155258,0.075708,0.02027,LMT,63
2020-12-11,0.201567,0.187653,0.155844,0.072446,0.016288,LMT,63
2020-12-14,0.20256,0.187269,0.156153,0.079077,0.024567,LMT,63
2020-12-15,0.202833,0.186722,0.155089,0.067762,0.04266,LMT,63
2020-12-16,0.205175,0.187879,0.153758,0.080262,0.020256,LMT,63
2020-12-17,0.204823,0.188775,0.151987,0.063443,0.011263,LMT,63
2020-12-18,0.204804,0.18663,0.152677,0.070355,0.02677,LMT,63
2020-12-21,0.205308,0.189169,0.155992,0.083789,0.016388,LMT,63
2020-12-22,0.205908,0.193369,0.15476,0.089139,0.002948,LMT,63
2020-12-23,0.20572,0.192005,0.155453,0.093346,0.010229,LMT,63
2020-12-24,0.20658,0.192645,0.151055,0.06401,0.038156,LMT,63
2020-12-28,0.206048,0.194345,0.152113,0.080995,0.03301,LMT,63
2020-12-29,0.205917,0.195425,0.15333,0.089165,0.023888,LMT,63
2020-12-30,0.206105,0.194826,0.153282,0.084329,0.023197,LMT,63
2020-12-31,0.206779,0.196683,0.154305,0.089168,0.02493,LMT,63
2021-01-04,0.202596,0.201374,0.187079,0.116389,0.026974,LMT,63
2021-01-05,0.20118,0.196492,0.181161,0.100169,0.034547,LMT,63
2021-01-06,0.200286,0.19393,0.179784,0.109434,0.030093,LMT,63
2021-01-07,0.200051,0.192152,0.173866,0.084563,0.018559,LMT,63
2021-01-08,0.1987,0.192754,0.173259,0.086003,0.033008,LMT,63
2021-01-11,0.198004,0.193185,0.173277,0.088475,0.031548,LMT,63
2021-01-12,0.196897,0.193048,0.172599,0.096098,0.01022,LMT,63
2021-01-13,0.195178,0.192148,0.172346,0.077676,0.023681,LMT,63
2021-01-14,0.193213,0.190459,0.155834,0.082166,0.005998,LMT,63
2021-01-15,0.192686,0.191391,0.156006,0.068871,0.015696,LMT,63
2021-01-19,0.193263,0.189534,0.150667,0.072045,0.010319,LMT,63
2021-01-20,0.193573,0.189654,0.150786,0.064799,0.016021,LMT,63
2021-01-21,0.194013,0.186384,0.151111,0.071685,0.017051,LMT,63
2021-01-22,0.194065,0.185381,0.153258,0.07275,0.005557,LMT,63
2021-01-25,0.191715,0.189101,0.153303,0.082484,0.037105,LMT,63
2021-01-26,0.186577,0.192524,0.156122,0.078191,0.001167,LMT,63
2021-01-27,0.185121,0.232578,0.151242,0.131081,0.017507,LMT,63
2021-01-28,0.184107,0.22751,0.145953,0.070074,0.016189,LMT,63
2021-01-29,0.183156,0.227827,0.145495,0.085627,0.005416,LMT,63
2021-02-01,0.182514,0.211073,0.160518,0.055506,0.034547,LMT,63
2021-02-02,0.181112,0.206993,0.160018,0.026966,0.015167,LMT,63
2021-02-03,0.181065,0.208351,0.158148,0.058157,0.007438,LMT,63
2021-02-04,0.179934,0.207039,0.158859,0.040447,0.021763,LMT,63
2021-02-05,0.180341,0.199061,0.153589,0.033576,0.017226,LMT,63
2021-02-08,0.180563,0.209981,0.149772,0.038682,0.00976,LMT,63
2021-02-09,0.179736,0.211087,0.150756,0.031247,0.011911,LMT,63
2021-02-10,0.181054,0.208931,0.148451,0.030165,0.030073,LMT,63
2021-02-11,0.181369,0.209393,0.149691,0.038538,0.016506,LMT,63
2021-02-12,0.181018,0.179961,0.14786,0.03585,0.018805,LMT,63
2021-02-16,0.180161,0.173687,0.148658,0.05284,0.005868,LMT,63
2021-02-17,0.179661,0.172425,0.146415,0.05779,0.023067,LMT,63
2021-02-18,0.179515,0.174073,0.147279,0.056136,0.018379,LMT,63
2021-02-19,0.179676,0.169909,0.13012,0.054906,0.016616,LMT,63
2021-02-22,0.177634,0.16787,0.129895,0.069402,-0.002902,LMT,63
2021-02-23,0.174087,0.165128,0.128047,0.041775,0.013471,LMT,63
2021-02-24,0.173155,0.159922,0.124849,0.051017,-0.003082,LMT,63
2021-02-25,0.170846,0.163336,0.129028,0.078151,0.000106,LMT,63
2021-02-26,0.169787,0.156859,0.129225,0.082424,-0.027242,LMT,63
2021-03-01,0.169149,0.155107,0.130206,0.051269,0.018277,LMT,63
2021-03-02,0.167746,0.160696,0.134302,0.041619,0.005073,LMT,63
2021-03-03,0.165417,0.162617,0.135214,0.057772,0.020978,LMT,63
2021-03-04,0.160479,0.16238,0.137146,0.042915,0.032915,LMT,63
2021-03-05,0.160022,0.161917,0.137621,0.049161,0.024631,LMT,63
2021-03-08,0.158211,0.16401,0.137782,0.047422,0.012917,LMT,63
2021-03-09,0.158171,0.154828,0.135665,0.043995,0.022077,LMT,63
2021-03-10,0.15568,0.153318,0.134761,0.030692,0.015138,LMT,63
2021-03-11,0.154772,0.151003,0.133538,0.028694,0.011501,LMT,63
2021-03-12,0.154024,0.149586,0.133831,0.033274,0.002635,LMT,63
2021-03-15,0.153783,0.147837,0.133956,0.031312,0.004327,LMT,63
2021-03-16,0.15172,0.1471,0.134342,0.019018,0.015143,LMT,63
2021-03-17,0.149251,0.148876,0.136651,0.024689,-0.001894,LMT,63
2021-03-18,0.149453,0.149008,0.135227,0.026151,0.006949,LMT,63
2021-03-19,0.145964,0.148267,0.137778,0.015369,0.011591,LMT,63
2021-03-22,0.146138,0.146997,0.137534,-0.00714,0.01013,LMT,63
2021-03-23,0.145122,0.148568,0.134768,0.011251,0.019253,LMT,63
2021-03-24,0.142423,0.149743,0.132466,0.005306,0.023554,LMT,63
2021-03-25,0.141403,0.148814,0.134422,0.01832,0.018489,LMT,63
2021-03-26,0.141104,0.149492,0.134163,0.019264,0.022258,LMT,63
2021-03-29,0.139762,0.154481,0.136515,0.037654,0.021706,LMT,63
2021-03-30,0.13943,0.152882,0.140256,0.009981,0.028389,LMT,63
2021-03-31,0.139196,0.152761,0.142373,0.022607,0.024928,LMT,63
2021-04-01,0.138666,0.152523,0.139721,0.01223,0.016589,LMT,63
2021-04-05,0.137779,0.152495,0.148898,0.025908,0.023291,LMT,63
2021-04-06,0.139471,0.155879,0.148214,0.027741,0.018407,LMT,63
2021-04-07,0.140183,0.15458,0.147361,0.030427,0.026435,LMT,63
2021-04-08,0.138375,0.154231,0.144814,0.029474,0.00914,LMT,63
2021-04-09,0.136923,0.153774,0.14452,0.025603,0.017804,LMT,63
2021-04-12,0.138212,0.153499,0.145189,0.038328,0.013239,LMT,63
2021-04-13,0.137948,0.153239,0.141753,0.031234,0.009059,LMT,63
2021-04-14,0.137622,0.153048,0.141793,0.031142,0.016104,LMT,63
2021-04-15,0.137174,0.152098,0.13901,0.033847,0.008549,LMT,63
2021-04-16,0.137158,0.151577,0.137266,0.032096,0.0029,LMT,63
2021-04-19,0.139656,0.149498,0.130634,0.032733,0.008815,LMT,63
2021-04-20,0.138464,0.149839,0.131059,0.033117,0.022288,LMT,63
2021-04-21,0.138134,0.150249,0.131079,0.027456,0.017373,LMT,63
2021-04-22,0.137029,0.152451,0.135167,0.029305,0.010084,LMT,63
2021-04-23,0.135869,0.153591,0.135284,0.024915,0.020994,LMT,63
2021-04-26,0.137347,0.153887,0.136456,0.02998,0.01441,LMT,63
2021-04-27,0.137678,0.149843,0.133888,0.028926,0.009821,LMT,63
2021-04-28,0.138493,0.142853,0.131967,0.029425,0.010872,LMT,63
2021-04-29,0.137891,0.144356,0.132409,0.030782,0.021408,LMT,63
2021-04-30,0.137676,0.146358,0.13363,0.035111,0.007332,LMT,63
2021-05-03,0.138082,0.145315,0.13303,0.034443,0.013154,LMT,63
2021-05-04,0.137381,0.147391,0.134151,0.041176,0.018086,LMT,63
2021-05-05,0.137225,0.146368,0.13358,0.024873,0.023451,LMT,63
2021-05-06,0.137144,0.145902,0.133794,0.029667,0.021502,LMT,63
2021-05-07,0.135852,0.144881,0.133195,0.020535,0.021452,LMT,63
2021-05-10,0.134815,0.149719,0.134651,0.050697,0.025165,LMT,63
2021-05-11,0.1329,0.154784,0.137223,0.05645,0.030435,LMT,63
2021-05-12,0.13039,0.159245,0.138135,0.100673,0.032581,LMT,63
2021-05-13,0.128702,0.158198,0.138287,0.071706,0.03601,LMT,63
2021-05-14,0.128609,0.152561,0.136385,0.048171,0.022689,LMT,63
2021-05-17,0.12938,0.154584,0.137329,0.04509,0.023762,LMT,63
2021-05-18,0.128062,0.15551,0.137934,0.050531,0.020353,LMT,63
2021-05-19,0.127602,0.154844,0.138283,0.056936,0.034215,LMT,63
2021-05-20,0.12945,0.153196,0.136859,0.045829,0.038569,LMT,63
2021-05-21,0.128767,0.14592,0.133795,0.031815,0.01706,LMT,63
2021-05-24,0.128567,0.144938,0.133571,0.028855,0.025157,LMT,63
2021-05-25,0.128166,0.145764,0.134131,0.03313,0.011785,LMT,63
2021-05-26,0.12785,0.142345,0.128098,0.028963,0.013649,LMT,63
2021-05-27,0.128205,0.140865,0.12614,0.019815,0.022334,LMT,63
2021-05-28,0.127908,0.142178,0.129791,0.019172,0.021398,LMT,63
2021-06-01,0.127835,0.140907,0.128788,0.020436,0.009621,LMT,63
2021-06-02,0.12741,0.142162,0.129106,0.026615,0.012359,LMT,63
2021-06-03,0.127304,0.14073,0.127748,0.023146,0.014069,LMT,63
2021-06-04,0.126133,0.142068,0.127764,0.03981,-0.004697,LMT,63
2021-06-07,0.124935,0.142001,0.127957,0.037503,0.013228,LMT,63
2021-06-08,0.12419,0.144562,0.128952,0.031233,0.003603,LMT,63
2021-06-09,0.124565,0.143533,0.128199,0.028623,0.013427,LMT,63
2021-06-10,0.124778,0.140562,0.128319,0.02834,0.010165,LMT,63
2021-06-11,0.124529,0.139364,0.127732,0.037725,0.014468,LMT,63
2021-06-14,0.126649,0.140995,0.13061,0.044195,0.018163,LMT,63
2021-06-15,0.127745,0.144944,0.13271,0.057057,0.025483,LMT,63
2021-06-16,0.127255,0.14467,0.131567,0.056139,0.026651,LMT,63
2021-06-17,0.126412,0.144302,0.130732,0.052026,0.013167,LMT,63
2021-06-18,0.126783,0.147907,0.13227,0.066463,0.019847,LMT,63
2021-06-21,0.127154,0.147352,0.131146,0.063696,0.034799,LMT,63
2021-06-22,0.12754,0.146437,0.132314,0.058962,0.009048,LMT,63
2021-06-23,0.128179,0.146673,0.13252,0.062541,0.021195,LMT,63
2021-06-24,0.128437,0.139743,0.128392,0.060962,0.011305,LMT,63
2021-06-25,0.12909,0.140053,0.128172,0.054219,0.017067,LMT,63
2021-06-28,0.130458,0.141661,0.128518,0.058833,0.013983,LMT,63
2021-06-29,0.131154,0.142393,0.128363,0.065572,0.006434,LMT,63
2021-06-30,0.133333,0.143191,0.128856,0.066246,0.00142,LMT,63
2021-07-01,0.134283,0.141914,0.127601,0.056806,0.023573,LMT,63
2021-07-02,0.136304,0.140417,0.127094,0.048661,0.028776,LMT,63
2021-07-06,0.136583,0.166523,0.129625,0.069181,0.023999,LMT,63
2021-07-07,0.136754,0.170441,0.137864,0.067299,0.029682,LMT,63
2021-07-08,0.137772,0.17465,0.137773,0.086534,0.044172,LMT,63
2021-07-09,0.138097,0.166312,0.130129,0.069211,0.02911,LMT,63
2021-07-12,0.13686,0.17041,0.130802,0.06429,0.030683,LMT,63
2021-07-13,0.137753,0.150932,0.127674,0.062982,0.022119,LMT,63
2021-07-14,0.138298,0.170436,0.130736,0.065973,0.026449,LMT,63
2021-07-15,0.142264,0.170682,0.136929,0.061087,0.034306,LMT,63
2021-07-16,0.14215,0.170988,0.137116,0.071719,0.030185,LMT,63
2021-07-19,0.138428,0.230412,0.14316,0.101996,0.045962,LMT,63
2021-07-20,0.139306,0.188944,0.142605,0.074726,0.038324,LMT,63
2021-07-21,0.140117,0.17393,0.142952,0.057928,0.034819,LMT,63
2021-07-22,0.13984,0.175022,0.141181,0.05477,0.039007,LMT,63
2021-07-23,0.141486,0.159625,0.139611,0.053634,0.040007,LMT,63
2021-07-26,0.14032,0.16603,0.149293,0.048916,0.011871,LMT,63
2021-07-27,0.139854,0.167365,0.15051,0.037681,0.030081,LMT,63
2021-07-28,0.163397,0.167072,0.150571,0.036616,0.033306,LMT,63
2021-07-29,0.164403,0.165369,0.149977,0.03022,0.01927,LMT,63
2021-07-30,0.168986,0.165655,0.150623,0.030085,0.032085,LMT,63
2021-08-02,0.168861,0.197125,0.150474,0.028075,0.033522,LMT,63
2021-08-03,0.169098,0.19988,0.149991,0.028654,0.029293,LMT,63
2021-08-04,0.169256,0.196593,0.152376,0.047771,0.018039,LMT,63
2021-08-05,0.171745,0.164493,0.150567,0.03118,0.021677,LMT,63
2021-08-06,0.171692,0.160445,0.149042,0.025831,0.014388,LMT,63
2021-08-09,0.171928,0.166697,0.149407,0.026692,0.027616,LMT,63
2021-08-10,0.173164,0.166477,0.147812,0.039315,0.014905,LMT,63
2021-08-11,0.1735,0.164524,0.147978,0.039509,0.014027,LMT,63
2021-08-12,0.172855,0.157794,0.139589,0.031513,0.015829,LMT,63
2021-08-13,0.173192,0.160444,0.147097,0.025597,0.020085,LMT,63
2021-08-16,0.173257,0.160525,0.146422,0.037248,0.026537,LMT,63
2021-08-17,0.17299,0.156908,0.145211,0.053664,0.024065,LMT,63
2021-08-18,0.173241,0.161833,0.146351,0.061343,0.02414,LMT,63
2021-08-19,0.172049,0.166378,0.148163,0.069413,0.032662,LMT,63
2021-08-20,0.171403,0.166482,0.149438,0.051995,0.015169,LMT,63
2021-08-23,0.171748,0.165094,0.147014,0.03935,0.024529,LMT,63
2021-08-24,0.172874,0.165543,0.145107,0.04637,0.030938,LMT,63
2021-08-25,0.17315,0.164557,0.143492,0.046495,0.028858,LMT,63
2021-08-26,0.173061,0.166643,0.146812,0.066778,0.025391,LMT,63
2021-08-27,0.173551,0.16772,0.146712,0.050294,0.02547,LMT,63
2021-08-30,0.174482,0.166937,0.147583,0.061562,0.025002,LMT,63
2021-08-31,0.175001,0.165697,0.1483,0.061101,0.02917,LMT,63
2021-09-01,0.176073,0.166899,0.149295,0.060031,0.028717,LMT,63
2021-09-02,0.177263,0.164305,0.145542,0.060801,0.016777,LMT,63
2021-09-03,0.17769,0.164713,0.14691,0.055436,0.02017,LMT,63
2021-09-07,0.178327,0.168721,0.141221,0.073893,0.023394,LMT,63
2021-09-08,0.178101,0.169591,0.149819,0.073279,0.023029,LMT,63
2021-09-09,0.177987,0.171956,0.14981,0.07114,0.025186,LMT,63
2021-09-10,0.179349,0.172175,0.148264,0.078097,0.033129,LMT,63
2021-09-13,0.177738,0.169234,0.148993,0.069789,0.044928,LMT,63
2021-09-14,0.177905,0.170619,0.148109,0.077208,0.045289,LMT,63
2021-09-15,0.178362,0.167696,0.146645,0.071248,0.044962,LMT,63
2021-09-16,0.179142,0.16551,0.14431,0.06835,0.039665,LMT,63
2021-09-17,0.179372,0.161593,0.136496,0.069441,0.034868,LMT,63
2021-09-20,0.179038,0.173688,0.152702,0.123872,0.068366,LMT,63
2021-09-21,0.180581,0.170428,0.151442,0.114159,0.05558,LMT,63
2021-09-22,0.180695,0.167588,0.147407,0.085792,0.046186,LMT,63
2021-09-23,0.180602,0.162693,0.140482,0.070788,0.04152,LMT,63
2021-09-24,0.179857,0.161267,0.139963,0.067212,0.048506,LMT,63
2021-09-27,0.17866,0.161089,0.139418,0.064838,0.055837,LMT,63
2021-09-28,0.178371,0.164792,0.139466,0.101569,0.049475,LMT,63
2021-09-29,0.176183,0.163461,0.138056,0.077532,0.049787,LMT,63
2021-09-30,0.175886,0.164403,0.139844,0.088423,0.054828,LMT,63
2021-10-01,0.174824,0.164226,0.139882,0.067246,0.054971,LMT,63
2021-10-04,0.173445,0.165205,0.139448,0.075824,0.055709,LMT,63
2021-10-05,0.173699,0.164712,0.138203,0.06874,0.058948,LMT,63
2021-10-06,0.173186,0.162342,0.138547,0.063975,0.068085,LMT,63
2021-10-07,0.172886,0.162181,0.13708,0.045309,0.045563,LMT,63
2021-10-08,0.173107,0.16192,0.134868,0.038909,0.043881,LMT,63
2021-10-11,0.174835,0.161565,0.131148,0.047955,0.043388,LMT,63
2021-10-12,0.174644,0.16163,0.130934,0.049965,0.044744,LMT,63
2021-10-13,0.173029,0.160595,0.130203,0.032631,0.039869,LMT,63
2021-10-14,0.174348,0.160354,0.130142,0.026856,0.041534,LMT,63
2021-10-15,0.175733,0.15948,0.129512,0.007067,0.037987,LMT,63
2021-10-18,0.175991,0.162434,0.131389,0.015026,0.02182,LMT,63
2021-10-19,0.17628,0.162163,0.133223,0.011257,0.020914,LMT,63
2021-10-20,0.177889,0.161539,0.133009,0.020841,0.029934,LMT,63
2021-10-21,0.178398,0.161824,0.133442,0.012286,0.031203,LMT,63
2021-10-22,0.180509,0.163719,0.133206,0.036754,0.022365,LMT,63
2021-10-25,0.188724,0.162626,0.133229,0.029755,0.038477,LMT,63
2021-10-26,0.171261,0.154399,0.124259,-0.012318,-0.014783,LMT,63
2021-10-27,0.174112,0.152383,0.124274,-0.045474,0.004673,LMT,63
2021-10-28,0.171491,0.150935,0.125202,-0.042777,0.016511,LMT,63
2021-10-29,0.171582,0.151141,0.125269,-0.058977,0.016477,LMT,63
2021-11-01,0.171097,0.151952,0.12502,-0.041527,0.022993,LMT,63
2021-11-02,0.170136,0.147661,0.125131,-0.029212,0.016207,LMT,63
2021-11-03,0.16851,0.145921,0.123392,-0.006891,0.009006,LMT,63
2021-11-04,0.17034,0.143281,0.122973,-0.046478,0.026827,LMT,63
2021-11-05,0.171807,0.142247,0.124398,-0.04754,0.023826,LMT,63
2021-11-08,0.171776,0.142355,0.124081,-0.037079,0.024149,LMT,63
2021-11-09,0.171512,0.141823,0.120655,-0.035926,0.011301,LMT,63
2021-11-10,0.174575,0.142852,0.12078,-0.034604,0.013798,LMT,63
2021-11-11,0.178046,0.14304,0.121269,-0.034896,0.018067,LMT,63
2021-11-12,0.180754,0.143909,0.121151,-0.035289,0.01263,LMT,63
2021-11-15,0.183607,0.161834,0.148388,-0.04416,0.020876,LMT,63
2021-11-16,0.184172,0.162738,0.149296,-0.041873,0.011883,LMT,63
2021-11-17,0.184693,0.16166,0.148557,-0.04502,0.025982,LMT,63
2021-11-18,0.185154,0.161275,0.149735,-0.041514,0.020998,LMT,63
2021-11-19,0.186319,0.160004,0.14742,-0.042866,0.01974,LMT,63
2021-11-22,0.186195,0.161005,0.14507,-0.027912,0.026462,LMT,63
2021-11-23,0.190108,0.164024,0.144196,0.019562,0.039083,LMT,63
2021-11-24,0.196146,0.138034,0.119801,0.037795,0.003818,LMT,63
2021-11-26,0.198423,0.139391,0.122988,0.073033,0.028505,LMT,63
2021-11-29,0.202217,0.136402,0.123927,0.050717,0.024916,LMT,63
2021-11-30,0.213426,0.138062,0.123735,0.082926,0.034314,LMT,63
2021-12-01,0.220024,0.141228,0.124588,0.097585,0.06193,LMT,63
2021-12-02,0.22605,0.136014,0.124417,0.067786,0.035349,LMT,63
2021-12-03,0.231116,0.14162,0.127504,0.132087,0.045645,LMT,63
2021-12-06,0.234746,0.134547,0.12501,0.098407,0.046367,LMT,63
2021-12-07,0.243814,0.13395,0.125228,0.072145,0.031362,LMT,63
2021-12-08,0.247219,0.132647,0.123997,0.067853,0.040333,LMT,63
2021-12-09,0.247901,0.132845,0.124656,0.059461,0.037336,LMT,63
2021-12-10,0.249577,0.132987,0.123973,0.079894,0.041103,LMT,63
2021-12-13,0.250504,0.132199,0.125269,0.055201,0.034597,LMT,63
2021-12-14,0.260968,0.178315,0.154567,0.066934,0.028873,LMT,63
2021-12-15,0.260934,0.172291,0.154373,0.059667,0.039557,LMT,63
2021-12-16,0.264366,0.17207,0.151538,0.084686,0.039524,LMT,63
2021-12-17,0.26794,0.170398,0.152465,0.065848,0.036298,LMT,63
2021-12-20,0.268064,0.175007,0.148198,0.070083,0.040502,LMT,63
2021-12-21,0.267924,0.172962,0.147173,0.049029,0.050574,LMT,63
2021-12-22,0.268662,0.16619,0.141722,0.048207,0.039703,LMT,63
2021-12-23,0.269113,0.164726,0.138582,0.041647,0.037693,LMT,63
2021-12-27,0.269589,0.163679,0.137272,0.055806,0.035797,LMT,63
2021-12-28,0.270244,0.15976,0.137447,0.060783,0.033786,LMT,63
2021-12-29,0.270518,0.159608,0.136123,0.063429,0.026214,LMT,63
2021-12-30,0.27117,0.159674,0.1384,0.058368,0.033271,LMT,63
2021-12-31,0.272124,0.157694,0.138066,0.075094,0.024329,LMT,63
2022-01-03,0.272916,0.158803,0.139906,0.065195,0.033298,LMT,63
2022-01-04,0.274164,0.156436,0.137926,0.067116,0.035345,LMT,63
2022-01-05,0.274921,0.160578,0.138419,0.077506,0.043541,LMT,63
2022-01-06,0.277292,0.157174,0.129441,0.089772,0.047712,LMT,63
2022-01-07,0.278555,0.157607,0.129725,0.078789,0.038346,LMT,63
2022-01-10,0.279271,0.155259,0.128525,0.078754,0.040976,LMT,63
2022-01-11,0.280625,0.15418,0.126879,0.071721,0.027198,LMT,63
2022-01-12,0.280583,0.217036,0.150389,0.075096,0.026235,LMT,63
2022-01-13,0.280103,0.217596,0.145923,0.074305,0.031588,LMT,63
2022-01-14,0.281802,0.220746,0.14938,0.076153,0.022066,LMT,63
2022-01-18,0.285327,0.221817,0.15007,0.086535,0.024059,LMT,63
2022-01-19,0.284858,0.218773,0.147837,0.071862,0.02004,LMT,63
2022-01-20,0.285558,0.218186,0.148875,0.081651,0.028585,LMT,63
2022-01-21,0.286766,0.221036,0.154654,0.120956,0.038227,LMT,63
2022-01-24,0.287301,0.221428,0.152748,0.119904,0.031313,LMT,63
2022-01-25,0.283134,0.22164,0.152509,0.068766,0.045328,LMT,63
2022-01-26,0.283879,0.170076,0.134914,0.04821,0.058922,LMT,63
2022-01-27,0.282781,0.172801,0.136225,0.042102,0.043088,LMT,63
2022-01-28,0.283161,0.169744,0.140825,0.010249,0.047383,LMT,63
2022-01-31,0.28467,0.168186,0.141874,-0.012822,0.038282,LMT,63
2022-02-01,0.285245,0.166933,0.139804,-0.019238,0.036943,LMT,63
2022-02-02,0.286183,0.164526,0.140931,-0.029297,0.034796,LMT,63
2022-02-03,0.28676,0.164719,0.140356,-0.008696,0.035277,LMT,63
2022-02-04,0.28629,0.161999,0.142402,-0.029254,0.0238,LMT,63
2022-02-07,0.286585,0.159952,0.140748,-0.028391,0.03046,LMT,63
2022-02-08,0.287149,0.161067,0.137707,-0.036274,0.037914,LMT,63
2022-02-09,0.28796,0.158594,0.136269,-0.040571,0.027582,LMT,63
2022-02-10,0.288623,0.214223,0.162789,-0.030122,0.037001,LMT,63
2022-02-11,0.287463,0.211482,0.162026,0.015629,0.013865,LMT,63
2022-02-14,0.286315,0.20664,0.160694,0.006947,0.022226,LMT,63
2022-02-15,0.286574,0.207617,0.162901,-0.015196,0.02279,LMT,63
2022-02-16,0.286655,0.207814,0.165812,-0.017708,0.020569,LMT,63
2022-02-17,0.289167,0.205829,0.161701,-0.001422,0.023244,LMT,63
2022-02-18,0.290632,0.204686,0.157446,-0.003855,0.025369,LMT,63
2022-02-22,0.290295,0.205331,0.157061,0.017007,0.034567,LMT,63
2022-02-23,0.29011,0.205125,0.159057,0.023845,0.036767,LMT,63
2022-02-24,0.287943,0.191849,0.157794,0.032305,0.041264,LMT,63
2022-02-25,0.284072,0.202155,0.165706,0.017228,0.024986,LMT,63
2022-02-28,0.282816,0.200187,0.159489,0.062396,0.023101,LMT,63
2022-03-01,0.280082,0.214627,0.161012,0.114807,-0.003094,LMT,63
2022-03-02,0.271918,0.219623,0.167816,0.058925,-0.002329,LMT,63
2022-03-03,0.268574,0.231235,0.168544,0.037006,-0.004452,LMT,63
2022-03-04,0.263408,0.231018,0.165398,0.058022,-0.024035,LMT,63
2022-03-07,0.258952,0.228691,0.165897,0.086902,-0.030022,LMT,63
2022-03-08,0.256418,0.221915,0.163158,0.051337,-0.022585,LMT,63
2022-03-09,0.249054,0.220443,0.166709,0.022605,-0.00743,LMT,63
2022-03-10,0.246045,0.221236,0.171157,0.008119,-0.008843,LMT,63
2022-03-11,0.245704,0.239517,0.190045,0.011109,-0.006102,LMT,63
2022-03-14,0.244843,0.236979,0.178572,0.014126,0.000867,LMT,63
2022-03-15,0.245856,0.239111,0.188344,-0.000107,0.009879,LMT,63
2022-03-16,0.236367,0.247021,0.178991,-0.02652,0.017535,LMT,63
2022-03-17,0.237134,0.242643,0.174131,-0.054974,0.025437,LMT,63
2022-03-18,0.235736,0.25041,0.176398,-0.080691,0.023831,LMT,63
2022-03-21,0.233441,0.240975,0.169722,-0.060614,0.005788,LMT,63
2022-03-22,0.233199,0.236853,0.169817,-0.078682,0.005179,LMT,63
2022-03-23,0.2343,0.23313,0.169437,-0.074845,0.012863,LMT,63
2022-03-24,0.234888,0.232507,0.168858,-0.086464,0.015138,LMT,63
2022-03-25,0.234716,0.230777,0.166135,-0.080916,0.016291,LMT,63
2022-03-28,0.235439,0.228598,0.165365,-0.074473,0.016538,LMT,63
2022-03-29,0.23516,0.225808,0.162767,-0.072819,0.014748,LMT,63
2022-03-30,0.23633,0.224048,0.159198,-0.069828,0.027273,LMT,63
2022-03-31,0.237276,0.225366,0.157091,-0.039679,0.022513,LMT,63
2022-04-01,0.241942,0.224971,0.156457,-0.035467,0.022943,LMT,63
2022-04-04,0.242863,0.22122,0.155563,-0.016044,0.023312,LMT,63
2022-04-05,0.241815,0.224702,0.154783,-0.006722,0.028111,LMT,63
2022-04-06,0.240989,0.226042,0.156676,0.019986,0.015975,LMT,63
2022-04-07,0.239276,0.219609,0.156065,0.029421,0.018182,LMT,63
2022-04-08,0.237802,0.215932,0.183252,0.024343,0.025649,LMT,63
2022-04-11,0.237387,0.21428,0.183547,0.041219,0.008318,LMT,63
2022-04-12,0.23678,0.210495,0.18512,0.030646,0.023187,LMT,63
2022-04-13,0.235832,0.209296,0.187766,0.024904,0.026954,LMT,63
2022-04-14,0.236166,0.212503,0.182667,0.046555,0.030632,LMT,63
2022-04-18,0.238257,0.213286,0.181533,0.050065,0.028719,LMT,63
2022-04-19,0.236122,0.211476,0.179456,0.002083,0.022563,LMT,63
2022-04-20,0.236139,0.212182,0.182201,0.013638,0.023378,LMT,63
2022-04-21,0.235236,0.217724,0.180268,0.031015,0.028158,LMT,63
2022-04-22,0.234386,0.220927,0.185721,0.050639,0.025367,LMT,63
2022-04-25,0.232285,0.21843,0.185875,0.046962,0.035184,LMT,63
2022-04-26,0.231246,0.21958,0.189853,0.069586,0.027521,LMT,63
2022-04-27,0.229778,0.218256,0.185169,0.05059,0.03518,LMT,63
2022-04-28,0.230546,0.217593,0.177788,0.037447,0.032359,LMT,63
2022-04-29,0.231736,0.219798,0.173689,0.043046,0.040194,LMT,63
2022-05-02,0.23301,0.218896,0.17323,0.049872,0.039256,LMT,63
2022-05-03,0.235399,0.218246,0.173964,0.039083,0.036169,LMT,63
2022-05-04,0.235238,0.212444,0.176736,-0.003959,0.039383,LMT,63
2022-05-05,0.235261,0.215092,0.176711,0.028551,0.047617,LMT,63
2022-05-06,0.235434,0.212036,0.176362,0.02326,0.049919,LMT,63
2022-05-09,0.234447,0.218661,0.186713,0.053282,0.042984,LMT,63
2022-05-10,0.233496,0.217744,0.19058,0.047714,0.052223,LMT,63
2022-05-11,0.23274,0.217002,0.183597,0.050259,0.046902,LMT,63
2022-05-12,0.229939,0.218424,0.189481,0.055379,0.051769,LMT,63
2022-05-13,0.230033,0.215427,0.189345,0.034136,0.049395,LMT,63
2022-05-16,0.229885,0.214238,0.185691,0.014545,0.047606,LMT,63
2022-05-17,0.229117,0.211271,0.186706,0.002206,0.048367,LMT,63
2022-05-18,0.22929,0.21176,0.180835,0.041439,0.045894,LMT,63
2022-05-19,0.225752,0.216934,0.181582,0.040707,0.046154,LMT,63
2022-05-20,0.224725,0.216512,0.180205,0.033793,0.063493,LMT,63
2022-05-23,0.224162,0.209971,0.174402,0.023518,0.055497,LMT,63
2022-05-24,0.223893,0.213457,0.179717,0.032054,0.054789,LMT,63
2022-05-25,0.223494,0.209944,0.174901,0.031989,0.052492,LMT,63
2022-05-26,0.224409,0.202724,0.16747,0.035172,0.045471,LMT,63
2022-05-27,0.224572,0.197049,0.163084,0.020139,0.044539,LMT,63
2022-05-31,0.224362,0.189347,0.159323,0.030018,0.038407,LMT,63
2022-06-01,0.22382,0.189367,0.158564,0.030701,0.039721,LMT,63
2022-06-02,0.220845,0.192048,0.15778,0.010369,0.03804,LMT,63
2022-06-03,0.220582,0.194785,0.16043,0.011479,0.040108,LMT,63
2022-06-06,0.221544,0.18684,0.154587,0.015606,0.041781,LMT,63
2022-06-07,0.221341,0.195904,0.201657,0.013445,0.040143,LMT,63
2022-06-08,0.220562,0.194725,0.19727,0.02612,0.044455,LMT,63
2022-06-09,0.220295,0.199075,0.201577,0.047536,0.047824,LMT,63
2022-06-10,0.218786,0.206222,0.204646,0.064174,0.045305,LMT,63
2022-06-13,0.221091,0.208947,0.201281,0.09866,0.056728,LMT,63
2022-06-14,0.21974,0.212525,0.206736,0.099458,0.05081,LMT,63
2022-06-15,0.217666,0.211839,0.208784,0.064844,0.04053,LMT,63
2022-06-16,0.216354,0.212646,0.196778,0.080282,0.054316,LMT,63
2022-06-17,0.213523,0.211366,0.205462,0.061833,0.040933,LMT,63
2022-06-21,0.212725,0.2131,0.206336,0.061137,0.042163,LMT,63
2022-06-22,0.214394,0.208594,0.199785,0.070635,0.035593,LMT,63
2022-06-23,0.216139,0.199744,0.203761,0.065947,0.039889,LMT,63
2022-06-24,0.217512,0.211199,0.205137,0.045589,0.04274,LMT,63
2022-06-27,0.217206,0.213317,0.206025,0.050439,0.043697,LMT,63
2022-06-28,0.217656,0.214954,0.208116,0.058878,0.045792,LMT,63
2022-06-29,0.219694,0.177094,0.205254,0.073464,0.047587,LMT,63
2022-06-30,0.22132,0.178335,0.202395,0.06075,0.053153,LMT,63
2022-07-01,0.220502,0.174518,0.202485,0.047101,0.052175,LMT,63
2022-07-05,0.216486,0.184711,0.219171,0.071614,0.058649,LMT,63
2022-07-06,0.215616,0.20281,0.208297,0.065113,0.062471,LMT,63
2022-07-07,0.214937,0.195268,0.206526,0.060936,0.055967,LMT,63
2022-07-08,0.214999,0.191067,0.215692,0.058076,0.049656,LMT,63
2022-07-11,0.215016,0.204318,0.214164,0.059052,0.059162,LMT,63
2022-07-12,0.218321,0.206656,0.22118,0.071359,0.065588,LMT,63
2022-07-13,0.218006,0.209185,0.217279,0.079093,0.047392,LMT,63
2022-07-14,0.218358,0.202189,0.213919,0.065762,0.059584,LMT,63
2022-07-15,0.221446,0.201076,0.211876,0.055181,0.059824,LMT,63
2022-07-18,0.223791,0.204543,0.214672,0.07987,0.043272,LMT,63
2022-07-19,0.219756,0.20093,0.208437,0.028942,0.047249,LMT,63
2022-07-20,0.229275,0.200241,0.209445,0.023835,0.043537,LMT,63
2022-07-21,0.234324,0.199673,0.204761,0.018601,0.045553,LMT,63
2022-07-22,0.233745,0.188466,0.201566,0.009616,0.049735,LMT,63
2022-07-25,0.234193,0.189048,0.204633,0.015879,0.045621,LMT,63
2022-07-26,0.235552,0.193383,0.203696,0.023859,0.045757,LMT,63
2022-07-27,0.236839,0.188905,0.199819,0.000632,0.04348,LMT,63
2022-07-28,0.236862,0.188748,0.20249,-0.006771,0.048127,LMT,63
2022-07-29,0.23518,0.189029,0.202093,-0.019272,0.050329,LMT,63
2022-08-01,0.236662,0.19146,0.200897,0.000756,0.039755,LMT,63
2022-08-02,0.233354,0.193325,0.204276,0.002372,0.037876,LMT,63
2022-08-03,0.230898,0.192517,0.199183,0.007982,0.032693,LMT,63
2022-08-04,0.230526,0.196578,0.19556,0.003664,0.039997,LMT,63
2022-08-05,0.230925,0.200387,0.19296,-0.004373,0.041155,LMT,63
2022-08-08,0.233222,0.194391,0.196577,-0.002798,0.041925,LMT,63
2022-08-09,0.23332,0.190792,0.193327,-0.00146,0.043669,LMT,63
2022-08-10,0.233219,0.189551,0.192981,-0.015544,0.036151,LMT,63
2022-08-11,0.23349,0.188831,0.193624,-0.008904,0.039337,LMT,63
2022-08-12,0.235152,0.188106,0.188915,-0.015243,0.040563,LMT,63
2022-08-15,0.237686,0.184973,0.187789,-0.018703,0.041029,LMT,63
2022-08-16,0.239108,0.179608,0.183311,-0.027931,0.03781,LMT,63
2022-08-17,0.242693,0.181126,0.183609,-0.012472,0.038451,LMT,63
2022-08-18,0.242644,0.180511,0.187054,-0.0091,0.033464,LMT,63
2022-08-19,0.243366,0.178976,0.189906,-0.006065,0.038242,LMT,63
2022-08-22,0.242979,0.185052,0.19983,0.012832,0.039729,LMT,63
2022-08-23,0.243049,0.183531,0.191275,0.00668,0.037802,LMT,63
2022-08-24,0.242879,0.182589,0.187008,0.012539,0.032923,LMT,63
2022-08-25,0.242696,0.179239,0.181351,-0.00516,0.03948,LMT,63
2022-08-26,0.241266,0.184597,0.183306,0.017052,0.037289,LMT,63
2022-08-29,0.240459,0.182723,0.182989,0.030042,0.035857,LMT,63
2022-08-30,0.240053,0.181809,0.176932,0.050166,0.043837,LMT,63
2022-08-31,0.240464,0.18404,0.178471,0.072686,0.033789,LMT,63
2022-09-01,0.240869,0.201038,0.179249,0.069317,0.047691,LMT,63
2022-09-02,0.242343,0.202072,0.177735,0.076027,0.048072,LMT,63
2022-09-06,0.241812,0.198751,0.173451,0.076509,0.047773,LMT,63
2022-09-07,0.241184,0.202979,0.171274,0.06538,0.041556,LMT,63
2022-09-08,0.241466,0.202356,0.170567,0.061077,0.042812,LMT,63
2022-09-09,0.241911,0.199823,0.17031,0.052802,0.034644,LMT,63
2022-09-12,0.242471,0.199582,0.164957,0.062055,0.040317,LMT,63
2022-09-13,0.239657,0.201527,0.176553,0.074899,0.043883,LMT,63
2022-09-14,0.23907,0.204578,0.183081,0.069228,0.046506,LMT,63
2022-09-15,0.239643,0.207459,0.178862,0.082247,0.043681,LMT,63
2022-09-16,0.240738,0.205908,0.18068,0.07913,0.043679,LMT,63
2022-09-19,0.241197,0.203363,0.180356,0.081224,0.040194,LMT,63
2022-09-20,0.240765,0.206845,0.178725,0.08346,0.043668,LMT,63
2022-09-21,0.239011,0.212816,0.179011,0.103863,0.029514,LMT,63
2022-09-22,0.236228,0.209405,0.172989,0.095594,0.031128,LMT,63
2022-09-23,0.235567,0.211832,0.188586,0.095995,0.048543,LMT,63
2022-09-26,0.235483,0.217322,0.191621,0.119872,0.039181,LMT,63
2022-09-27,0.234152,0.215796,0.188428,0.112691,0.054369,LMT,63
2022-09-28,0.231573,0.212193,0.195263,0.099302,0.046336,LMT,63
2022-09-29,0.22883,0.215655,0.199033,0.099657,0.050434,LMT,63
2022-09-30,0.22861,0.220437,0.215115,0.097403,0.049434,LMT,63
2022-10-03,0.226993,0.220225,0.21108,0.081372,0.051831,LMT,63
2022-10-04,0.227403,0.214812,0.209144,0.070783,0.0533,LMT,63
2022-10-05,0.227698,0.214563,0.209514,0.075319,0.054657,LMT,63
2022-10-06,0.23568,0.213868,0.209898,0.086959,0.058393,LMT,63
2022-10-07,0.237845,0.219263,0.21112,0.094705,0.05575,LMT,63
2022-10-10,0.235549,0.22217,0.212871,0.099522,0.049316,LMT,63
2022-10-11,0.233746,0.224037,0.21409,0.09016,0.059842,LMT,63
2022-10-12,0.23282,0.225716,0.214997,0.109697,0.056266,LMT,63
2022-10-13,0.231082,0.22071,0.212387,0.076733,0.061687,LMT,63
2022-10-14,0.228414,0.220836,0.209743,0.088911,0.059819,LMT,63
2022-10-17,0.2275,0.219,0.207496,0.06953,0.052495,LMT,63
2022-10-18,0.21508,0.210653,0.206154,-0.006433,0.056392,LMT,63
2022-10-19,0.20924,0.216784,0.203614,-0.014368,0.045239,LMT,63
2022-10-20,0.209136,0.221602,0.201954,-0.017554,0.043686,LMT,63
2022-10-21,0.209595,0.215505,0.20959,-0.030475,0.051027,LMT,63
2022-10-24,0.209252,0.218607,0.207721,-0.01008,0.047881,LMT,63
2022-10-25,0.209343,0.202158,0.203298,-0.029705,0.046471,LMT,63
2022-10-26,0.20894,0.196921,0.189397,-0.028905,0.039733,LMT,63
2022-10-27,0.208771,0.200279,0.208328,-0.027347,0.042147,LMT,63
2022-10-28,0.203717,0.202368,0.192826,-0.02947,0.038305,LMT,63
2022-10-31,0.203412,0.199019,0.189542,-0.033197,0.036419,LMT,63
2022-11-01,0.203288,0.198045,0.186589,-0.03375,0.034361,LMT,63
2022-11-02,0.20362,0.201155,0.183182,-0.04016,0.035492,LMT,63
2022-11-03,0.201879,0.19847,0.182985,-0.045732,0.033442,LMT,63
2022-11-04,0.19977,0.197162,0.186387,-0.053075,0.04141,LMT,63
2022-11-07,0.199771,0.197705,0.189072,-0.043382,0.036723,LMT,63
2022-11-08,0.199697,0.196074,0.188476,-0.033997,0.040408,LMT,63
2022-11-09,0.199386,0.196808,0.178405,-0.01989,0.038501,LMT,63
2022-11-10,0.198374,0.202616,0.184648,-0.038158,0.038592,LMT,63
2022-11-11,0.193761,0.210244,0.210454,-0.031942,0.046829,LMT,63
2022-11-14,0.19153,0.210956,0.213869,-0.019406,0.038795,LMT,63
2022-11-15,0.187128,0.214012,0.210797,-0.018934,0.03383,LMT,63
2022-11-16,0.185975,0.221722,0.211025,-0.009091,0.036748,LMT,63
2022-11-17,0.185601,0.219527,0.212787,0.00087,0.038765,LMT,63
2022-11-18,0.184635,0.210505,0.209283,-0.001175,0.029797,LMT,63
2022-11-21,0.185306,0.210396,0.212525,-0.002047,0.032308,LMT,63
2022-11-22,0.185405,0.20629,0.210164,-0.008835,0.02881,LMT,63
2022-11-23,0.186104,0.204636,0.204059,-0.011925,0.032447,LMT,63
2022-11-25,0.186825,0.205219,0.202272,-0.005283,0.035339,LMT,63
2022-11-28,0.18718,0.189894,0.184203,0.006568,0.029251,LMT,63
2022-11-29,0.187328,0.188264,0.176521,0.017748,0.032222,LMT,63
2022-11-30,0.186464,0.191564,0.18982,0.004032,0.036666,LMT,63
2022-12-01,0.185751,0.193455,0.185784,-0.003467,0.034132,LMT,63
2022-12-02,0.183801,0.19848,0.191895,0.000739,0.025637,LMT,63
2022-12-05,0.185548,0.194761,0.192513,0.009093,0.026931,LMT,63
2022-12-06,0.185426,0.196643,0.191311,0.033037,0.020228,LMT,63
2022-12-07,0.185298,0.194516,0.178928,0.026108,0.032056,LMT,63
2022-12-08,0.185112,0.191949,0.178913,0.020723,0.035239,LMT,63
2022-12-09,0.184953,0.190311,0.175504,0.016711,0.038862,LMT,63
2022-12-12,0.18715,0.19245,0.177282,0.031927,0.038822,LMT,63
2022-12-13,0.188151,0.192599,0.170899,0.038532,0.029462,LMT,63
2022-12-14,0.188934,0.189372,0.167855,0.030627,0.031146,LMT,63
2022-12-15,0.189459,0.192623,0.164298,0.053277,0.033796,LMT,63
2022-12-16,0.189461,0.193325,0.166495,0.049791,0.034131,LMT,63
2022-12-19,0.188905,0.191232,0.165542,0.05571,0.030689,LMT,63
2022-12-20,0.187478,0.192562,0.167686,0.051938,0.029479,LMT,63
2022-12-21,0.18787,0.193411,0.165568,0.042568,0.032105,LMT,63
2022-12-22,0.18532,0.196945,0.169479,0.055174,0.040645,LMT,63
2022-12-23,0.185143,0.193774,0.166933,0.046869,0.035792,LMT,63
2022-12-27,0.184551,0.193593,0.175212,0.063025,0.032534,LMT,63
2022-12-28,0.184215,0.193395,0.175768,0.065562,0.033906,LMT,63
2022-12-29,0.183891,0.193923,0.171664,0.06001,0.036979,LMT,63
2022-12-30,0.18426,0.195708,0.165684,0.067043,0.040809,LMT,63
2023-01-03,0.183036,0.198535,0.171976,0.088318,0.039531,LMT,63
2023-01-04,0.181582,0.198596,0.171501,0.08105,0.040525,LMT,63
2023-01-05,0.181362,0.197285,0.167315,0.07919,0.042279,LMT,63
2023-01-06,0.170461,0.202285,0.189745,0.048085,0.04155,LMT,63
2023-01-09,0.166417,0.207103,0.205503,0.051357,0.036628,LMT,63
2023-01-10,0.166107,0.204664,0.206014,0.044522,0.034814,LMT,63
2023-01-11,0.166413,0.203355,0.202601,0.047198,0.026196,LMT,63
2023-01-12,0.166145,0.201897,0.203736,0.031559,0.038828,LMT,63
2023-01-13,0.164623,0.200285,0.203387,0.026133,0.035021,LMT,63
2023-01-17,0.16579,0.205159,0.204033,0.034863,0.034597,LMT,63
2023-01-18,0.166143,0.206223,0.199515,0.034636,0.035478,LMT,63
2023-01-19,0.165582,0.204137,0.183246,0.039935,0.036405,LMT,63
2023-01-20,0.166076,0.195678,0.176035,0.028754,0.037342,LMT,63
2023-01-23,0.165624,0.191639,0.173558,0.045344,0.025786,LMT,63
2023-01-24,0.161582,0.189755,0.177519,-0.006179,0.030778,LMT,63
2023-01-25,0.161329,0.189836,0.176154,-0.005369,0.031049,LMT,63
2023-01-26,0.15879,0.177874,0.166118,-0.015297,0.032716,LMT,63
2023-01-27,0.156711,0.177988,0.166583,-0.017859,0.026723,LMT,63
2023-01-30,0.156189,0.179236,0.165099,-0.004451,0.027534,LMT,63
2023-01-31,0.157336,0.176969,0.162995,-0.017129,0.036263,LMT,63
2023-02-01,0.157229,0.176983,0.164265,-0.023841,0.035997,LMT,63
2023-02-02,0.157824,0.176537,0.162517,-0.018463,0.031437,LMT,63
2023-02-03,0.156634,0.175916,0.159088,-0.022916,0.039446,LMT,63
2023-02-06,0.157243,0.175608,0.164573,-0.013485,0.038419,LMT,63
2023-02-07,0.155246,0.172968,0.155834,0.010676,0.034556,LMT,63
2023-02-08,0.154489,0.175068,0.151989,0.021487,0.034578,LMT,63
2023-02-09,0.153942,0.176751,0.153758,0.024763,0.038302,LMT,63
2023-02-10,0.154033,0.177966,0.161964,0.02389,0.034489,LMT,63
2023-02-13,0.152266,0.181294,0.152011,0.028275,0.035033,LMT,63
2023-02-14,0.151742,0.176094,0.154066,0.023704,0.031935,LMT,63
2023-02-15,0.15138,0.17606,0.153012,0.014767,0.034247,LMT,63
2023-02-16,0.149944,0.175326,0.152418,0.016378,0.035751,LMT,63
2023-02-17,0.15037,0.17601,0.150984,0.012742,0.036512,LMT,63
2023-02-21,0.149966,0.182991,0.156202,0.029302,0.031211,LMT,63
2023-02-22,0.150787,0.183866,0.155746,0.032285,0.035093,LMT,63
2023-02-23,0.150143,0.182883,0.1546,0.033799,0.031979,LMT,63
2023-02-24,0.152298,0.164843,0.142198,0.033376,0.038165,LMT,63
2023-02-27,0.153237,0.166945,0.144414,0.040338,0.038743,LMT,63
2023-02-28,0.152864,0.167983,0.138472,0.055509,0.029221,LMT,63
2023-03-01,0.152141,0.167606,0.137735,0.050628,0.033576,LMT,63
2023-03-02,0.153023,0.165772,0.133869,0.04331,0.035468,LMT,63
2023-03-03,0.15369,0.165279,0.131534,0.037639,0.035042,LMT,63
2023-03-06,0.153809,0.161362,0.12731,0.039264,0.03752,LMT,63
2023-03-07,0.15323,0.160491,0.12413,0.053144,0.025041,LMT,63
2023-03-08,0.151971,0.160907,0.124721,0.042904,0.030808,LMT,63
2023-03-09,0.151613,0.162785,0.126396,0.05616,0.037065,LMT,63
2023-03-10,0.150416,0.166974,0.129154,0.067624,0.042457,LMT,63
2023-03-13,0.149639,0.170892,0.131599,0.069312,0.049153,LMT,63
2023-03-14,0.15216,0.169803,0.129106,0.070228,0.045208,LMT,63
2023-03-15,0.149611,0.174149,0.133955,0.088024,0.056358,LMT,63
2023-03-16,0.147116,0.171742,0.132113,0.074931,0.039163,LMT,63
2023-03-17,0.145355,0.176643,0.144935,0.071502,0.053072,LMT,63
2023-03-20,0.142384,0.174874,0.149353,0.063678,0.049346,LMT,63
2023-03-21,0.142948,0.172217,0.147246,0.054286,0.042926,LMT,63
2023-03-22,0.142311,0.17134,0.146685,0.059652,0.035224,LMT,63
2023-03-23,0.142999,0.170822,0.143187,0.066508,0.042142,LMT,63
2023-03-24,0.144604,0.163568,0.14493,0.055265,0.040996,LMT,63
2023-03-27,0.144461,0.160414,0.141737,0.053251,0.045148,LMT,63
2023-03-28,0.144955,0.1607,0.143068,0.057183,0.04458,LMT,63
2023-03-29,0.14586,0.159771,0.142286,0.048907,0.049005,LMT,63
2023-03-30,0.146485,0.160031,0.142793,0.052041,0.043611,LMT,63
2023-03-31,0.146877,0.158611,0.139391,0.04271,0.04655,LMT,63
2023-04-03,0.144917,0.160134,0.142422,0.035458,0.037825,LMT,63
2023-04-04,0.144497,0.160393,0.145297,0.036784,0.043893,LMT,63
2023-04-05,0.143683,0.160003,0.143745,0.040837,0.040949,LMT,63
2023-04-06,0.142486,0.160259,0.14545,0.048546,0.03717,LMT,63
2023-04-10,0.142882,0.15966,0.143571,0.05067,0.040312,LMT,63
2023-04-11,0.142286,0.158258,0.143495,0.056396,0.040919,LMT,63
2023-04-12,0.141134,0.158847,0.14528,0.055926,0.03771,LMT,63
2023-04-13,0.1406,0.159373,0.145781,0.044252,0.039221,LMT,63
2023-04-14,0.141386,0.158563,0.14614,0.05238,0.036693,LMT,63
2023-04-17,0.152073,0.157959,0.145125,0.061007,0.032606,LMT,63
2023-04-18,0.152785,0.154695,0.143545,0.030147,0.024518,LMT,63
2023-04-19,0.15232,0.153975,0.143293,0.029971,0.032715,LMT,63
2023-04-20,0.152056,0.154858,0.141936,0.030028,0.033468,LMT,63
2023-04-21,0.150966,0.154671,0.142353,0.02982,0.033947,LMT,63
2023-04-24,0.152028,0.153259,0.143724,0.031785,0.022842,LMT,63
2023-04-25,0.152581,0.154062,0.143747,0.051474,0.030937,LMT,63
2023-04-26,0.151334,0.15776,0.145126,0.044789,0.044992,LMT,63
2023-04-27,0.151288,0.156078,0.144546,0.024084,0.039067,LMT,63
2023-04-28,0.151426,0.157112,0.144259,0.015583,0.038361,LMT,63
2023-05-01,0.151395,0.156693,0.145814,0.011671,0.032317,LMT,63
2023-05-02,0.150306,0.160209,0.149551,0.028417,0.04145,LMT,63
2023-05-03,0.150066,0.163777,0.1491,0.043983,0.043983,LMT,63
2023-05-04,0.148733,0.165091,0.150764,0.051481,0.046419,LMT,63
2023-05-05,0.148549,0.15955,0.147134,0.0358,0.045175,LMT,63
2023-05-08,0.147387,0.160825,0.148027,0.043777,0.04546,LMT,63
2023-05-09,0.14728,0.161228,0.146637,0.041248,0.043247,LMT,63
2023-05-10,0.147223,0.158392,0.145377,0.034639,0.046537,LMT,63
2023-05-11,0.146982,0.159508,0.144695,0.04191,0.047788,LMT,63
2023-05-12,0.146505,0.161372,0.144916,0.040385,0.042905,LMT,63
2023-05-15,0.147046,0.163475,0.145233,0.043897,0.045438,LMT,63
2023-05-16,0.147404,0.169998,0.146637,0.054412,0.040728,LMT,63
2023-05-17,0.146884,0.167285,0.144793,0.043333,0.044209,LMT,63
2023-05-18,0.147879,0.226301,0.141951,0.049926,0.042246,LMT,63
2023-05-19,0.147557,0.212613,0.141567,0.046163,0.038926,LMT,63
2023-05-22,0.146827,0.172748,0.144607,0.051865,0.034077,LMT,63
2023-05-23,0.145732,0.164773,0.145158,0.055139,0.036378,LMT,63
2023-05-24,0.145602,0.178835,0.142799,0.060072,0.043204,LMT,63
2023-05-25,0.143609,0.163275,0.148082,0.07603,0.053371,LMT,63
2023-05-26,0.141438,0.163313,0.148002,0.056769,0.044902,LMT,63
2023-05-30,0.142896,0.163224,0.149072,0.062019,0.044977,LMT,63
2023-05-31,0.144253,0.16201,0.149383,0.058288,0.037874,LMT,63
2023-06-01,0.143678,0.153186,0.145844,0.033866,0.041974,LMT,63
2023-06-02,0.143145,0.153026,0.143263,0.030755,0.028679,LMT,63
2023-06-05,0.14269,0.152048,0.143862,0.03844,0.0286,LMT,63
2023-06-06,0.145954,0.151938,0.143639,0.019584,0.029401,LMT,63
2023-06-07,0.144955,0.154348,0.140904,0.027392,0.021082,LMT,63
2023-06-08,0.144627,0.15266,0.140069,0.015301,0.034867,LMT,63
2023-06-09,0.14544,0.167973,0.139099,0.019387,0.029584,LMT,63
2023-06-12,0.145536,0.202898,0.1403,0.023802,0.039077,LMT,63
2023-06-13,0.142181,0.158522,0.143361,0.02752,0.028074,LMT,63
2023-06-14,0.14197,0.203552,0.140981,0.018389,0.033981,LMT,63
2023-06-15,0.142393,0.217855,0.139593,0.01723,0.031807,LMT,63
2023-06-16,0.142311,0.221386,0.13966,0.013497,0.029576,LMT,63
2023-06-20,0.142359,0.227951,0.140105,0.037704,0.020445,LMT,63
2023-06-21,0.140891,0.187311,0.139713,0.020695,0.029287,LMT,63
2023-06-22,0.141786,0.188445,0.140768,0.024396,0.030131,LMT,63
2023-06-23,0.14105,0.189256,0.142089,0.030584,0.028426,LMT,63
2023-06-26,0.138404,0.191934,0.143447,0.035811,0.028095,LMT,63
2023-06-27,0.138463,0.191072,0.142015,0.042554,0.025774,LMT,63
2023-06-28,0.13826,0.189411,0.140562,0.045888,0.03093,LMT,63
2023-06-29,0.137762,0.187468,0.1414,0.035311,0.030737,LMT,63
2023-06-30,0.137117,0.168894,0.14276,0.033437,0.019947,LMT,63
2023-07-03,0.137238,0.170022,0.140906,0.034556,0.023443,LMT,63
2023-07-05,0.137244,0.189712,0.141955,0.038181,0.026988,LMT,63
2023-07-06,0.13791,0.191518,0.139543,0.043701,0.029278,LMT,63
2023-07-07,0.139121,0.192173,0.139977,0.043578,0.032502,LMT,63
2023-07-10,0.140898,0.190848,0.14011,0.052726,0.034788,LMT,63
2023-07-11,0.144637,0.204218,0.139872,0.04978,0.030743,LMT,63
2023-07-12,0.14664,0.205945,0.14074,0.048269,0.028706,LMT,63
2023-07-13,0.146728,0.206727,0.140392,0.04653,0.02573,LMT,63
2023-07-14,0.148724,0.207443,0.141533,0.059866,0.028945,LMT,63
2023-07-17,0.149231,0.211062,0.140178,0.076787,0.020991,LMT,63
2023-07-18,0.140635,0.170548,0.144221,0.026973,0.013014,LMT,63
2023-07-19,0.14761,0.163936,0.147963,0.006166,0.021664,LMT,63
2023-07-20,0.148434,0.161882,0.139813,-0.012401,0.021621,LMT,63
2023-07-21,0.149114,0.165874,0.14236,-0.017905,0.024357,LMT,63
2023-07-24,0.149758,0.168311,0.140584,-0.020898,0.022186,LMT,63
2023-07-25,0.15041,0.16503,0.139671,-0.022726,0.024127,LMT,63
2023-07-26,0.151378,0.16611,0.14006,-0.020675,0.023867,LMT,63
2023-07-27,0.150719,0.168581,0.142965,-0.016506,0.023333,LMT,63
2023-07-28,0.151882,0.169032,0.140597,-0.017204,0.01763,LMT,63
2023-07-31,0.153151,0.167928,0.139976,-0.018309,0.026245,LMT,63
2023-08-01,0.152848,0.168035,0.141379,-0.017034,0.014495,LMT,63
2023-08-02,0.153861,0.170392,0.141643,-0.008306,0.020965,LMT,63
2023-08-03,0.153779,0.169981,0.141144,-0.003501,0.022168,LMT,63
2023-08-04,0.153646,0.169649,0.137862,-0.008994,0.026452,LMT,63
2023-08-07,0.154534,0.169403,0.138851,-0.011228,0.023132,LMT,63
2023-08-08,0.154489,0.169691,0.139456,-0.006501,0.022138,LMT,63
2023-08-09,0.15431,0.169333,0.138354,-0.008943,0.025842,LMT,63
2023-08-10,0.15488,0.170149,0.139173,-0.004893,0.021451,LMT,63
2023-08-11,0.155617,0.168678,0.138417,-0.017418,0.02501,LMT,63
2023-08-14,0.155753,0.161521,0.137516,-0.007283,0.018857,LMT,63
2023-08-15,0.155688,0.16305,0.14061,0.002183,0.022967,LMT,63
2023-08-16,0.155825,0.169251,0.143517,0.031896,0.025545,LMT,63
2023-08-17,0.155963,0.163299,0.147938,0.045551,0.027374,LMT,63
2023-08-18,0.153876,0.163046,0.14494,0.033506,0.02822,LMT,63
2023-08-21,0.153624,0.162715,0.144157,0.033906,0.022722,LMT,63
2023-08-22,0.154056,0.163671,0.141241,0.032757,0.024397,LMT,63
2023-08-23,0.154193,0.164694,0.142715,0.026827,0.02611,LMT,63
2023-08-24,0.153705,0.167116,0.142567,0.04525,0.017653,LMT,63
2023-08-25,0.153163,0.164694,0.144075,0.035151,0.021011,LMT,63
2023-08-28,0.153675,0.166021,0.142874,0.035381,0.021589,LMT,63
2023-08-29,0.152332,0.16409,0.141499,0.027072,0.022867,LMT,63
2023-08-30,0.151296,0.166471,0.139739,0.019255,0.023116,LMT,63
2023-08-31,0.150842,0.161114,0.135148,0.014918,0.023917,LMT,63
2023-09-01,0.150586,0.161249,0.135159,0.008535,0.023088,LMT,63
2023-09-05,0.150926,0.161375,0.136057,0.016367,0.020857,LMT,63
2023-09-06,0.147421,0.165074,0.150451,0.029004,0.023083,LMT,63
2023-09-07,0.1467,0.164002,0.15235,0.019113,0.023365,LMT,63
2023-09-08,0.146935,0.163476,0.151321,0.014729,0.024748,LMT,63
2023-09-11,0.145823,0.16253,0.149201,0.015445,0.027612,LMT,63
2023-09-12,0.145691,0.163647,0.149804,0.021267,0.02295,LMT,63
2023-09-13,0.145593,0.163421,0.147967,0.021099,0.022378,LMT,63
2023-09-14,0.145436,0.157505,0.146372,0.008672,0.022678,LMT,63
2023-09-15,0.146764,0.153355,0.141922,0.016007,0.025965,LMT,63
2023-09-18,0.147203,0.153675,0.142962,0.028225,0.024188,LMT,63
2023-09-19,0.146949,0.154405,0.143105,0.042583,0.026421,LMT,63
2023-09-20,0.146503,0.156711,0.14327,0.043651,0.028466,LMT,63
2023-09-21,0.145529,0.158713,0.148814,0.059522,0.033917,LMT,63
2023-09-22,0.145103,0.159881,0.15008,0.058683,0.034116,LMT,63
2023-09-25,0.14523,0.170968,0.148678,0.06928,0.033694,LMT,63
2023-09-26,0.14517,0.172447,0.151393,0.076552,0.038808,LMT,63
2023-09-27,0.144644,0.172237,0.150927,0.07151,0.041099,LMT,63
2023-09-28,0.144261,0.17573,0.147803,0.081049,0.034445,LMT,63
2023-09-29,0.14392,0.17544,0.14819,0.080758,0.03313,LMT,63
2023-10-02,0.144779,0.175395,0.144172,0.089719,0.031375,LMT,63
2023-10-03,0.145459,0.179414,0.14442,0.102669,0.039493,LMT,63
2023-10-04,0.145183,0.176183,0.140205,0.100106,0.034791,LMT,63
2023-10-05,0.144829,0.17539,0.134919,0.103628,0.039363,LMT,63
2023-10-06,0.142951,0.163722,0.139854,0.098248,0.037122,LMT,63
2023-10-09,0.138879,0.177425,0.145447,0.134276,0.011313,LMT,63
2023-10-10,0.137033,0.173161,0.145814,0.10402,0.01377,LMT,63
2023-10-11,0.138184,0.171533,0.148037,0.094358,0.014722,LMT,63
2023-10-12,0.136244,0.175278,0.149863,0.071973,0.017036,LMT,63
2023-10-13,0.135206,0.162517,0.143063,0.089876,0.012473,LMT,63
2023-10-16,0.134093,0.165288,0.145368,0.067335,0.014586,LMT,63
2023-10-17,0.123661,0.186342,0.156892,0.005145,0.016502,LMT,63
2023-10-18,0.122197,0.188135,0.153602,0.008908,0.018484,LMT,63
2023-10-19,0.121952,0.188992,0.159673,0.009146,0.02026,LMT,63
2023-10-20,0.134628,0.187879,0.157359,0.017173,0.011981,LMT,63
2023-10-23,0.135416,0.187241,0.158048,0.00676,0.013148,LMT,63
2023-10-24,0.13609,0.194216,0.158439,-0.003361,0.012418,LMT,63
2023-10-25,0.136872,0.19506,0.176067,-0.005703,0.015937,LMT,63
2023-10-26,0.136369,0.199106,0.177238,-0.006497,0.018818,LMT,63
2023-10-27,0.134965,0.198,0.158075,-0.005047,0.018418,LMT,63
2023-10-30,0.135005,0.194213,0.158814,-0.01761,0.01685,LMT,63
2023-10-31,0.134093,0.191149,0.178679,-0.028267,0.015266,LMT,63
2023-11-01,0.134222,0.187247,0.174989,-0.041585,0.020273,LMT,63
2023-11-02,0.13438,0.185458,0.173847,-0.049613,0.01861,LMT,63
2023-11-03,0.135187,0.184961,0.170796,-0.05179,0.015664,LMT,63
2023-11-06,0.135099,0.185133,0.173049,-0.046274,0.016807,LMT,63
2023-11-07,0.135396,0.17416,0.165916,-0.036163,0.020768,LMT,63
2023-11-08,0.134428,0.175831,0.168822,-0.028378,0.015136,LMT,63
2023-11-09,0.134129,0.175614,0.168229,-0.025248,0.017723,LMT,63
2023-11-10,0.136049,0.15205,0.136749,-0.03637,0.021926,LMT,63
2023-11-13,0.140882,0.152196,0.150635,-0.024781,0.016087,LMT,63
2023-11-14,0.140343,0.154009,0.133979,-0.021627,0.014736,LMT,63
2023-11-15,0.139926,0.15474,0.133715,0.008847,0.012216,LMT,63
2023-11-16,0.140094,0.162208,0.1366,0.004349,0.018974,LMT,63
2023-11-17,0.140403,0.157864,0.136545,0.010167,0.016194,LMT,63
2023-11-20,0.14037,0.153884,0.133843,0.006769,0.013732,LMT,63
2023-11-21,0.140199,0.151812,0.131813,0.008125,0.016264,LMT,63
2023-11-22,0.140883,0.1506,0.131901,0.008494,0.019552,LMT,63
2023-11-24,0.141374,0.151192,0.133046,0.008322,0.018671,LMT,63
2023-11-27,0.141204,0.152583,0.133653,0.02937,0.008701,LMT,63
2023-11-28,0.140725,0.151832,0.13335,0.025868,0.014106,LMT,63
2023-11-29,0.141038,0.152891,0.131624,0.034551,0.009794,LMT,63
2023-11-30,0.14214,0.15065,0.132295,0.031021,0.015887,LMT,63
2023-12-01,0.14332,0.150592,0.132975,0.031795,0.015621,LMT,63
2023-12-04,0.143047,0.154884,0.133609,0.031582,0.019015,LMT,63
2023-12-05,0.143629,0.157787,0.131562,0.041769,0.016336,LMT,63
2023-12-06,0.143732,0.162908,0.13572,0.050044,0.008694,LMT,63
2023-12-07,0.14355,0.155959,0.132343,0.045971,0.014511,LMT,63
2023-12-08,0.143553,0.157009,0.128091,0.043195,0.015872,LMT,63
2023-12-11,0.143649,0.150731,0.129477,0.045028,0.018436,LMT,63
2023-12-12,0.143931,0.153259,0.128121,0.04966,0.007572,LMT,63
2023-12-13,0.144263,0.151659,0.127685,0.047464,0.012467,LMT,63
2023-12-14,0.142409,0.191705,0.127044,0.053025,0.009389,LMT,63
2023-12-15,0.141496,0.191988,0.130823,0.063034,0.006071,LMT,63
2023-12-18,0.141479,0.193554,0.133098,0.052863,0.011618,LMT,63
2023-12-19,0.141932,0.193732,0.132158,0.055486,0.00785,LMT,63
2023-12-20,0.141659,0.196136,0.130528,0.077177,0.004822,LMT,63
2023-12-21,0.141944,0.194567,0.131483,0.06414,0.016258,LMT,63
2023-12-22,0.141833,0.191341,0.131711,0.061438,0.011274,LMT,63
2023-12-26,0.142324,0.19647,0.129132,0.079513,0.01203,LMT,63
2023-12-27,0.142333,0.193432,0.128631,0.076557,0.015849,LMT,63
2023-12-28,0.142615,0.193365,0.125341,0.077792,0.017337,LMT,63
2023-12-29,0.142795,0.192906,0.126,0.078887,0.017294,LMT,63
2024-01-02,0.141682,0.195863,0.124599,0.083295,0.019166,LMT,63
2024-01-03,0.142686,0.167987,0.126735,0.085393,0.01913,LMT,63
2024-01-04,0.142818,0.170703,0.126436,0.087355,0.015176,LMT,63
2024-01-05,0.141982,0.171081,0.126496,0.076958,0.019153,LMT,63
2024-01-08,0.142711,0.172803,0.126454,0.073,0.018963,LMT,63
2024-01-09,0.143889,0.19465,0.124913,0.078811,0.01315,LMT,63
2024-01-10,0.143886,0.159974,0.130533,0.075316,0.016021,LMT,63
2024-01-11,0.143511,0.157712,0.130445,0.065521,0.017858,LMT,63
2024-01-12,0.143894,0.163812,0.132936,0.065165,0.016232,LMT,63
2024-01-16,0.143381,0.174474,0.138627,0.069601,0.017106,LMT,63
2024-01-17,0.14246,0.1756,0.138601,0.076142,0.012348,LMT,63
2024-01-18,0.141817,0.179488,0.138597,0.071662,0.019585,LMT,63
2024-01-19,0.142434,0.174731,0.136365,0.068104,0.017817,LMT,63
2024-01-22,0.143815,0.175762,0.136231,0.073142,0.022575,LMT,63
2024-01-23,0.138421,0.174792,0.139956,-0.005626,0.02394,LMT,63
2024-01-24,0.136758,0.178647,0.141263,-0.012189,0.012346,LMT,63
2024-01-25,0.135124,0.179888,0.141293,-0.020641,0.015955,LMT,63
2024-01-26,0.134883,0.178775,0.141219,-0.03625,0.021892,LMT,63
2024-01-29,0.133767,0.188297,0.141148,-0.02946,0.019467,LMT,63
2024-01-30,0.133632,0.174228,0.140733,-0.034319,0.019503,LMT,63
2024-01-31,0.133824,0.180921,0.142266,-0.027737,0.014481,LMT,63
2024-02-01,0.133411,0.17842,0.141442,-0.033787,0.022161,LMT,63
2024-02-02,0.133867,0.172669,0.149916,-0.028638,0.01224,LMT,63
2024-02-05,0.133555,0.17139,0.139427,-0.02972,0.013245,LMT,63
2024-02-06,0.131488,0.168665,0.14001,-0.036562,0.012629,LMT,63
2024-02-07,0.131887,0.166494,0.138878,-0.043233,0.015472,LMT,63
2024-02-08,0.131689,0.15075,0.132427,-0.037049,0.013607,LMT,63
2024-02-09,0.131537,0.152127,0.133353,-0.033991,0.011732,LMT,63
2024-02-12,0.130999,0.152374,0.133485,-0.022876,0.007853,LMT,63
2024-02-13,0.128327,0.154605,0.13412,-0.022842,0.018202,LMT,63
2024-02-14,0.122287,0.158311,0.136648,-0.027396,0.021801,LMT,63
2024-02-15,0.130686,0.152957,0.135123,-0.034744,0.019615,LMT,63
2024-02-16,0.130944,0.154199,0.135116,-0.02967,0.015332,LMT,63
2024-02-20,0.130618,0.154838,0.135233,-0.032513,0.015316,LMT,63
2024-02-21,0.13023,0.15384,0.134782,-0.029265,0.012109,LMT,63
2024-02-22,0.129558,0.154164,0.133947,0.001227,0.009253,LMT,63
2024-02-23,0.129677,0.154495,0.134712,0.004109,0.006256,LMT,63
2024-02-26,0.128866,0.153459,0.134208,0.013093,0.009624,LMT,63
2024-02-27,0.129381,0.154198,0.134123,0.013599,0.007378,LMT,63
2024-02-28,0.129026,0.15619,0.131173,0.019361,0.007446,LMT,63
2024-02-29,0.129946,0.156503,0.130468,0.021916,-0.00051,LMT,63
2024-03-01,0.130754,0.154044,0.12943,0.013204,0.013431,LMT,63
2024-03-04,0.130124,0.155621,0.130438,0.029757,0.003989,LMT,63
2024-03-05,0.129126,0.15587,0.131875,0.019425,0.014915,LMT,63
2024-03-06,0.129545,0.155574,0.131276,0.020103,0.012753,LMT,63
2024-03-07,0.129256,0.157919,0.131726,0.024753,0.011378,LMT,63
2024-03-08,0.130152,0.148255,0.12989,0.019646,0.010069,LMT,63
2024-03-11,0.130267,0.148514,0.127849,0.026448,0.013552,LMT,63
2024-03-12,0.130257,0.147537,0.128626,0.028639,0.001038,LMT,63
2024-03-13,0.130469,0.147219,0.128633,0.023318,0.010162,LMT,63
2024-03-14,0.13024,0.148598,0.128486,0.028108,0.015149,LMT,63
2024-03-15,0.129958,0.150138,0.12998,0.048637,0.012945,LMT,63
2024-03-18,0.129639,0.148428,0.13026,0.042305,0.012715,LMT,63
2024-03-19,0.129712,0.150095,0.135465,0.038608,0.02045,LMT,63
2024-03-20,0.130663,0.149226,0.135601,0.039008,0.011482,LMT,63
2024-03-21,0.131267,0.15049,0.138427,0.044915,0.00063,LMT,63
2024-03-22,0.133003,0.151333,0.144525,0.049029,-0.008242,LMT,63
2024-03-25,0.133188,0.151772,0.144014,0.051778,0.005334,LMT,63
2024-03-26,0.133571,0.152696,0.141647,0.061014,0.001171,LMT,63
2024-03-27,0.133038,0.152676,0.141733,0.060339,0.005563,LMT,63
2024-03-28,0.134168,0.153062,0.147627,0.064701,0.007296,LMT,63
2024-04-01,0.134733,0.153843,0.149069,0.068297,0.003065,LMT,63
2024-04-02,0.134625,0.154848,0.149218,0.077112,0.019046,LMT,63
2024-04-03,0.133945,0.155457,0.150773,0.092653,0.005433,LMT,63
2024-04-04,0.132251,0.160668,0.148976,0.119846,-0.011678,LMT,63
2024-04-05,0.131688,0.157944,0.15104,0.103579,0.007403,LMT,63
2024-04-08,0.131476,0.148817,0.137169,0.104013,0.001854,LMT,63
2024-04-09,0.130814,0.148543,0.136864,0.100609,0.002372,LMT,63
2024-04-10,0.131966,0.151947,0.144996,0.108819,-0.003044,LMT,63
2024-04-11,0.132098,0.151206,0.144094,0.102635,0.00067,LMT,63
2024-04-12,0.130693,0.153704,0.136177,0.129627,-0.006835,LMT,63
2024-04-15,0.129919,0.154666,0.144326,0.134329,-0.009597,LMT,63
2024-04-16,0.129653,0.15358,0.142881,0.121306,-0.009144,LMT,63
2024-04-17,0.130556,0.153298,0.140486,0.102893,-0.002242,LMT,63
2024-04-18,0.131047,0.152816,0.140461,0.096057,0.000964,LMT,63
2024-04-19,0.130085,0.154089,0.142722,0.100749,-0.002933,LMT,63
2024-04-22,0.135036,0.153976,0.141171,0.080405,-0.001467,LMT,63
2024-04-23,0.134495,0.152935,0.139261,0.018577,-0.007556,LMT,63
2024-04-24,0.137145,0.156936,0.136785,0.009836,-0.000582,LMT,63
2024-04-25,0.137991,0.158434,0.137594,0.004037,-0.010562,LMT,63
2024-04-26,0.138892,0.15966,0.13649,-0.010249,-0.002062,LMT,63
2024-04-29,0.141332,0.157707,0.140795,-0.002837,-0.01437,LMT,63
2024-04-30,0.14267,0.155391,0.141717,-0.005437,-0.006353,LMT,63
2024-05-01,0.143179,0.153845,0.136851,-0.016756,0.003381,LMT,63
2024-05-02,0.15122,0.153111,0.136714,-0.023764,0.010433,LMT,63
2024-05-03,0.161772,0.153212,0.134812,-0.015709,-0.006364,LMT,63
2024-05-06,0.162584,0.148878,0.136399,-0.024391,0.013703,LMT,63
2024-05-07,0.16607,0.147943,0.135629,-0.021699,0.004964,LMT,63
2024-05-08,0.167032,0.147134,0.135685,-0.018532,0.002226,LMT,63
2024-05-09,0.167387,0.147242,0.135553,-0.015888,0.002282,LMT,63
2024-05-10,0.167682,0.146564,0.135717,-0.022582,0.014727,LMT,63
2024-05-13,0.168429,0.144318,0.135181,-0.017739,0.010112,LMT,63
2024-05-14,0.168848,0.144067,0.134799,-0.011472,0.006332,LMT,63
2024-05-15,0.169022,0.140143,0.134601,-0.008568,-0.001767,LMT,63
2024-05-16,0.162935,0.143321,0.132776,-0.02246,-0.004002,LMT,63
2024-05-17,0.16348,0.142981,0.131302,-0.025687,-0.010237,LMT,63
2024-05-20,0.164311,0.142619,0.132378,-0.035966,0.000781,LMT,63
2024-05-21,0.16472,0.13823,0.131569,-0.025045,-0.024331,LMT,63
2024-05-22,0.164908,0.138781,0.131378,-0.00642,0.001436,LMT,63
2024-05-23,0.165192,0.142696,0.131011,-0.000605,0.001917,LMT,63
2024-05-24,0.165168,0.13949,0.13135,0.00047,-0.001822,LMT,63
2024-05-28,0.164609,0.145425,0.136418,0.011228,-0.002671,LMT,63
2024-05-29,0.165201,0.146107,0.136896,0.017625,-0.001101,LMT,63
2024-05-30,0.164643,0.148698,0.140393,0.020207,0.008622,LMT,63
2024-05-31,0.163918,0.148089,0.139781,0.01129,0.005723,LMT,63
2024-06-03,0.164002,0.148678,0.141121,0.014162,-0.000709,LMT,63
2024-06-04,0.165025,0.159345,0.145858,0.01622,0.001477,LMT,63
2024-06-05,0.166319,0.157877,0.145007,0.016904,-0.010588,LMT,63
2024-06-06,0.166617,0.158582,0.144234,0.005484,0.007814,LMT,63
2024-06-07,0.166317,0.158884,0.14432,0.002605,0.012375,LMT,63
2024-06-10,0.166463,0.156534,0.142214,0.009261,0.008521,LMT,63
2024-06-11,0.168332,0.154958,0.141114,0.010003,-0.00075,LMT,63
2024-06-12,0.168007,0.155712,0.13968,0.01356,-0.008067,LMT,63
2024-06-13,0.168645,0.156432,0.14071,0.004151,-0.011761,LMT,63
2024-06-14,0.169363,0.158254,0.139127,0.004094,0.013434,LMT,63
2024-06-17,0.169536,0.155201,0.139554,0.039755,0.010498,LMT,63
2024-06-18,0.17019,0.155278,0.138585,0.043365,0.003321,LMT,63
2024-06-20,0.169646,0.156435,0.14154,0.045957,0.024522,LMT,63
2024-06-21,0.169558,0.15589,0.139803,0.044552,0.009497,LMT,63
2024-06-24,0.169056,0.15718,0.137068,0.032043,0.005488,LMT,63
2024-06-25,0.168994,0.156309,0.137521,0.037754,0.0074,LMT,63
2024-06-26,0.169126,0.157178,0.138332,0.043915,0.001835,LMT,63
2024-06-27,0.169918,0.155805,0.137432,0.043132,-0.006989,LMT,63
2024-06-28,0.169867,0.156426,0.138122,0.042422,0.002571,LMT,63
2024-07-01,0.16954,0.155658,0.13831,0.047214,0.005219,LMT,63
2024-07-02,0.178607,0.16155,0.139048,0.053731,0.009717,LMT,63
2024-07-03,0.179555,0.162494,0.140348,0.055527,0.00732,LMT,63
2024-07-05,0.179931,0.1622,0.141435,0.056929,0.018495,LMT,63
2024-07-08,0.180356,0.164277,0.142231,0.062784,0.004239,LMT,63
2024-07-09,0.181021,0.165609,0.142058,0.068396,0.006252,LMT,63
2024-07-10,0.181452,0.164673,0.142688,0.066394,0.013913,LMT,63
2024-07-11,0.179248,0.161275,0.139727,0.067581,-0.000283,LMT,63
2024-07-12,0.179537,0.160107,0.139428,0.053934,0.006563,LMT,63
2024-07-15,0.179334,0.16166,0.141347,0.064759,0.002616,LMT,63
2024-07-16,0.17978,0.161149,0.1412,0.066235,0.0028,LMT,63
2024-07-17,0.180373,0.16188,0.141947,0.076615,-0.007375,LMT,63
2024-07-18,0.179414,0.160877,0.142136,0.072282,0.00893,LMT,63
2024-07-19,0.179369,0.161056,0.13871,0.076974,0.007075,LMT,63
2024-07-22,0.17946,0.159759,0.141681,0.075049,0.008808,LMT,63
2024-07-23,0.174734,0.162007,0.145045,0.007746,0.006705,LMT,63
2024-07-24,0.177244,0.16818,0.149085,0.011249,0.004347,LMT,63
2024-07-25,0.17557,0.167294,0.146446,0.000742,0.005163,LMT,63
2024-07-26,0.175219,0.166474,0.148565,-0.017047,0.00298,LMT,63
2024-07-29,0.17454,0.170437,0.150822,-0.00913,-0.004076,LMT,63
2024-07-30,0.172855,0.168371,0.150109,-0.0089,-0.006515,LMT,63
2024-07-31,0.171743,0.171544,0.147307,-0.011031,0.004651,LMT,63
2024-08-01,0.171949,0.173087,0.152203,-0.007366,-0.000694,LMT,63
2024-08-02,0.166038,0.181774,0.155771,-0.002967,0.009282,LMT,63
2024-08-05,0.155151,0.226128,0.169244,0.010856,0.011741,LMT,63
2024-08-06,0.155392,0.219904,0.167671,-0.018125,0.007956,LMT,63
2024-08-07,0.151966,0.226403,0.170698,-0.016952,-0.001364,LMT,63
2024-08-08,0.158697,0.226192,0.168168,-0.042558,0.019349,LMT,63
2024-08-09,0.159025,0.220682,0.165637,-0.044112,0.012661,LMT,63
2024-08-12,0.160154,0.21854,0.165337,-0.040377,0.00815,LMT,63
2024-08-13,0.159917,0.218855,0.166264,-0.051541,0.01145,LMT,63
2024-08-14,0.160842,0.215618,0.164987,-0.063583,0.012375,LMT,63
2024-08-15,0.161219,0.2105,0.166184,-0.079273,0.013909,LMT,63
2024-08-16,0.168309,0.20986,0.163284,-0.076643,-0.002599,LMT,63
2024-08-19,0.169769,0.205996,0.160381,-0.086609,-0.002655,LMT,63
2024-08-20,0.169872,0.207399,0.161136,-0.084316,-0.004152,LMT,63
2024-08-21,0.170457,0.212108,0.15593,-0.075803,0.006525,LMT,63
2024-08-22,0.170866,0.197554,0.150835,-0.064988,0.00232,LMT,63
2024-08-23,0.171975,0.171419,0.14851,-0.063064,-0.005415,LMT,63
2024-08-26,0.172341,0.170591,0.147202,-0.064624,0.000451,LMT,63
2024-08-27,0.177621,0.168846,0.147796,-0.051735,0.003917,LMT,63
2024-08-28,0.177195,0.168072,0.145591,-0.038195,-0.003527,LMT,63
2024-08-29,0.177628,0.162617,0.140393,-0.043733,0.005222,LMT,63
2024-08-30,0.177451,0.161792,0.141745,-0.046433,0.010074,LMT,63
2024-09-03,0.177413,0.160922,0.142686,-0.006926,0.010129,LMT,63
2024-09-04,0.176506,0.16143,0.143959,0.035354,0.004131,LMT,63
2024-09-05,0.175699,0.161992,0.147117,0.028011,0.010108,LMT,63
2024-09-06,0.175788,0.163916,0.147254,0.051019,0.003517,LMT,63
2024-09-09,0.176177,0.163856,0.148799,0.051373,0.006087,LMT,63
2024-09-10,0.176902,0.16426,0.150166,0.051575,0.007722,LMT,63
2024-09-11,0.175553,0.165224,0.150971,0.040539,-0.001246,LMT,63
2024-09-12,0.176208,0.165206,0.148327,0.036377,0.011425,LMT,63
2024-09-13,0.178552,0.167511,0.149283,0.038365,0.018521,LMT,63
2024-09-16,0.178603,0.169472,0.147889,0.039976,0.006497,LMT,63
2024-09-17,0.178571,0.169452,0.14902,0.044538,0.009049,LMT,63
2024-09-18,0.178255,0.169672,0.149122,0.044142,0.005392,LMT,63
2024-09-19,0.178437,0.168592,0.145265,0.040199,0.018501,LMT,63
2024-09-20,0.178637,0.168799,0.14505,0.049839,0.010778,LMT,63
2024-09-23,0.179024,0.164955,0.145416,0.049334,-0.003203,LMT,63
2024-09-24,0.179758,0.165281,0.148024,0.04728,-0.0026,LMT,63
2024-09-25,0.179589,0.165875,0.146414,0.039971,0.012278,LMT,63
2024-09-26,0.179707,0.166319,0.145609,0.055416,0.007902,LMT,63
2024-09-27,0.179861,0.170736,0.147012,0.068366,0.011854,LMT,63
2024-09-30,0.17972,0.17121,0.147517,0.069148,0.022078,LMT,63
2024-10-01,0.170987,0.177079,0.151579,0.073862,0.005296,LMT,63
2024-10-02,0.171297,0.175262,0.149835,0.066381,-0.003615,LMT,63
2024-10-03,0.170523,0.174182,0.149088,0.083135,-0.013471,LMT,63
2024-10-04,0.171709,0.17532,0.149078,0.076421,-0.022307,LMT,63
2024-10-07,0.173666,0.177494,0.148509,0.094481,-0.024121,LMT,63
2024-10-08,0.173865,0.175272,0.147186,0.093994,-0.017888,LMT,63
2024-10-09,0.174526,0.174404,0.147368,0.085542,-0.01884,LMT,63
2024-10-10,0.176043,0.174226,0.147162,0.077919,-0.010724,LMT,63
2024-10-11,0.17716,0.173053,0.147162,0.076838,-0.013055,LMT,63
2024-10-14,0.177459,0.173145,0.147483,0.078265,-0.016332,LMT,63
2024-10-15,0.176565,0.171359,0.14833,0.071031,-0.003825,LMT,63
2024-10-16,0.177374,0.170631,0.147906,0.069154,-0.005558,LMT,63
2024-10-17,0.179393,0.170391,0.14714,0.06621,-0.005116,LMT,63
2024-10-18,0.181155,0.171003,0.145221,0.075558,-0.000703,LMT,63
2024-10-21,0.182849,0.170412,0.143708,0.092602,0.008642,LMT,63
2024-10-22,0.175115,0.165995,0.148921,0.02364,0.006017,LMT,63
2024-10-23,0.175627,0.169635,0.148669,0.013743,0.002687,LMT,63
2024-10-24,0.182157,0.165342,0.150596,0.003592,0.001735,LMT,63
2024-10-25,0.184922,0.167374,0.154626,-0.003679,0.012986,LMT,63
2024-10-28,0.186165,0.168015,0.155553,0.000361,0.009242,LMT,63
2024-10-29,0.186889,0.165298,0.155053,-0.000212,-0.000962,LMT,63
2024-10-30,0.187056,0.165976,0.154421,0.024586,0.001333,LMT,63
2024-10-31,0.186065,0.175775,0.158315,0.046893,-0.006735,LMT,63
2024-11-01,0.186555,0.184499,0.157624,0.031053,0.007497,LMT,63
2024-11-04,0.186842,0.174614,0.154938,0.039512,0.010426,LMT,63
2024-11-05,0.187367,0.16999,0.150638,0.038332,0.004681,LMT,63
2024-11-06,0.182034,0.184839,0.149608,-0.001201,-0.000109,LMT,63
2024-11-07,0.18243,0.167589,0.149873,-0.016329,0.008649,LMT,63
2024-11-08,0.182211,0.166927,0.151019,-0.017723,0.000957,LMT,63
2024-11-11,0.185216,0.168907,0.153958,-0.007309,-0.000709,LMT,63
2024-11-12,0.188468,0.187371,0.154827,-0.013388,-0.006274,LMT,63
2024-11-13,0.190246,0.187346,0.15148,-0.014351,-0.003937,LMT,63
2024-11-14,0.187881,0.191491,0.155538,-0.002827,0.015992,LMT,63
2024-11-15,0.186877,0.193779,0.161683,-0.008562,0.00129,LMT,63
2024-11-18,0.187096,0.189899,0.161706,-0.020578,0.02339,LMT,63
2024-11-19,0.188594,0.188569,0.162261,-0.017713,0.01671,LMT,63
2024-11-20,0.190013,0.194087,0.153237,0.013204,0.002796,LMT,63
2024-11-21,0.190116,0.191969,0.151426,-0.002496,0.006739,LMT,63
2024-11-22,0.190031,0.176121,0.16035,-0.012377,0.009262,LMT,63
2024-11-25,0.185316,0.176027,0.165954,-0.015599,0.015627,LMT,63
2024-11-26,0.18576,0.17557,0.163798,-0.016581,-0.00244,LMT,63
2024-11-27,0.190807,0.175518,0.163019,-0.020795,0.000485,LMT,63
2024-11-29,0.193699,0.171213,0.163079,-0.017394,0.001662,LMT,63
2024-12-02,0.195485,0.171498,0.165361,-0.010328,0.007834,LMT,63
2024-12-03,0.199489,0.170124,0.162281,-0.004202,0.00025,LMT,63
2024-12-04,0.207285,0.170812,0.164392,-0.014287,-0.007128,LMT,63
2024-12-05,0.208654,0.170391,0.164246,-0.015809,0.008392,LMT,63
2024-12-06,0.210041,0.171916,0.163511,-0.001939,0.004445,LMT,63
2024-12-09,0.209554,0.174243,0.164823,0.016642,-0.000578,LMT,63
2024-12-10,0.210075,0.172975,0.161168,0.01363,-0.001631,LMT,63
2024-12-11,0.210966,0.179104,0.159758,0.023551,0.006409,LMT,63
2024-12-12,0.208978,0.181187,0.161248,0.017326,-0.005722,LMT,63
2024-12-13,0.209729,0.183316,0.161704,0.013083,-0.001797,LMT,63
2024-12-16,0.210064,0.185334,0.161441,0.044168,0.003079,LMT,63
2024-12-17,0.236886,0.184632,0.161174,0.056988,-0.010753,LMT,63
2024-12-18,0.237845,0.189724,0.163132,0.079171,-0.003687,LMT,63
2024-12-19,0.239204,0.185957,0.161372,0.086779,0.002359,LMT,63
2024-12-20,0.239594,0.183398,0.15962,0.050785,0.00694,LMT,63
2024-12-23,0.239833,0.192847,0.173857,0.056279,-0.012604,LMT,63
2024-12-24,0.240308,0.192163,0.170115,0.047457,-0.008963,LMT,63
2024-12-26,0.241255,0.194582,0.169201,0.064455,-0.012751,LMT,63
2024-12-27,0.24135,0.195761,0.169872,0.07354,-0.010223,LMT,63
2024-12-30,0.242778,0.195458,0.168982,0.078663,-0.011727,LMT,63
2024-12-31,0.244844,0.197062,0.168196,0.088533,-0.000223,LMT,63
2025-01-02,0.24942,0.196924,0.168055,0.089677,-0.009967,LMT,63
2025-01-03,0.256648,0.195872,0.170515,0.080001,-0.004472,LMT,63
2025-01-06,0.258801,0.200139,0.170519,0.096315,-0.000293,LMT,63
2025-01-07,0.269476,0.201531,0.172854,0.102517,6.3e-05,LMT,63
2025-01-08,0.274682,0.201192,0.172719,0.092391,0.003665,LMT,63
2025-01-10,0.277941,0.202669,0.172276,0.103426,0.010741,LMT,63
2025-01-13,0.278257,0.202089,0.17455,0.103424,7.9e-05,LMT,63
2025-01-14,0.278047,0.200848,0.172816,0.085362,0.012465,LMT,63
2025-01-15,0.278453,0.197461,0.172101,0.084671,0.015706,LMT,63
2025-01-16,0.285836,0.196872,0.170477,0.084079,0.004425,LMT,63
2025-01-17,0.286824,0.196882,0.168765,0.086343,0.006101,LMT,63
2025-01-21,0.298236,0.200524,0.178532,0.07809,-0.003644,LMT,63
2025-01-22,0.299744,0.19702,0.180556,0.072186,0.002074,LMT,63
2025-01-23,0.299057,0.196752,0.177695,0.066877,0.01048,LMT,63
2025-01-24,0.299985,0.216248,0.173408,0.066098,0.010286,LMT,63
2025-01-27,0.299915,0.219934,0.17342,0.090914,0.018276,LMT,63
2025-01-28,0.295874,0.216308,0.186778,0.031408,-0.005735,LMT,63
2025-01-29,0.294316,0.208427,0.188863,-0.00693,-0.003548,LMT,63
2025-01-30,0.293821,0.206799,0.190361,-0.007395,0.009828,LMT,63
2025-01-31,0.299652,0.20963,0.188222,-0.012247,0.008138,LMT,63
2025-02-03,0.29916,0.219659,0.20112,0.002097,-0.000636,LMT,63
2025-02-04,0.299761,0.204993,0.193255,0.006093,-0.00466,LMT,63
2025-02-05,0.300094,0.19879,0.192976,-0.005095,-0.00168,LMT,63
2025-02-06,0.299935,0.198561,0.194896,-0.005531,-0.002802,LMT,63
2025-02-07,0.30039,0.199033,0.19535,0.018178,0.010043,LMT,63
2025-02-10,0.300875,0.200763,0.191671,0.015767,0.002052,LMT,63
2025-02-11,0.30101,0.206787,0.199129,0.014375,0.003932,LMT,63
2025-02-12,0.303114,0.207827,0.200026,0.023061,0.021802,LMT,63
2025-02-13,0.302109,0.21361,0.200672,0.031935,0.000278,LMT,63
2025-02-14,0.299729,0.214589,0.200818,0.032,0.012228,LMT,63
2025-02-18,0.29864,0.219361,0.206289,0.027509,0.019719,LMT,63
2025-02-19,0.296244,0.220088,0.209852,0.024565,0.001426,LMT,63
2025-02-20,0.295998,0.220987,0.214343,0.026353,0.004117,LMT,63
2025-02-21,0.295587,0.212986,0.212233,0.0352,-0.000473,LMT,63
2025-02-24,0.294224,0.2439,0.219469,0.026528,0.004603,LMT,63
2025-02-25,0.293471,0.232176,0.210489,0.02828,0.000304,LMT,63
2025-02-26,0.293259,0.223382,0.204654,0.018741,0.004859,LMT,63
2025-02-27,0.29388,0.229461,0.210056,0.040915,0.008128,LMT,63
2025-02-28,0.294511,0.223124,0.20047,0.036896,-0.011895,LMT,63
2025-03-03,0.294487,0.222177,0.193952,0.050881,0.007378,LMT,63
2025-03-04,0.291012,0.21835,0.205625,0.054808,0.016762,LMT,63
2025-03-05,0.289219,0.217345,0.205543,0.033354,0.004947,LMT,63
2025-03-06,0.289783,0.211985,0.205233,0.031918,0.006428,LMT,63
2025-03-07,0.286984,0.225869,0.207334,0.020356,0.00714,LMT,63
2025-03-10,0.281423,0.223677,0.210762,0.022234,0.001801,LMT,63
2025-03-11,0.280284,0.229524,0.208888,0.025872,0.014081,LMT,63
2025-03-12,0.285166,0.230424,0.213132,0.008916,0.012282,LMT,63
2025-03-13,0.28559,0.224138,0.208903,0.010759,-0.003388,LMT,63
2025-03-14,0.287517,0.217053,0.20528,0.000845,-0.001049,LMT,63
2025-03-17,0.28875,0.211262,0.212776,-0.005035,0.012374,LMT,63
2025-03-18,0.290329,0.208646,0.215233,0.013436,0.000945,LMT,63
2025-03-19,0.291117,0.206591,0.21351,0.005968,0.001992,LMT,63
2025-03-20,0.293377,0.203233,0.214507,0.009011,0.013653,LMT,63
2025-03-21,0.27489,0.230075,0.214735,-0.036001,0.009981,LMT,63
2025-03-24,0.274925,0.253772,0.232105,-0.041917,0.019434,LMT,63
2025-03-25,0.273794,0.256794,0.23409,-0.036416,0.010436,LMT,63
2025-03-26,0.273503,0.256977,0.234028,-0.03438,0.004362,LMT,63
2025-03-27,0.273474,0.257253,0.243097,-0.026362,0.008705,LMT,63
2025-03-28,0.273191,0.24926,0.237119,-0.022846,0.000138,LMT,63
2025-03-31,0.273008,0.251786,0.242639,-0.010586,0.00458,LMT,63
2025-04-01,0.273204,0.243705,0.230387,-0.019854,0.00551,LMT,63
2025-04-02,0.271983,0.241431,0.231851,-0.014199,0.006299,LMT,63
2025-04-03,0.270995,0.239686,0.224456,0.001473,-0.000362,LMT,63
2025-04-04,0.266464,0.249466,0.227488,0.074553,0.041843,LMT,63
2025-04-07,0.259889,0.253379,0.228519,0.081244,0.046975,LMT,63
2025-04-08,0.258012,0.256473,0.230252,0.106889,0.090031,LMT,63
2025-04-09,0.245511,0.246978,0.229877,0.001057,0.049696,LMT,63
2025-04-10,0.239545,0.253496,0.227522,0.016517,0.041792,LMT,63
2025-04-11,0.235507,0.249772,0.213984,-0.011652,0.03539,LMT,63
2025-04-14,0.233926,0.247511,0.219817,-0.033243,0.049465,LMT,63
2025-04-15,0.234052,0.24386,0.217105,-0.044748,0.052478,LMT,63
2025-04-16,0.234417,0.241448,0.222377,-0.026117,0.038185,LMT,63
2025-04-17,0.225847,0.246372,0.228484,-0.04922,0.044442,LMT,63
2025-04-21,0.238785,0.249702,0.218377,-0.017517,0.0376,LMT,63
2025-04-22,0.225518,0.24163,0.227519,-0.073795,0.018477,LMT,63
2025-04-23,0.222938,0.241747,0.223445,-0.096243,0.009492,LMT,63
2025-04-24,0.223094,0.238902,0.228313,-0.100813,0.015958,LMT,63
2025-04-25,0.222835,0.235098,0.214155,-0.114089,0.008498,LMT,63
2025-04-28,0.222082,0.234105,0.215219,-0.10346,0.005902,LMT,63
2025-04-29,0.222151,0.214031,0.209059,-0.11818,0.007878,LMT,63
2025-04-30,0.22334,0.213307,0.214265,-0.119793,0.010911,LMT,63
2025-05-01,0.223787,0.21741,0.21221,-0.110028,-0.014208,LMT,63
2025-05-02,0.21551,0.222372,0.211455,-0.132712,0.008961,LMT,63
2025-05-05,0.216299,0.216086,0.210185,-0.120872,0.017164,LMT,63
2025-05-06,0.216106,0.208953,0.210862,-0.098983,0.007718,LMT,63
2025-05-07,0.216108,0.207136,0.205731,-0.08882,0.000853,LMT,63
2025-05-08,0.216819,0.206622,0.200192,-0.08054,0.00126,LMT,63
2025-05-09,0.215699,0.20807,0.201748,-0.068139,0.010639,LMT,63
2025-05-12,0.21412,0.203738,0.200148,-0.060882,0.015194,LMT,63
2025-05-13,0.21452,0.20685,0.216872,-0.042403,0.010178,LMT,63
2025-05-14,0.212468,0.209742,0.218809,-0.05025,0.010611,LMT,63
2025-05-15,0.211323,0.211284,0.219727,-0.062616,0.010115,LMT,63
2025-05-16,0.211182,0.207828,0.214247,-0.06504,0.016522,LMT,63
2025-05-19,0.211271,0.207379,0.215757,-0.043211,0.010818,LMT,63
2025-05-20,0.211321,0.203237,0.207554,-0.03038,0.010063,LMT,63
2025-05-21,0.210896,0.206073,0.209985,0.027018,0.014804,LMT,63
2025-05-22,0.21137,0.20569,0.201836,0.029815,0.012636,LMT,63
2025-05-23,0.211348,0.206799,0.20452,0.043593,0.013806,LMT,63
2025-05-27,0.212121,0.206523,0.199941,0.03453,0.016218,LMT,63
2025-05-28,0.211539,0.205208,0.199317,0.034798,0.011623,LMT,63
2025-05-29,0.211042,0.203456,0.203717,0.030566,0.008212,LMT,63
2025-05-30,0.210092,0.203515,0.202783,0.030379,0.002618,LMT,63
2025-06-02,0.210936,0.203699,0.202907,0.028263,0.00978,LMT,63
2025-06-03,0.211113,0.20482,0.197692,0.059405,0.007153,LMT,63
2025-06-04,0.211314,0.201637,0.195211,0.057739,0.011273,LMT,63
2025-06-05,0.208516,0.201356,0.196829,0.045928,0.020616,LMT,63
2025-06-06,0.210339,0.2045,0.19679,0.051986,0.00694,LMT,63
2025-06-09,0.21022,0.202583,0.197046,0.061408,0.006747,LMT,63
2025-06-10,0.210296,0.201786,0.197321,0.06302,0.009549,LMT,63
2025-06-11,0.202322,0.211136,0.201518,0.068184,-0.005425,LMT,63
2025-06-12,0.201757,0.208929,0.20139,0.054177,-0.000519,LMT,63
2025-06-13,0.198431,0.218049,0.208657,0.09682,-0.006067,LMT,63
2025-06-16,0.19584,0.228961,0.212638,0.076095,-0.013364,LMT,63
2025-06-17,0.193017,0.231812,0.21768,0.088897,-0.004485,LMT,63
2025-06-18,0.190807,0.223419,0.222778,0.073159,-0.003322,LMT,63
2025-06-20,0.187349,0.223046,0.226631,0.055666,-0.004061,LMT,63
2025-06-23,0.183898,0.213776,0.226283,0.041428,0.001849,LMT,63
2025-06-24,0.182651,0.211363,0.227126,0.0303,0.000437,LMT,63
2025-06-25,0.183656,0.21004,0.22688,0.026237,0.001897,LMT,63
2025-06-26,0.182811,0.210042,0.226563,0.020847,0.000198,LMT,63
2025-06-27,0.182289,0.210055,0.224372,0.020439,-0.001356,LMT,63
2025-06-30,0.183355,0.209839,0.225205,0.036303,-0.006143,LMT,63
2025-07-01,0.182217,0.209582,0.226822,0.030626,0.001817,LMT,63
2025-07-02,0.18235,0.211741,0.223191,0.03825,-0.003236,LMT,63
2025-07-03,0.182838,0.209314,0.221045,0.032361,0.002974,LMT,63
2025-07-07,0.18192,0.212211,0.220441,0.037425,-0.000484,LMT,63
2025-07-08,0.181725,0.210558,0.220612,0.044655,-0.004145,LMT,63
2025-07-09,0.181796,0.211566,0.219326,0.049923,0.002365,LMT,63
2025-07-10,0.180033,0.211156,0.218818,0.042814,-0.002333,LMT,63
2025-07-11,0.181282,0.208683,0.219781,0.039556,-0.004015,LMT,63
2025-07-14,0.183712,0.211062,0.218506,0.072042,0.004524,LMT,63
2025-07-15,0.184323,0.214744,0.218428,0.0784,-0.00984,LMT,63
2025-07-16,0.184557,0.211554,0.219202,0.080737,-0.001674,LMT,63
2025-07-17,0.19157,0.210194,0.209858,0.089543,-0.005147,LMT,63
2025-07-18,0.190475,0.205235,0.198092,0.084526,0.007699,LMT,63
2025-07-21,0.190888,0.20607,0.183259,0.104721,-0.025328,LMT,63
2025-07-22,0.17192,0.229649,0.21496,0.024654,-0.04128,LMT,63
2025-07-23,0.180126,0.230684,0.22012,0.002177,-0.034936,LMT,63
2025-07-24,0.180656,0.238313,0.224516,-0.000319,-0.03805,LMT,63
2025-07-25,0.180344,0.233379,0.198572,-0.013972,-0.038835,LMT,63
2025-07-28,0.179996,0.233961,0.198572,-0.012889,-0.030393,LMT,63
2025-07-29,0.180083,0.231922,0.20108,-0.009285,-0.045927,LMT,63
2025-07-30,0.179907,0.226797,0.200337,-0.009712,-0.038436,LMT,63
2025-07-31,0.177671,0.221639,0.201678,-0.008384,-0.037055,LMT,63
2025-08-01,0.1777,0.221736,0.200294,0.002007,-0.027297,LMT,63
2025-08-04,0.178231,0.218559,0.198315,-0.012141,-0.029944,LMT,63
2025-08-05,0.177631,0.218022,0.19423,-0.016229,-0.023815,LMT,63
2025-08-06,0.177725,0.219486,0.197459,-0.027007,-0.030538,LMT,63
2025-08-07,0.178424,0.220483,0.197935,-0.02342,-0.018395,LMT,63
2025-08-08,0.1776,0.221304,0.197142,-0.026688,-0.028,LMT,63
2025-08-11,0.179494,0.222223,0.197886,-0.017276,-0.020522,LMT,63
2025-08-12,0.180618,0.219081,0.197674,-0.025726,-0.025854,LMT,63
2025-08-13,0.181187,0.219228,0.195933,-0.029395,-0.022804,LMT,63
2025-08-14,0.179394,0.219769,0.196195,-0.013196,-0.026434,LMT,63
2025-08-15,0.179483,0.195697,0.182246,-0.019255,-0.024293,LMT,63
2025-08-18,0.180899,0.195382,0.182571,-0.024812,-3.7e-05,LMT,63
2025-08-19,0.180903,0.194868,0.184474,-0.029738,-0.0149,LMT,63
2025-08-20,0.184859,0.198134,0.169241,0.021956,-0.020355,LMT,63
2025-08-21,0.184907,0.197569,0.168912,0.032803,-0.009903,LMT,63
2025-08-22,0.186757,0.19601,0.164732,0.017051,-0.011336,LMT,63
2025-08-25,0.187448,0.196834,0.170554,0.032699,-0.004333,LMT,63
2025-08-26,0.187428,0.199349,0.17493,0.045628,-0.013403,LMT,63
2025-08-27,0.187547,0.19796,0.174001,0.036745,-0.00973,LMT,63
2025-08-28,0.187114,0.197641,0.173322,0.042599,-0.020396,LMT,63
2025-08-29,0.187035,0.195309,0.174263,0.039885,-0.013045,LMT,63
2025-09-02,0.187712,0.199278,0.176425,0.038973,-0.013045,LMT,63
2025-09-03,0.187867,0.194822,0.174644,0.038832,-0.013045,LMT,63
2025-09-04,0.189191,0.194707,0.175018,0.040979,-0.013045,LMT,63
2025-09-05,0.189317,0.194775,0.173747,0.044136,-0.013045,LMT,63
2025-09-08,0.187666,0.194835,0.175568,0.040394,-0.013045,LMT,63
2025-09-09,0.189175,0.194584,0.175715,,,LMT,63
2025-09-10,0.189887,0.195018,0.174641,,,LMT,63
2025-09-11,0.19563,0.195747,0.175811,,,LMT,63
2025-09-12,0.196585,0.194401,0.173161,,,LMT,63
2025-09-15,0.197901,0.191814,0.168547,,,LMT,63
2025-09-16,0.197627,0.191232,0.165651,,,LMT,63
2025-09-17,0.197887,0.191063,0.165482,,,LMT,63
2025-09-18,0.201693,0.190859,0.160425,,,LMT,63
2025-09-19,0.202086,0.192412,0.160165,,,LMT,63
2025-09-22,0.202641,0.193937,0.160776,,,LMT,63
2025-09-23,0.202948,0.195612,0.161617,,,LMT,63
2025-09-24,0.201308,0.19555,0.160459,,,LMT,63
2025-09-25,0.201754,0.196624,0.16108,,,LMT,63
2025-09-26,0.201614,0.19521,0.161074,,,LMT,63
2025-09-29,0.200443,0.195374,0.160343,,,LMT,63
2025-09-30,0.199841,0.195291,0.160956,,,LMT,63
2025-10-01,0.198653,0.19362,0.160583,,,LMT,63
2025-10-02,0.20366,0.192543,0.160988,,,LMT,63
2025-10-03,0.205206,0.195556,0.153545,,,LMT,63
2025-10-06,0.212341,0.19694,0.155217,,,LMT,63
2025-10-07,0.223635,0.199161,0.155352,,,LMT,63
2025-10-08,0.235025,0.198144,0.153945,,,LMT,63
2025-10-09,0.236069,0.201493,0.15673,,,LMT,63
2025-10-10,0.236207,0.206748,0.158214,,,LMT,63
2025-10-13,0.237399,0.203942,0.160062,,,LMT,63
2025-10-14,0.240289,0.20478,0.159513,,,LMT,63
2025-10-15,0.23821,0.208905,0.164673,,,LMT,63
2025-10-16,0.237679,0.209966,0.164455,,,LMT,63
2025-10-17,0.238804,0.209219,0.163987,,,LMT,63
2025-10-20,0.239527,0.19574,0.153716,,,LMT,63
2025-10-21,0.231758,0.196838,0.1688,,,LMT,63
2025-10-22,0.231401,0.196315,0.170589,,,LMT,63
2025-10-23,0.232498,0.195459,0.169696,,,LMT,63
2025-10-24,0.235691,0.195502,0.169725,,,LMT,63
2025-10-27,0.237844,0.197908,0.17102,,,LMT,63
2025-10-28,0.250945,0.195705,0.168435,,,LMT,63
2025-10-29,0.255744,0.196568,0.165321,,,LMT,63
2014-01-06,0.170099,0.166452,0.164425,0.066479,0.03123,LMT,126
2014-01-07,0.169877,0.166747,0.164316,0.054308,0.030178,LMT,126
2014-01-08,0.170204,0.166489,0.164263,0.054324,0.032081,LMT,126
2014-01-09,0.170154,0.166446,0.165127,0.052836,0.030503,LMT,126
2014-01-10,0.169724,0.166468,0.165255,0.046241,0.028285,LMT,126
2014-01-13,0.168995,0.166497,0.167765,0.046836,0.025287,LMT,126
2014-01-14,0.168423,0.166196,0.166412,0.051818,0.011554,LMT,126
2014-01-15,0.168299,0.165302,0.167094,0.025659,0.029291,LMT,126
2014-01-16,0.168429,0.165234,0.167784,0.032759,0.029978,LMT,126
2014-01-17,0.168916,0.165229,0.1671,0.026063,0.03064,LMT,126
2014-01-21,0.168582,0.164848,0.167302,0.033927,0.033987,LMT,126
2014-01-22,0.168291,0.164899,0.165828,0.047551,0.019053,LMT,126
2014-01-23,0.164645,0.164555,0.162771,0.001776,0.025903,LMT,126
2014-01-24,0.163214,0.164476,0.160558,0.016366,0.030832,LMT,126
2014-01-27,0.161656,0.164086,0.15989,0.010728,0.027113,LMT,126
2014-01-28,0.161359,0.164073,0.159718,-0.006932,0.025756,LMT,126
2014-01-29,0.161613,0.163975,0.160368,0.004472,0.034756,LMT,126
2014-01-30,0.160842,0.164063,0.158567,-0.006108,0.024066,LMT,126
2014-01-31,0.157999,0.163991,0.160112,-0.016286,0.026257,LMT,126
2014-02-03,0.156111,0.163676,0.148314,-0.002617,0.03797,LMT,126
2014-02-04,0.154096,0.160658,0.147542,-0.026544,0.036038,LMT,126
2014-02-05,0.152408,0.16298,0.158147,-0.034008,0.037598,LMT,126
2014-02-06,0.151813,0.162977,0.158356,-0.033003,0.024801,LMT,126
2014-02-07,0.150398,0.162995,0.152752,-0.055243,0.027716,LMT,126
2014-02-10,0.15002,0.162936,0.15876,-0.056924,0.034693,LMT,126
2014-02-11,0.14904,0.163184,0.157394,-0.064605,0.024076,LMT,126
2014-02-12,0.149214,0.163247,0.16122,-0.066018,0.021364,LMT,126
2014-02-13,0.147514,0.163298,0.156083,-0.070777,0.028417,LMT,126
2014-02-14,0.147186,0.164501,0.154153,-0.062358,0.012974,LMT,126
2014-02-18,0.146907,0.164512,0.153942,-0.067215,0.02498,LMT,126
2014-02-19,0.146116,0.164497,0.155009,-0.065248,0.022695,LMT,126
2014-02-20,0.145547,0.164526,0.156386,-0.065275,0.015052,LMT,126
2014-02-21,0.145235,0.164514,0.157048,-0.07365,0.018907,LMT,126
2014-02-24,0.143977,0.164521,0.15635,-0.054295,0.018454,LMT,126
2014-02-25,0.142703,0.164592,0.153686,-0.054093,0.025782,LMT,126
2014-02-26,0.141703,0.164684,0.153578,-0.041134,0.018715,LMT,126
2014-02-27,0.14132,0.164597,0.148164,-0.025435,-0.00292,LMT,126
2014-02-28,0.141001,0.164675,0.154129,-0.050431,0.026076,LMT,126
2014-03-03,0.1401,0.16392,0.142653,-0.036705,0.027313,LMT,126
2014-03-04,0.14025,0.163288,0.154005,-0.033565,0.026012,LMT,126
2014-03-05,0.140309,0.152597,0.14107,-0.019091,0.019099,LMT,126
2014-03-06,0.140433,0.154283,0.146895,-0.013385,0.024975,LMT,126
2014-03-07,0.140492,0.154137,0.152103,-0.007747,0.025775,LMT,126
2014-03-10,0.140334,0.154277,0.15355,0.005089,0.02289,LMT,126
2014-03-11,0.140294,0.154256,0.150223,0.014958,0.01975,LMT,126
2014-03-12,0.139962,0.15425,0.148432,0.008347,0.028679,LMT,126
2014-03-13,0.139388,0.153823,0.144364,0.022136,0.026996,LMT,126
2014-03-14,0.138769,0.153815,0.144349,0.022875,0.023564,LMT,126
2014-03-17,0.138761,0.154062,0.145814,0.023051,0.027231,LMT,126
2014-03-18,0.139236,0.154158,0.145833,0.026992,0.020695,LMT,126
2014-03-19,0.138109,0.15465,0.148184,0.040952,0.010551,LMT,126
2014-03-20,0.13714,0.154598,0.148097,0.018123,0.029048,LMT,126
2014-03-21,0.136423,0.154631,0.147533,0.072807,-0.028513,LMT,126
2014-03-24,0.136026,0.154594,0.145905,0.02381,0.010056,LMT,126
2014-03-25,0.13612,0.154603,0.145574,0.017905,0.026492,LMT,126
2014-03-26,0.135586,0.154588,0.143978,0.027889,0.013941,LMT,126
2014-03-27,0.135742,0.154547,0.142469,0.030376,0.021939,LMT,126
2014-03-28,0.136309,0.154607,0.143184,0.029383,0.02905,LMT,126
2014-03-31,0.13667,0.154634,0.147057,0.036293,0.021802,LMT,126
2014-04-01,0.136739,0.154612,0.148323,0.03732,0.025713,LMT,126
2014-04-02,0.137151,0.143478,0.144242,0.0332,0.027366,LMT,126
2014-04-03,0.137616,0.143331,0.14684,0.042827,0.016955,LMT,126
2014-04-04,0.137065,0.144079,0.139369,0.045264,0.024043,LMT,126
2014-04-07,0.13636,0.144147,0.14047,0.052574,0.026544,LMT,126
2014-04-08,0.135518,0.143907,0.138776,0.066562,0.013546,LMT,126
2014-04-09,0.136061,0.143865,0.138293,0.038431,0.036469,LMT,126
2014-04-10,0.135592,0.144132,0.13711,0.057266,0.021708,LMT,126
2014-04-11,0.136353,0.144151,0.137817,0.057512,0.028898,LMT,126
2014-04-14,0.136689,0.144422,0.136485,0.05434,0.032323,LMT,126
2014-04-15,0.137279,0.144489,0.137472,0.057907,0.025885,LMT,126
2014-04-16,0.140277,0.144511,0.13727,0.02803,0.037921,LMT,126
2014-04-17,0.141938,0.144683,0.137185,0.038355,0.019486,LMT,126
2014-04-21,0.14157,0.144336,0.135724,0.040796,0.027101,LMT,126
2014-04-22,0.139028,0.145474,0.137107,0.006342,0.031519,LMT,126
2014-04-23,0.142262,0.145537,0.137834,0.00209,0.01195,LMT,126
2014-04-24,0.144987,0.145336,0.137166,-0.014952,0.029865,LMT,126
2014-04-25,0.145152,0.145384,0.136564,0.004446,0.015348,LMT,126
2014-04-28,0.144911,0.14541,0.13744,-0.003527,0.019333,LMT,126
2014-04-29,0.145076,0.145433,0.137183,-0.013387,0.025918,LMT,126
2014-04-30,0.145006,0.145524,0.136034,-0.023812,0.0266,LMT,126
2014-05-01,0.1446,0.145817,0.138372,-0.024717,0.029521,LMT,126
2014-05-02,0.14584,0.146455,0.138448,-0.025621,0.030509,LMT,126
2014-05-05,0.145681,0.146496,0.139931,-0.017113,0.012211,LMT,126
2014-05-06,0.146259,0.144651,0.137727,-0.021741,0.024377,LMT,126
2014-05-07,0.146456,0.144385,0.136281,-0.01327,0.016251,LMT,126
2014-05-08,0.147206,0.142562,0.135715,-0.024341,0.029076,LMT,126
2014-05-09,0.147073,0.143373,0.135778,-0.020235,0.027393,LMT,126
2014-05-12,0.14802,0.143346,0.135286,-0.006371,0.00647,LMT,126
2014-05-13,0.147935,0.1444,0.135012,-0.021811,0.023588,LMT,126
2014-05-14,0.147701,0.143624,0.134185,-0.022649,0.028913,LMT,126
2014-05-15,0.147188,0.146875,0.134179,-0.015074,0.027495,LMT,126
2014-05-16,0.147163,0.146808,0.133695,-0.010908,0.02569,LMT,126
2014-05-19,0.14714,0.148051,0.133147,-0.006479,0.025123,LMT,126
2014-05-20,0.146838,0.147997,0.133807,-0.011195,0.02598,LMT,126
2014-05-21,0.147309,0.147252,0.133311,0.000263,0.022909,LMT,126
2014-05-22,0.14733,0.147802,0.134864,0.016095,0.025399,LMT,126
2014-05-23,0.147348,0.147842,0.134647,0.019928,0.020216,LMT,126
2014-05-27,0.147275,0.147727,0.133806,0.037774,0.014623,LMT,126
2014-05-28,0.146628,0.147554,0.134151,0.027346,0.027629,LMT,126
2014-05-29,0.146223,0.147893,0.133676,0.042511,-0.014268,LMT,126
2014-05-30,0.146311,0.145795,0.139025,0.024723,0.01105,LMT,126
2014-06-02,0.146842,0.146885,0.139646,0.030115,0.019353,LMT,126
2014-06-03,0.146956,0.147196,0.140921,0.028266,0.020548,LMT,126
2014-06-04,0.147133,0.147049,0.133317,0.03369,0.020024,LMT,126
2014-06-05,0.147035,0.147074,0.133495,0.040232,0.016745,LMT,126
2014-06-06,0.147275,0.146988,0.133015,0.030913,0.023399,LMT,126
2014-06-09,0.146613,0.14854,0.133499,0.04186,0.006235,LMT,126
2014-06-10,0.146579,0.148563,0.133269,0.029759,0.026567,LMT,126
2014-06-11,0.146161,0.148661,0.140073,0.031861,0.021979,LMT,126
2014-06-12,0.146275,0.146259,0.140485,0.033197,0.025896,LMT,126
2014-06-13,0.146426,0.147258,0.140693,0.029594,0.026489,LMT,126
2014-06-16,0.146737,0.147079,0.139752,0.043616,0.017881,LMT,126
2014-06-17,0.147846,0.146011,0.140621,0.036328,0.022328,LMT,126
2014-06-18,0.149029,0.147846,0.139882,0.040089,0.011164,LMT,126
2014-06-19,0.149589,0.150377,0.140503,0.037701,0.010691,LMT,126
2014-06-20,0.151193,0.150177,0.14027,0.021942,0.028488,LMT,126
2014-06-23,0.15141,0.1502,0.140844,0.028049,0.017973,LMT,126
2014-06-24,0.151427,0.150536,0.140496,0.030998,0.013198,LMT,126
2014-06-25,0.151419,0.150197,0.13979,0.034679,0.013568,LMT,126
2014-06-26,0.151175,0.150152,0.139421,0.041718,0.021072,LMT,126
2014-06-27,0.151176,0.149485,0.142245,0.040406,0.016202,LMT,126
2014-06-30,0.15112,0.149455,0.141919,0.040117,0.027321,LMT,126
2014-07-01,0.150017,0.149441,0.142272,0.043243,0.02114,LMT,126
2014-07-02,0.150078,0.149625,0.14261,0.039595,0.026566,LMT,126
2014-07-03,0.150826,0.149632,0.142395,0.03722,0.024171,LMT,126
2014-07-07,0.152612,0.149616,0.141547,0.040441,0.024175,LMT,126
2014-07-08,0.153976,0.149974,0.141114,0.046207,0.02335,LMT,126
2014-07-09,0.153893,0.150066,0.1412,0.04354,0.029482,LMT,126
2014-07-10,0.155127,0.150019,0.141039,0.050216,0.021239,LMT,126
2014-07-11,0.155099,0.150019,0.139845,0.057577,0.010227,LMT,126
2014-07-14,0.155398,0.150003,0.140098,0.057627,0.02408,LMT,126
2014-07-15,0.157546,0.150021,0.139977,0.058273,0.016024,LMT,126
2014-07-16,0.157646,0.15005,0.139922,0.047756,0.023098,LMT,126
2014-07-17,0.157301,0.149961,0.138903,0.0579,0.021228,LMT,126
2014-07-18,0.157261,0.149969,0.139219,0.04126,0.024772,LMT,126
2014-07-21,0.157883,0.14977,0.139336,0.05082,0.015598,LMT,126
2014-07-22,0.157806,0.149884,0.138587,0.006326,0.018059,LMT,126
2014-07-23,0.158176,0.149904,0.137654,0.003724,0.013832,LMT,126
2014-07-24,0.158049,0.150063,0.138942,0.016009,0.009307,LMT,126
2014-07-25,0.159081,0.149911,0.138486,0.001215,0.025173,LMT,126
2014-07-28,0.158975,0.154393,0.141317,0.022617,0.011252,LMT,126
2014-07-29,0.161277,0.154393,0.140942,0.017294,0.012894,LMT,126
2014-07-30,0.16244,0.154432,0.144511,0.011584,0.021087,LMT,126
2014-07-31,0.162738,0.154548,0.145595,0.041831,0.021283,LMT,126
2014-08-01,0.163189,0.154552,0.143041,0.043194,0.033093,LMT,126
2014-08-04,0.16342,0.154569,0.142953,0.03834,0.030469,LMT,126
2014-08-05,0.163394,0.154678,0.142407,0.04608,0.029483,LMT,126
2014-08-06,0.163535,0.155563,0.142577,0.050666,0.035139,LMT,126
2014-08-07,0.164449,0.156293,0.140795,0.049036,0.03829,LMT,126
2014-08-08,0.164319,0.157814,0.140914,0.055323,0.021022,LMT,126
2014-08-11,0.164599,0.158254,0.140909,0.041222,0.03346,LMT,126
2014-08-12,0.164514,0.158404,0.140868,0.034882,0.034902,LMT,126
2014-08-13,0.164324,0.158557,0.140866,0.023844,0.028316,LMT,126
2014-08-14,0.164505,0.159135,0.140536,0.010261,0.027695,LMT,126
2014-08-15,0.164291,0.159622,0.141114,0.017579,0.019202,LMT,126
2014-08-18,0.164136,0.160014,0.140865,0.004583,0.029498,LMT,126
2014-08-19,0.164511,0.160116,0.140999,0.005654,0.024743,LMT,126
2014-08-20,0.164633,0.16003,0.140904,0.00689,0.011285,LMT,126
2014-08-21,0.164764,0.160023,0.141442,0.008553,0.009302,LMT,126
2014-08-22,0.16472,0.159403,0.141256,0.001829,0.014324,LMT,126
2014-08-25,0.164708,0.159454,0.147051,0.006459,0.024058,LMT,126
2014-08-26,0.165228,0.159362,0.146653,0.013384,0.018341,LMT,126
2014-08-27,0.165336,0.159389,0.147114,0.012754,0.023905,LMT,126
2014-08-28,0.165474,0.159562,0.143156,0.026985,0.012027,LMT,126
2014-08-29,0.165656,0.159661,0.142078,0.020538,0.01717,LMT,126
2014-09-02,0.165392,0.159681,0.146178,0.034651,0.022908,LMT,126
2014-09-03,0.165085,0.15971,0.146572,0.032064,0.024018,LMT,126
2014-09-04,0.165111,0.159266,0.14604,0.033071,0.026958,LMT,126
2014-09-05,0.165246,0.159457,0.146509,0.031438,0.030423,LMT,126
2014-09-08,0.16528,0.158987,0.146133,0.039737,0.02081,LMT,126
2014-09-09,0.165231,0.158733,0.146304,0.040283,0.020979,LMT,126
2014-09-10,0.165132,0.158642,0.147099,0.042511,0.02,LMT,126
2014-09-11,0.165851,0.158662,0.147122,0.03919,0.026354,LMT,126
2014-09-12,0.166141,0.158723,0.147727,0.043447,0.029182,LMT,126
2014-09-15,0.166157,0.158599,0.147644,0.057026,0.022344,LMT,126
2014-09-16,0.167423,0.158159,0.145505,0.051639,0.021634,LMT,126
2014-09-17,0.167433,0.159337,0.145544,0.03529,0.022988,LMT,126
2014-09-18,0.167626,0.15925,0.146702,0.038223,0.016274,LMT,126
2014-09-19,0.16773,0.159268,0.146411,0.032771,0.022464,LMT,126
2014-09-22,0.168195,0.159232,0.143429,0.033617,0.019099,LMT,126
2014-09-23,0.168432,0.160662,0.154218,0.05252,0.019342,LMT,126
2014-09-24,0.169547,0.16075,0.155281,0.058445,-0.012139,LMT,126
2014-09-25,0.169348,0.16052,0.154367,0.054678,0.013839,LMT,126
2014-09-26,0.169073,0.160604,0.1485,0.037482,0.028929,LMT,126
2014-09-29,0.168773,0.160519,0.145605,0.045483,0.031522,LMT,126
2014-09-30,0.16968,0.16051,0.148383,0.046463,0.021216,LMT,126
2014-10-01,0.169151,0.160948,0.145157,0.063514,0.02537,LMT,126
2014-10-02,0.169393,0.160951,0.145054,0.063621,0.028567,LMT,126
2014-10-03,0.169352,0.161035,0.145269,0.047614,0.031267,LMT,126
2014-10-06,0.16939,0.160992,0.144897,0.057157,0.031419,LMT,126
2014-10-07,0.169162,0.157429,0.142752,0.0714,0.03043,LMT,126
2014-10-08,0.167912,0.158275,0.143294,0.071049,0.017516,LMT,126
2014-10-09,0.168144,0.157696,0.141365,0.069474,0.034453,LMT,126
2014-10-10,0.16737,0.160421,0.144444,0.070658,0.032729,LMT,126
2014-10-13,0.166522,0.160417,0.143038,0.083758,0.039503,LMT,126
2014-10-14,0.16536,0.160321,0.143521,0.068768,0.046337,LMT,126
2014-10-15,0.162532,0.15997,0.141596,0.074372,0.051133,LMT,126
2014-10-16,0.161271,0.160231,0.142291,0.056585,0.056614,LMT,126
2014-10-17,0.161537,0.159808,0.142716,0.044159,0.042478,LMT,126
2014-10-20,0.161559,0.160019,0.14183,0.036937,0.046976,LMT,126
2014-10-21,0.156491,0.154779,0.143827,-0.021252,0.049807,LMT,126
2014-10-22,0.153414,0.154727,0.144574,-0.035857,0.045932,LMT,126
2014-10-23,0.152916,0.154905,0.144665,-0.051822,0.035748,LMT,126
2014-10-24,0.153005,0.155116,0.144647,-0.028099,0.013385,LMT,126
2014-10-27,0.153138,0.155107,0.144525,-0.042604,0.031553,LMT,126
2014-10-28,0.154245,0.154951,0.144753,-0.05802,0.035112,LMT,126
2014-10-29,0.154092,0.155116,0.145912,-0.054538,0.026505,LMT,126
2014-10-30,0.152996,0.154938,0.144978,-0.06133,0.036634,LMT,126
2014-10-31,0.153043,0.155156,0.147,-0.054265,0.02674,LMT,126
2014-11-03,0.152807,0.155135,0.147298,-0.052953,0.02563,LMT,126
2014-11-04,0.152639,0.15486,0.145642,-0.053584,0.03188,LMT,126
2014-11-05,0.151766,0.155126,0.146638,-0.058132,0.033763,LMT,126
2014-11-06,0.151804,0.155123,0.147105,-0.056452,0.032357,LMT,126
2014-11-07,0.151211,0.155119,0.142691,-0.056053,0.031522,LMT,126
2014-11-10,0.151145,0.155124,0.146293,-0.050085,0.025741,LMT,126
2014-11-11,0.151049,0.154752,0.146716,-0.056334,0.030408,LMT,126
2014-11-12,0.151073,0.154745,0.147437,-0.048166,0.025993,LMT,126
2014-11-13,0.150812,0.15454,0.147077,-0.039485,0.027261,LMT,126
2014-11-14,0.150703,0.154513,0.145408,-0.032159,0.027386,LMT,126
2014-11-17,0.150645,0.154652,0.147422,-0.028655,0.023016,LMT,126
2014-11-18,0.150209,0.152688,0.149257,-0.026904,0.019222,LMT,126
2014-11-19,0.150152,0.152445,0.150661,-0.003888,0.027614,LMT,126
2014-11-20,0.150164,0.152442,0.150277,0.018093,0.01936,LMT,126
2014-11-21,0.150213,0.152456,0.149018,0.012236,0.021907,LMT,126
2014-11-24,0.15036,0.152488,0.149367,0.014141,0.016038,LMT,126
2014-11-25,0.150514,0.152719,0.146416,0.015997,0.016034,LMT,126
2014-11-26,0.151361,0.152517,0.145462,0.017742,0.011502,LMT,126
2014-11-28,0.151026,0.152497,0.144937,0.01709,0.023629,LMT,126
2014-12-01,0.150912,0.152559,0.1449,0.034991,0.023911,LMT,126
2014-12-02,0.150927,0.152722,0.143387,0.033308,0.026646,LMT,126
2014-12-03,0.151017,0.152709,0.144063,0.039519,0.019857,LMT,126
2014-12-04,0.151016,0.152694,0.14627,0.036417,0.028333,LMT,126
2014-12-05,0.15085,0.152728,0.151565,0.042381,0.026238,LMT,126
2014-12-08,0.150843,0.152781,0.145846,0.04691,0.025198,LMT,126
2014-12-09,0.1507,0.153533,0.146144,0.072512,0.013183,LMT,126
2014-12-10,0.150172,0.153607,0.147992,0.070674,0.025655,LMT,126
2014-12-11,0.149899,0.153118,0.14583,0.0615,0.027735,LMT,126
2014-12-12,0.149501,0.153607,0.141422,0.082568,0.020996,LMT,126
2014-12-15,0.148301,0.153561,0.141661,0.07652,0.025209,LMT,126
2014-12-16,0.147291,0.153554,0.142335,0.070471,0.027737,LMT,126
2014-12-17,0.146143,0.151753,0.141857,0.057352,0.030026,LMT,126
2014-12-18,0.144429,0.152118,0.144597,0.039201,0.030704,LMT,126
2014-12-19,0.143934,0.152064,0.144637,0.022611,0.022832,LMT,126
2014-12-22,0.14362,0.152134,0.144106,0.011793,0.022841,LMT,126
2014-12-23,0.14354,0.152333,0.1494,0.007134,0.018614,LMT,126
2014-12-24,0.14329,0.152335,0.149409,0.010157,0.014557,LMT,126
2014-12-26,0.143789,0.152262,0.149096,0.00736,0.025472,LMT,126
2014-12-29,0.143938,0.151976,0.145794,0.021485,0.036498,LMT,126
2014-12-30,0.143918,0.151741,0.146172,0.024271,0.045201,LMT,126
2014-12-31,0.143466,0.151904,0.142942,0.041501,0.031761,LMT,126
2015-01-02,0.14276,0.151897,0.142866,0.039925,0.033834,LMT,126
2015-01-05,0.140937,0.15219,0.142644,0.050375,0.032879,LMT,126
2015-01-06,0.140031,0.152204,0.141128,0.042617,0.040701,LMT,126
2015-01-07,0.140227,0.151957,0.141345,0.033057,0.045329,LMT,126
2015-01-08,0.139755,0.152285,0.14222,0.020662,0.033538,LMT,126
2015-01-09,0.139745,0.152276,0.141363,0.014133,0.035461,LMT,126
2015-01-12,0.139415,0.152242,0.140697,0.022465,0.037771,LMT,126
2015-01-13,0.136733,0.151818,0.140315,0.009601,0.043164,LMT,126
2015-01-14,0.136338,0.152046,0.140646,0.016777,0.044895,LMT,126
2015-01-15,0.135906,0.151898,0.142245,0.027966,0.039239,LMT,126
2015-01-16,0.136839,0.150809,0.138357,0.021128,0.046811,LMT,126
2015-01-20,0.135575,0.150685,0.137311,0.016123,0.039697,LMT,126
2015-01-21,0.135433,0.150659,0.139973,0.021674,0.03808,LMT,126
2015-01-22,0.134973,0.150563,0.139732,0.006919,0.037748,LMT,126
2015-01-23,0.134891,0.149854,0.137405,0.002806,0.032201,LMT,126
2015-01-26,0.133912,0.150809,0.138118,0.017808,0.022107,LMT,126
2015-01-27,0.134336,0.151188,0.140012,0.007819,0.025776,LMT,126
2015-01-28,0.133917,0.151079,0.139144,-0.003307,0.033276,LMT,126
2015-01-29,0.132209,0.151435,0.139708,-0.00875,0.035112,LMT,126
2015-01-30,0.13194,0.150606,0.138803,0.001204,0.037916,LMT,126
2015-02-02,0.130805,0.149953,0.138786,-0.008148,0.043844,LMT,126
2015-02-03,0.130744,0.149976,0.138531,-0.006402,0.034587,LMT,126
2015-02-04,0.130157,0.149807,0.139027,-0.009819,0.038975,LMT,126
2015-02-05,0.129634,0.149423,0.138313,-0.012866,0.036801,LMT,126
2015-02-06,0.128452,0.149396,0.138432,-0.020143,0.035177,LMT,126
2015-02-09,0.128452,0.15008,0.138999,0.002055,0.035994,LMT,126
2015-02-10,0.128332,0.149404,0.138223,-0.009122,0.034204,LMT,126
2015-02-11,0.12844,0.149442,0.138576,-0.007244,0.030477,LMT,126
2015-02-12,0.128432,0.149283,0.138142,-0.003551,0.027741,LMT,126
2015-02-13,0.128289,0.149052,0.138387,-0.009993,0.031499,LMT,126
2015-02-17,0.127902,0.144877,0.130517,-0.00528,0.025635,LMT,126
2015-02-18,0.127831,0.143968,0.131307,-0.009031,0.021642,LMT,126
2015-02-19,0.127594,0.147351,0.131857,-0.018651,0.029997,LMT,126
2015-02-20,0.127253,0.147373,0.133845,-0.003008,0.004917,LMT,126
2015-02-23,0.127473,0.147285,0.13274,0.005865,0.022318,LMT,126
2015-02-24,0.165379,0.145786,0.133222,0.000385,0.029779,LMT,126
2015-02-25,0.166333,0.145086,0.131441,0.001823,0.023402,LMT,126
2015-02-26,0.168708,0.143952,0.133757,-0.002901,0.028471,LMT,126
2015-02-27,0.169503,0.144337,0.1342,0.007948,0.015933,LMT,126
2015-03-02,0.169908,0.14562,0.134826,0.038761,0.014004,LMT,126
2015-03-03,0.169707,0.143275,0.135017,0.026378,0.028765,LMT,126
2015-03-04,0.170105,0.14325,0.135177,0.036454,0.02721,LMT,126
2015-03-05,0.170621,0.14322,0.136319,0.040189,0.02907,LMT,126
2015-03-06,0.170676,0.144982,0.138174,0.042494,0.03325,LMT,126
2015-03-09,0.170752,0.143824,0.136203,0.045902,0.027972,LMT,126
2015-03-10,0.170905,0.143143,0.139244,0.068289,0.026316,LMT,126
2015-03-11,0.171296,0.143178,0.139364,0.070166,0.028519,LMT,126
2015-03-12,0.171802,0.14326,0.139867,0.076241,0.023319,LMT,126
2015-03-13,0.171103,0.143233,0.136053,0.075654,0.019981,LMT,126
2015-03-16,0.170762,0.14297,0.134849,0.080642,0.013685,LMT,126
2015-03-17,0.171032,0.151321,0.135551,0.06782,0.024155,LMT,126
2015-03-18,0.169537,0.149764,0.135089,0.043354,0.033311,LMT,126
2015-03-19,0.169932,0.148761,0.135359,0.048827,0.028499,LMT,126
2015-03-20,0.169972,0.144451,0.13496,0.038442,0.027994,LMT,126
2015-03-23,0.170261,0.144971,0.134641,0.051006,0.016998,LMT,126
2015-03-24,0.169833,0.145832,0.134926,0.043045,0.019042,LMT,126
2015-03-25,0.169733,0.142573,0.133128,0.038217,0.015206,LMT,126
2015-03-26,0.170767,0.142181,0.133064,0.042825,0.009106,LMT,126
2015-03-27,0.170985,0.14186,0.131801,0.04962,0.013887,LMT,126
2015-03-30,0.171485,0.141429,0.131728,0.038944,0.026625,LMT,126
2015-03-31,0.171922,0.141517,0.131352,0.059244,0.024575,LMT,126
2015-04-01,0.171059,0.141955,0.133246,0.043732,0.040882,LMT,126
2015-04-02,0.172108,0.141981,0.133248,0.044534,0.032829,LMT,126
2015-04-06,0.171876,0.142076,0.133402,0.050134,0.018246,LMT,126
2015-04-07,0.171954,0.142505,0.132778,0.035828,0.03611,LMT,126
2015-04-08,0.171874,0.143043,0.132973,0.03719,0.035926,LMT,126
2015-04-09,0.172238,0.143187,0.131964,0.034667,0.032334,LMT,126
2015-04-10,0.172518,0.14321,0.133429,0.03106,0.028256,LMT,126
2015-04-13,0.172179,0.143615,0.133466,0.030281,0.032328,LMT,126
2015-04-14,0.172237,0.144618,0.133268,0.027966,0.027683,LMT,126
2015-04-15,0.172167,0.159817,0.13773,0.027112,0.027428,LMT,126
2015-04-16,0.172379,0.15946,0.137589,0.029948,0.020995,LMT,126
2015-04-17,0.173117,0.159607,0.138059,0.04658,0.031084,LMT,126
2015-04-20,0.173055,0.159515,0.139444,0.044512,0.025927,LMT,126
2015-04-21,0.17268,0.159139,0.138976,0.017696,0.022415,LMT,126
2015-04-22,0.173321,0.159976,0.138563,0.011543,0.015017,LMT,126
2015-04-23,0.173812,0.159134,0.138542,0.007277,0.01686,LMT,126
2015-04-24,0.174123,0.159146,0.138695,0.011801,0.021876,LMT,126
2015-04-27,0.173818,0.160161,0.13846,0.01689,0.02853,LMT,126
2015-04-28,0.173503,0.160162,0.138898,0.016594,0.027059,LMT,126
2015-04-29,0.17423,0.160081,0.137836,0.023414,0.031227,LMT,126
2015-04-30,0.174791,0.160174,0.136699,0.028281,0.03352,LMT,126
2015-05-01,0.175725,0.160264,0.136547,0.023461,0.030119,LMT,126
2015-05-04,0.175811,0.160375,0.136852,0.027477,0.024214,LMT,126
2015-05-05,0.175646,0.160366,0.139066,0.035954,0.02724,LMT,126
2015-05-06,0.175224,0.160381,0.141167,0.03213,0.035422,LMT,126
2015-05-07,0.17499,0.160385,0.138528,0.032144,0.027248,LMT,126
2015-05-08,0.175196,0.160386,0.139244,0.016918,0.030289,LMT,126
2015-05-11,0.175645,0.160331,0.141736,0.023479,0.020283,LMT,126
2015-05-12,0.175435,0.160267,0.141474,0.022343,0.022932,LMT,126
2015-05-13,0.175921,0.165826,0.146599,0.017375,0.027168,LMT,126
2015-05-14,0.176059,0.165313,0.145231,0.012363,0.026256,LMT,126
2015-05-15,0.17618,0.165064,0.138272,0.008409,0.02614,LMT,126
2015-05-18,0.17665,0.164739,0.143276,0.004917,0.022457,LMT,126
2015-05-19,0.177374,0.16466,0.146272,0.006589,0.024336,LMT,126
2015-05-20,0.178352,0.164618,0.14711,0.008619,0.020968,LMT,126
2015-05-21,0.178592,0.16464,0.142647,0.013506,0.018066,LMT,126
2015-05-22,0.178698,0.164607,0.142635,0.015193,0.020514,LMT,126
2015-05-26,0.17869,0.164201,0.138819,0.032746,0.019163,LMT,126
2015-05-27,0.178812,0.164328,0.138939,0.03421,0.017843,LMT,126
2015-05-28,0.178828,0.164274,0.138432,0.037567,0.018724,LMT,126
2015-05-29,0.178872,0.164257,0.138142,0.041933,0.012227,LMT,126
2015-06-01,0.178056,0.164514,0.146593,0.046104,0.020667,LMT,126
2015-06-02,0.178227,0.16438,0.147999,0.055042,0.011018,LMT,126
2015-06-03,0.178856,0.164435,0.14808,0.041631,0.025537,LMT,126
2015-06-04,0.178667,0.164478,0.149669,0.043571,0.025382,LMT,126
2015-06-05,0.179386,0.164416,0.154176,0.057138,0.02477,LMT,126
2015-06-08,0.179775,0.164878,0.15281,0.062038,0.019242,LMT,126
2015-06-09,0.179949,0.164219,0.151154,0.062048,0.020118,LMT,126
2015-06-10,0.179997,0.165068,0.153103,0.054591,0.020745,LMT,126
2015-06-11,0.180666,0.168063,0.155518,0.055977,0.020386,LMT,126
2015-06-12,0.180943,0.168055,0.155527,0.057672,0.021205,LMT,126
2015-06-15,0.181101,0.167989,0.154989,0.057968,0.025525,LMT,126
2015-06-16,0.181321,0.167981,0.154944,0.055971,0.02248,LMT,126
2015-06-17,0.181169,0.167853,0.1551,0.069393,0.001248,LMT,126
2015-06-18,0.181107,0.16791,0.154033,0.038601,0.014154,LMT,126
2015-06-19,0.181474,0.167881,0.153484,0.046535,0.018099,LMT,126
2015-06-22,0.181895,0.167877,0.154787,0.033415,0.021107,LMT,126
2015-06-23,0.181739,0.167878,0.153832,0.035015,0.021698,LMT,126
2015-06-24,0.181912,0.165937,0.154103,0.036997,0.017108,LMT,126
2015-06-25,0.181838,0.167478,0.154196,0.032846,0.021983,LMT,126
2015-06-26,0.181846,0.166777,0.153749,0.039673,0.016558,LMT,126
2015-06-29,0.181445,0.162053,0.153011,0.0735,0.028761,LMT,126
2015-06-30,0.181381,0.162053,0.154384,0.082407,0.024816,LMT,126
2015-07-01,0.181348,0.16211,0.152758,0.071636,0.028199,LMT,126
2015-07-02,0.181892,0.162107,0.150941,0.074659,0.030295,LMT,126
2015-07-06,0.182781,0.162141,0.15088,0.078022,0.033807,LMT,126
2015-07-07,0.18316,0.162217,0.149928,0.080539,0.020833,LMT,126
2015-07-08,0.183879,0.162024,0.150672,0.083237,0.026586,LMT,126
2015-07-09,0.184577,0.162049,0.153984,0.080765,0.021219,LMT,126
2015-07-10,0.184095,0.167672,0.156235,0.075923,0.008326,LMT,126
2015-07-13,0.184359,0.167613,0.155346,0.053456,0.023266,LMT,126
2015-07-14,0.184795,0.167552,0.155458,0.049,0.019739,LMT,126
2015-07-15,0.185355,0.167552,0.155712,0.048485,0.027991,LMT,126
2015-07-16,0.186399,0.167552,0.154148,0.056592,0.002126,LMT,126
2015-07-17,0.187041,0.167552,0.155001,0.04484,0.021477,LMT,126
2015-07-20,0.189393,0.167299,0.155235,0.031931,0.017862,LMT,126
2015-07-21,0.193214,0.167601,0.154445,0.031303,0.02212,LMT,126
2015-07-22,0.193465,0.167432,0.153396,0.025116,0.026879,LMT,126
2015-07-23,0.193425,0.167518,0.153106,0.027702,0.023167,LMT,126
2015-07-24,0.193658,0.167503,0.152643,0.05301,0.020848,LMT,126
2015-07-27,0.196936,0.167228,0.14734,0.055625,0.027418,LMT,126
2015-07-28,0.197339,0.16671,0.147719,0.034008,0.025231,LMT,126
2015-07-29,0.196138,0.166378,0.153504,0.024039,0.026285,LMT,126
2015-07-30,0.19675,0.166378,0.147795,0.031031,0.020026,LMT,126
2015-07-31,0.19687,0.166282,0.147298,0.021729,0.025352,LMT,126
2015-08-03,0.197269,0.166282,0.146663,0.023941,0.031141,LMT,126
2015-08-04,0.197598,0.166282,0.146154,0.017564,0.027502,LMT,126
2015-08-05,0.198174,0.166282,0.14737,0.021717,0.024822,LMT,126
2015-08-06,0.198399,0.166282,0.147161,0.027694,0.027012,LMT,126
2015-08-07,0.198868,0.17556,0.151279,0.032137,0.033108,LMT,126
2015-08-10,0.199675,0.175578,0.153497,0.03395,0.027438,LMT,126
2015-08-11,0.200085,0.17476,0.148916,0.039364,0.03144,LMT,126
2015-08-12,0.203629,0.174866,0.14819,0.044392,0.031804,LMT,126
2015-08-13,0.204315,0.17526,0.149132,0.038534,0.02839,LMT,126
2015-08-14,0.204404,0.175578,0.151044,0.036897,0.018998,LMT,126
2015-08-17,0.204801,0.175095,0.149242,0.039638,0.009163,LMT,126
2015-08-18,0.205224,0.175057,0.151461,0.034638,0.025791,LMT,126
2015-08-19,0.20516,0.174926,0.150017,0.043002,0.02244,LMT,126
2015-08-20,0.205272,0.174867,0.150814,0.060633,0.028822,LMT,126
2015-08-21,0.205075,0.1733,0.150053,0.09403,0.030182,LMT,126
2015-08-24,0.176011,0.147706,0.135642,0.077204,0.03242,LMT,126
2015-08-25,0.175341,0.148517,0.135161,0.006295,0.063387,LMT,126
2015-08-26,0.172721,0.14886,0.136003,0.001302,0.056407,LMT,126
2015-08-27,0.17203,0.14947,0.135978,-0.023303,0.059462,LMT,126
2015-08-28,0.171991,0.14947,0.135384,-0.042946,0.056996,LMT,126
2015-08-31,0.172432,0.149382,0.134792,-0.037889,0.050619,LMT,126
2015-09-01,0.172333,0.149166,0.135057,-0.013624,0.060927,LMT,126
2015-09-02,0.171816,0.148901,0.135621,-0.051865,0.065902,LMT,126
2015-09-03,0.171969,0.148134,0.135898,-0.056035,0.056452,LMT,126
2015-09-04,0.173108,0.162242,0.137234,-0.043038,0.053187,LMT,126
2015-09-08,0.173078,0.161865,0.139208,-0.069387,0.057359,LMT,126
2015-09-09,0.173048,0.162717,0.139425,-0.060671,0.055341,LMT,126
2015-09-10,0.17297,0.162944,0.13935,-0.076166,0.059481,LMT,126
2015-09-11,0.173016,0.162867,0.138853,-0.086249,0.064522,LMT,126
2015-09-14,0.173175,0.162699,0.138853,-0.076764,0.058182,LMT,126
2015-09-15,0.173044,0.162025,0.137166,-0.090691,0.04963,LMT,126
2015-09-16,0.173151,0.1618,0.137192,-0.100895,0.050989,LMT,126
2015-09-17,0.172793,0.161659,0.138532,-0.113426,0.048012,LMT,126
2015-09-18,0.172808,0.161783,0.136814,-0.107812,0.051013,LMT,126
2015-09-21,0.172627,0.159887,0.136148,-0.119738,0.048673,LMT,126
2015-09-22,0.172487,0.159862,0.137376,-0.102262,0.048836,LMT,126
2015-09-23,0.172546,0.160811,0.138331,0.044236,0.050933,LMT,126
2015-09-24,0.170369,0.160647,0.135822,0.044068,-0.016555,LMT,126
2015-09-25,0.170039,0.161008,0.137681,0.053043,0.04271,LMT,126
2015-09-28,0.169134,0.161104,0.137078,0.084403,0.041565,LMT,126
2015-09-29,0.168596,0.161025,0.136621,0.072463,0.053623,LMT,126
2015-09-30,0.168883,0.160506,0.137274,0.0583,0.047376,LMT,126
2015-10-01,0.167727,0.155106,0.136569,0.053494,0.047189,LMT,126
2015-10-02,0.168176,0.155049,0.136435,0.047412,0.056482,LMT,126
2015-10-05,0.16768,0.156998,0.138279,0.034361,0.048598,LMT,126
2015-10-06,0.167561,0.157498,0.138017,0.04364,0.037749,LMT,126
2015-10-07,0.167248,0.157272,0.136407,0.032641,0.048148,LMT,126
2015-10-08,0.167053,0.157729,0.136216,0.028422,0.044873,LMT,126
2015-10-09,0.166876,0.15772,0.137102,0.024261,0.033627,LMT,126
2015-10-12,0.166947,0.157528,0.136802,0.019807,0.044358,LMT,126
2015-10-13,0.166707,0.157244,0.136928,0.021657,0.031991,LMT,126
2015-10-14,0.166169,0.155003,0.138299,0.033221,0.033617,LMT,126
2015-10-15,0.165182,0.154882,0.137663,0.017161,0.043799,LMT,126
2015-10-16,0.164966,0.156446,0.137511,0.012121,0.0384,LMT,126
2015-10-19,0.164968,0.157471,0.137328,0.026642,0.037266,LMT,126
2015-10-20,0.163855,0.157351,0.1374,0.000121,0.033701,LMT,126
2015-10-21,0.16299,0.155423,0.135734,-0.003166,0.034171,LMT,126
2015-10-22,0.162583,0.15525,0.135307,-0.006848,0.02831,LMT,126
2015-10-23,0.162636,0.156034,0.135852,-0.004604,0.03169,LMT,126
2015-10-26,0.163042,0.156286,0.135648,0.05455,0.006216,LMT,126
2015-10-27,0.162091,0.156272,0.135956,0.034324,0.030595,LMT,126
2015-10-28,0.160083,0.156221,0.134987,0.017011,0.006356,LMT,126
2015-10-29,0.158995,0.155574,0.134473,0.002617,0.023097,LMT,126
2015-10-30,0.159112,0.156456,0.13332,0.003506,0.019042,LMT,126
2015-11-02,0.15925,0.159702,0.140714,0.000704,0.027626,LMT,126
2015-11-03,0.159253,0.159346,0.141683,0.000823,0.027746,LMT,126
2015-11-04,0.159258,0.15983,0.144708,-0.001477,0.029766,LMT,126
2015-11-05,0.159173,0.159352,0.144503,0.002598,0.026627,LMT,126
2015-11-06,0.158655,0.159519,0.146795,0.000542,0.031001,LMT,126
2015-11-09,0.158604,0.158995,0.148705,0.011112,0.030176,LMT,126
2015-11-10,0.158394,0.157469,0.147483,0.005079,0.033154,LMT,126
2015-11-11,0.15849,0.158844,0.149078,0.003535,0.031627,LMT,126
2015-11-12,0.158519,0.157501,0.146928,0.011254,0.028626,LMT,126
2015-11-13,0.158368,0.157748,0.143108,0.022906,0.029892,LMT,126
2015-11-16,0.157887,0.156949,0.143636,0.027704,0.013185,LMT,126
2015-11-17,0.157203,0.1568,0.141062,0.00926,0.026407,LMT,126
2015-11-18,0.156961,0.157245,0.142126,0.005405,0.028606,LMT,126
2015-11-19,0.156813,0.157436,0.143622,0.006298,0.026916,LMT,126
2015-11-20,0.156678,0.156769,0.145749,0.004427,0.026147,LMT,126
2015-11-23,0.156436,0.158066,0.146676,0.001507,0.026832,LMT,126
2015-11-24,0.156313,0.158454,0.145875,0.001608,0.026635,LMT,126
2015-11-25,0.156061,0.158291,0.14529,0.011673,0.019772,LMT,126
2015-11-27,0.156415,0.158551,0.145281,0.034554,0.016048,LMT,126
2015-11-30,0.156059,0.154982,0.14515,0.049655,0.02255,LMT,126
2015-12-01,0.155261,0.154512,0.148079,0.032861,0.027564,LMT,126
2015-12-02,0.155621,0.157232,0.150728,0.032466,0.028534,LMT,126
2015-12-03,0.154789,0.15782,0.154551,0.03739,0.033396,LMT,126
2015-12-04,0.154247,0.157857,0.152805,0.02219,0.030692,LMT,126
2015-12-07,0.154063,0.157273,0.150859,0.029698,0.029007,LMT,126
2015-12-08,0.153736,0.157294,0.149695,0.038494,0.025308,LMT,126
2015-12-09,0.153043,0.157276,0.147641,0.036423,0.029701,LMT,126
2015-12-10,0.152829,0.15732,0.148805,0.03305,0.029428,LMT,126
2015-12-11,0.152728,0.154265,0.144736,0.06204,0.033268,LMT,126
2015-12-14,0.152263,0.154404,0.144412,0.063684,0.039534,LMT,126
2015-12-15,0.15236,0.154446,0.143773,0.062299,0.037997,LMT,126
2015-12-16,0.152107,0.154575,0.144283,0.042791,0.032682,LMT,126
2015-12-17,0.151779,0.154565,0.144615,0.049993,0.02653,LMT,126
2015-12-18,0.151217,0.154395,0.144179,0.065079,0.021337,LMT,126
2015-12-21,0.151125,0.154605,0.145783,0.04309,0.022648,LMT,126
2015-12-22,0.15093,0.154465,0.146545,0.02684,0.036701,LMT,126
2015-12-23,0.153573,0.154911,0.149536,0.033281,0.028976,LMT,126
2015-12-24,0.154294,0.154752,0.149722,0.029804,0.027415,LMT,126
2015-12-28,0.154769,0.164215,0.149248,0.04516,0.034933,LMT,126
2015-12-29,0.154717,0.164549,0.149394,0.041115,0.033428,LMT,126
2015-12-30,0.155007,0.161311,0.157059,0.050922,0.032744,LMT,126
2015-12-31,0.154229,0.161914,0.158902,0.06013,0.03035,LMT,126
2016-01-04,0.153076,0.161719,0.156521,0.074214,0.04463,LMT,126
2016-01-05,0.152704,0.161503,0.155336,0.062032,0.039534,LMT,126
2016-01-06,0.151511,0.153731,0.150975,0.065827,0.042919,LMT,126
2016-01-07,0.151052,0.15341,0.15138,0.089834,0.034763,LMT,126
2016-01-08,0.150998,0.153049,0.148481,0.076877,0.044466,LMT,126
2016-01-11,0.150493,0.153455,0.150072,0.078378,0.034216,LMT,126
2016-01-12,0.149872,0.153002,0.146191,0.058765,0.047292,LMT,126
2016-01-13,0.149449,0.152807,0.146403,0.075173,0.044596,LMT,126
2016-01-14,0.148067,0.151939,0.146067,0.062895,0.04823,LMT,126
2016-01-15,0.147498,0.15188,0.143678,0.074425,0.047189,LMT,126
2016-01-19,0.149895,0.150156,0.144444,0.065488,0.033845,LMT,126
2016-01-20,0.14526,0.149057,0.140388,0.081903,0.019765,LMT,126
2016-01-21,0.145834,0.150553,0.140275,0.060413,0.043244,LMT,126
2016-01-22,0.146183,0.15102,0.14069,0.038047,0.042112,LMT,126
2016-01-25,0.145929,0.151512,0.14079,0.033946,0.040267,LMT,126
2016-01-26,0.141365,0.148991,0.140925,-0.006901,0.035563,LMT,126
2016-01-27,0.14029,0.148989,0.141408,-0.01622,0.045438,LMT,126
2016-01-28,0.140069,0.148854,0.141861,-0.017305,0.041044,LMT,126
2016-01-29,0.138813,0.152597,0.142272,-0.04147,0.03998,LMT,126
2016-02-01,0.138507,0.152719,0.142877,-0.0337,0.034794,LMT,126
2016-02-02,0.138544,0.152534,0.142148,-0.029206,0.042555,LMT,126
2016-02-03,0.138081,0.152443,0.142365,-0.031802,0.041858,LMT,126
2016-02-04,0.137425,0.152362,0.142252,-0.025233,0.041299,LMT,126
2016-02-05,0.13718,0.147277,0.141949,-0.017594,0.042191,LMT,126
2016-02-08,0.136613,0.147781,0.141761,-0.008097,0.04745,LMT,126
2016-02-09,0.135292,0.147705,0.140894,-0.008932,0.047232,LMT,126
2016-02-10,0.134802,0.147667,0.140655,-0.012645,0.050154,LMT,126
2016-02-11,0.12972,0.147497,0.140231,0.030488,0.056162,LMT,126
2016-02-12,0.128988,0.146665,0.140053,-0.006204,0.059032,LMT,126
2016-02-16,0.128704,0.14661,0.140728,-0.012165,0.047536,LMT,126
2016-02-17,0.132422,0.146596,0.138943,-0.032309,0.044947,LMT,126
2016-02-18,0.133662,0.14771,0.139071,-0.028882,0.044886,LMT,126
2016-02-19,0.133574,0.14721,0.139,-0.021199,0.042884,LMT,126
2016-02-22,0.133442,0.146884,0.138842,-0.022368,0.042199,LMT,126
2016-02-23,0.133575,0.146765,0.139965,-0.006557,0.029811,LMT,126
2016-02-24,0.134782,0.146765,0.140816,-0.007751,0.02816,LMT,126
2016-02-25,0.135696,0.146678,0.140287,-0.007005,0.045902,LMT,126
2016-02-26,0.136403,0.146767,0.139981,0.000321,0.04438,LMT,126
2016-02-29,0.137319,0.141228,0.137172,0.010667,0.041653,LMT,126
2016-03-01,0.136754,0.141974,0.136916,-0.001571,0.04614,LMT,126
2016-03-02,0.13682,0.14171,0.136084,-0.004482,0.048024,LMT,126
2016-03-03,0.13715,0.142981,0.137638,-0.008393,0.044952,LMT,126
2016-03-04,0.137234,0.14376,0.137065,-0.009026,0.039795,LMT,126
2016-03-07,0.137116,0.14351,0.136082,0.001524,0.041966,LMT,126
2016-03-08,0.135199,0.14201,0.136056,-0.001151,0.042043,LMT,126
2016-03-09,0.135018,0.143605,0.137271,0.001197,0.043804,LMT,126
2016-03-10,0.134646,0.144029,0.137799,0.00403,0.039872,LMT,126
2016-03-11,0.134274,0.144041,0.138234,0.000313,0.040384,LMT,126
2016-03-14,0.134955,0.144077,0.137646,0.037514,0.032521,LMT,126
2016-03-15,0.134824,0.144272,0.139201,0.034069,0.039541,LMT,126
2016-03-16,0.134629,0.144247,0.139856,0.025407,0.035111,LMT,126
2016-03-17,0.13456,0.144371,0.139537,0.022031,0.033742,LMT,126
2016-03-18,0.134117,0.144351,0.140114,0.018915,0.018598,LMT,126
2016-03-21,0.133959,0.144465,0.13948,0.014433,0.027678,LMT,126
2016-03-22,0.133747,0.144498,0.139375,0.016798,0.028745,LMT,126
2016-03-23,0.133793,0.144369,0.140385,0.025388,0.01821,LMT,126
2016-03-24,0.133063,0.144165,0.140229,0.021273,0.033518,LMT,126
2016-03-28,0.133174,0.144347,0.139125,0.028242,0.037567,LMT,126
2016-03-29,0.133253,0.141709,0.134227,0.027432,0.033507,LMT,126
2016-03-30,0.133164,0.141827,0.134161,0.019231,0.033356,LMT,126
2016-03-31,0.133128,0.141802,0.135173,0.027462,0.035307,LMT,126
2016-04-01,0.133277,0.141867,0.134544,0.026276,0.02998,LMT,126
2016-04-04,0.134959,0.142049,0.134961,0.026644,0.035341,LMT,126
2016-04-05,0.134543,0.141938,0.13726,0.026002,0.03528,LMT,126
2016-04-06,0.135069,0.142206,0.138169,0.025624,0.034297,LMT,126
2016-04-07,0.134978,0.142294,0.137951,0.04129,0.036619,LMT,126
2016-04-08,0.134884,0.142794,0.137053,0.040585,0.037619,LMT,126
2016-04-11,0.134897,0.142733,0.138902,0.045336,0.036901,LMT,126
2016-04-12,0.134661,0.143669,0.138928,0.043128,0.03591,LMT,126
2016-04-13,0.134523,0.145349,0.139811,0.036769,0.035225,LMT,126
2016-04-14,0.134648,0.144924,0.139526,0.035325,0.033957,LMT,126
2016-04-15,0.134817,0.145222,0.140541,0.034617,0.030553,LMT,126
2016-04-18,0.134833,0.14621,0.140846,0.036104,0.034698,LMT,126
2016-04-19,0.134875,0.147934,0.140487,0.038786,0.032702,LMT,126
2016-04-20,0.137711,0.148665,0.142375,0.042394,0.030233,LMT,126
2016-04-21,0.137803,0.147048,0.142423,0.043161,0.030243,LMT,126
2016-04-22,0.137706,0.146687,0.141891,0.041713,0.034034,LMT,126
2016-04-25,0.137986,0.146597,0.146838,0.053941,0.028623,LMT,126
2016-04-26,0.137805,0.153224,0.137211,0.038486,0.016436,LMT,126
2016-04-27,0.141422,0.153185,0.13763,0.022178,0.023578,LMT,126
2016-04-28,0.142057,0.153478,0.139149,0.025322,0.027647,LMT,126
2016-04-29,0.1422,0.156334,0.140929,0.034372,0.027179,LMT,126
2016-05-02,0.142417,0.156405,0.14188,0.034065,0.033428,LMT,126
2016-05-03,0.142327,0.15653,0.141438,0.032908,0.031989,LMT,126
2016-05-04,0.142174,0.156542,0.146203,0.042349,0.027322,LMT,126
2016-05-05,0.142601,0.156509,0.14175,0.031346,0.031008,LMT,126
2016-05-06,0.144094,0.156997,0.141835,0.037063,0.027695,LMT,126
2016-05-09,0.14416,0.157023,0.142057,0.038808,0.03119,LMT,126
2016-05-10,0.144294,0.156884,0.143147,0.038802,0.03065,LMT,126
2016-05-11,0.14434,0.156726,0.143577,0.047222,0.030495,LMT,126
2016-05-12,0.14644,0.157262,0.143573,0.042515,0.031028,LMT,126
2016-05-13,0.14752,0.160381,0.144368,0.045781,0.033085,LMT,126
2016-05-16,0.148167,0.160429,0.143705,0.039298,0.035265,LMT,126
2016-05-17,0.148675,0.163417,0.143945,0.043868,0.026304,LMT,126
2016-05-18,0.15081,0.163374,0.144083,0.041905,0.030534,LMT,126
2016-05-19,0.15104,0.159292,0.145436,0.037004,0.035229,LMT,126
2016-05-20,0.151049,0.160066,0.144768,0.040943,0.012724,LMT,126
2016-05-23,0.151356,0.162227,0.145137,0.029025,0.031232,LMT,126
2016-05-24,0.151372,0.153174,0.145931,0.027314,0.021756,LMT,126
2016-05-25,0.151549,0.155854,0.144184,0.023592,0.024934,LMT,126
2016-05-26,0.151616,0.161687,0.144758,0.028126,0.022846,LMT,126
2016-05-27,0.151614,0.157099,0.144069,0.02563,0.028668,LMT,126
2016-05-31,0.151102,0.154328,0.143292,0.040841,0.027389,LMT,126
2016-06-01,0.151318,0.154166,0.142572,0.027703,0.033397,LMT,126
2016-06-02,0.151347,0.1545,0.143638,0.026697,0.03595,LMT,126
2016-06-03,0.150933,0.154012,0.144006,0.02599,0.02958,LMT,126
2016-06-06,0.150944,0.157228,0.143149,0.026508,0.031891,LMT,126
2016-06-07,0.151196,0.157211,0.143749,0.02246,0.029902,LMT,126
2016-06-08,0.151482,0.157261,0.143666,0.025613,0.030746,LMT,126
2016-06-09,0.15178,0.157286,0.143676,0.026085,0.029179,LMT,126
2016-06-10,0.152587,0.158034,0.143155,0.031169,0.033244,LMT,126
2016-06-13,0.152525,0.157925,0.142865,0.0558,0.041952,LMT,126
2016-06-14,0.155651,0.157215,0.142773,0.056508,0.047607,LMT,126
2016-06-15,0.156674,0.1572,0.145847,0.058528,0.041338,LMT,126
2016-06-16,0.156768,0.157277,0.146303,0.059909,0.043448,LMT,126
2016-06-17,0.156675,0.157429,0.145641,0.071482,0.045085,LMT,126
2016-06-20,0.157137,0.157407,0.144819,0.056441,0.041793,LMT,126
2016-06-21,0.157202,0.157407,0.144649,0.059904,0.043711,LMT,126
2016-06-22,0.157192,0.153842,0.151222,0.068378,0.052122,LMT,126
2016-06-23,0.157103,0.165183,0.151342,0.048977,-0.016303,LMT,126
2016-06-24,0.154696,0.154989,0.149309,0.072509,0.032988,LMT,126
2016-06-27,0.15499,0.154709,0.147276,0.062964,0.054441,LMT,126
2016-06-28,0.154523,0.157577,0.146407,0.044705,0.052726,LMT,126
2016-06-29,0.154493,0.158558,0.14426,0.034841,0.04741,LMT,126
2016-06-30,0.1544,0.153468,0.144851,0.037378,0.045147,LMT,126
2016-07-01,0.154622,0.153463,0.143504,0.029858,0.044714,LMT,126
2016-07-05,0.154837,0.158693,0.14446,0.043439,0.046613,LMT,126
2016-07-06,0.154374,0.158728,0.145108,0.035716,0.044638,LMT,126
2016-07-07,0.154689,0.163304,0.145562,0.033186,0.047517,LMT,126
2016-07-08,0.15425,0.163428,0.144673,0.021956,0.047816,LMT,126
2016-07-11,0.153542,0.165038,0.144214,0.024324,0.027945,LMT,126
2016-07-12,0.153532,0.163419,0.143572,0.026838,0.023247,LMT,126
2016-07-13,0.154793,0.165021,0.14323,0.035039,0.033849,LMT,126
2016-07-14,0.154942,0.165267,0.143709,0.028719,0.026938,LMT,126
2016-07-15,0.155477,0.165471,0.143018,0.029251,0.039184,LMT,126
2016-07-18,0.155369,0.163644,0.143396,0.034087,0.036342,LMT,126
2016-07-19,0.14926,0.154699,0.147443,-0.0169,0.032279,LMT,126
2016-07-20,0.148929,0.15253,0.145975,-0.012602,0.019612,LMT,126
2016-07-21,0.147768,0.153842,0.14824,-0.026996,0.034487,LMT,126
2016-07-22,0.148158,0.153511,0.148569,-0.035237,0.044859,LMT,126
2016-07-25,0.148662,0.153487,0.14703,-0.029161,0.028529,LMT,126
2016-07-26,0.150288,0.166152,0.15341,-0.010345,0.039081,LMT,126
2016-07-27,0.150454,0.166119,0.152326,-0.006102,0.034121,LMT,126
2016-07-28,0.154055,0.166119,0.151947,-0.010866,0.038528,LMT,126
2016-07-29,0.154837,0.162762,0.152081,0.004915,0.017133,LMT,126
2016-08-01,0.154971,0.154072,0.15226,-0.015129,0.041278,LMT,126
2016-08-02,0.154507,0.154073,0.151091,-0.023892,0.036484,LMT,126
2016-08-03,0.154205,0.154447,0.151231,-0.024246,0.018142,LMT,126
2016-08-04,0.154974,0.165187,0.151558,-0.017848,0.012293,LMT,126
2016-08-05,0.155086,0.165355,0.152318,-0.036525,0.016203,LMT,126
2016-08-08,0.154775,0.165385,0.15379,-0.0111,0.023149,LMT,126
2016-08-09,0.154661,0.16957,0.150351,-0.018205,0.013725,LMT,126
2016-08-10,0.154474,0.169608,0.150193,-0.023414,0.014506,LMT,126
2016-08-11,0.154039,0.169608,0.150011,-0.021176,0.036995,LMT,126
2016-08-12,0.153651,0.169608,0.149316,-0.03154,0.035917,LMT,126
2016-08-15,0.153569,0.16954,0.148695,-0.026714,0.016267,LMT,126
2016-08-16,0.149957,0.153763,0.147885,-0.029959,0.028849,LMT,126
2016-08-17,0.148439,0.152481,0.148757,-0.00278,0.042637,LMT,126
2016-08-18,0.14842,0.151975,0.149008,-0.000567,0.039938,LMT,126
2016-08-19,0.148301,0.151905,0.147949,0.004724,0.03895,LMT,126
2016-08-22,0.148059,0.152037,0.148838,0.000176,0.034645,LMT,126
2016-08-23,0.146828,0.151753,0.148088,0.004606,0.02987,LMT,126
2016-08-24,0.145788,0.147548,0.147311,0.005682,0.036038,LMT,126
2016-08-25,0.145758,0.147486,0.147445,0.000823,0.035821,LMT,126
2016-08-26,0.144693,0.147641,0.145987,-0.001201,0.038013,LMT,126
2016-08-29,0.144798,0.147638,0.146766,-0.004273,0.035391,LMT,126
2016-08-30,0.144308,0.14773,0.145831,-0.000696,0.036576,LMT,126
2016-08-31,0.143723,0.148415,0.146841,-0.008262,0.029973,LMT,126
2016-09-01,0.143646,0.148465,0.147012,-0.012969,0.02963,LMT,126
2016-09-02,0.143311,0.148458,0.147408,-0.015646,0.036308,LMT,126
2016-09-06,0.143172,0.148429,0.146808,-0.01288,0.036454,LMT,126
2016-09-07,0.143083,0.148388,0.146917,-0.007863,0.034435,LMT,126
2016-09-08,0.143117,0.148404,0.146799,-0.010735,0.032437,LMT,126
2016-09-09,0.142943,0.148366,0.148849,0.004252,0.037041,LMT,126
2016-09-12,0.142209,0.148255,0.147395,0.003866,0.037164,LMT,126
2016-09-13,0.142168,0.147764,0.149252,0.013286,0.039766,LMT,126
2016-09-14,0.142226,0.1477,0.149622,0.00885,0.041329,LMT,126
2016-09-15,0.142223,0.147697,0.15073,0.021684,0.038121,LMT,126
2016-09-16,0.142556,0.147602,0.143714,0.036504,0.036301,LMT,126
2016-09-19,0.142819,0.147396,0.145632,0.027189,0.037392,LMT,126
2016-09-20,0.142926,0.147415,0.145244,0.038502,0.028604,LMT,126
2016-09-21,0.142924,0.147016,0.14602,0.024112,0.036955,LMT,126
2016-09-22,0.143041,0.14676,0.145339,0.033247,0.027078,LMT,126
2016-09-23,0.143476,0.147499,0.146434,0.051511,0.02664,LMT,126
2016-09-26,0.143994,0.147579,0.146341,0.065598,0.038425,LMT,126
2016-09-27,0.143943,0.149795,0.148626,0.070111,0.037708,LMT,126
2016-09-28,0.143905,0.149737,0.147663,0.067829,0.038827,LMT,126
2016-09-29,0.143086,0.149114,0.147959,0.081317,0.03734,LMT,126
2016-09-30,0.141454,0.147519,0.144672,0.080154,0.037095,LMT,126
2016-10-03,0.140867,0.147541,0.143684,0.070621,0.043756,LMT,126
2016-10-04,0.140823,0.147516,0.143138,0.077694,0.044709,LMT,126
2016-10-05,0.140811,0.147598,0.144361,0.076774,0.035953,LMT,126
2016-10-06,0.14133,0.147592,0.144519,0.090591,0.025794,LMT,126
2016-10-07,0.141211,0.147794,0.144944,0.08098,0.041528,LMT,126
2016-10-10,0.14122,0.147723,0.143976,0.087349,0.029899,LMT,126
2016-10-11,0.141246,0.147794,0.144493,0.092583,0.031888,LMT,126
2016-10-12,0.1413,0.147717,0.144149,0.088578,0.033337,LMT,126
2016-10-13,0.141099,0.147668,0.144102,0.082932,0.045676,LMT,126
2016-10-14,0.141082,0.146796,0.142081,0.079859,0.036657,LMT,126
2016-10-17,0.14098,0.151981,0.142826,0.085148,0.02214,LMT,126
2016-10-18,0.138428,0.150099,0.142239,0.061593,0.030232,LMT,126
2016-10-19,0.138415,0.15187,0.142711,0.057999,0.032345,LMT,126
2016-10-20,0.138396,0.151921,0.142938,0.057996,0.034123,LMT,126
2016-10-21,0.139645,0.152004,0.142412,0.057616,0.039947,LMT,126
2016-10-24,0.13993,0.151948,0.142741,0.047507,0.040093,LMT,126
2016-10-25,0.135879,0.148116,0.141451,-0.005419,0.01535,LMT,126
2016-10-26,0.135107,0.148202,0.141919,-0.01241,0.027416,LMT,126
2016-10-27,0.134748,0.147873,0.141522,-0.012573,0.031819,LMT,126
2016-10-28,0.134517,0.147934,0.141646,-0.006366,0.031231,LMT,126
2016-10-31,0.134212,0.148334,0.141663,0.009925,0.032609,LMT,126
2016-11-01,0.134062,0.148345,0.141855,0.014105,0.041568,LMT,126
2016-11-02,0.133535,0.148233,0.141976,0.017063,0.034323,LMT,126
2016-11-03,0.131873,0.146752,0.140873,0.026344,0.04739,LMT,126
2016-11-04,0.131562,0.146741,0.141067,0.030957,0.038725,LMT,126
2016-11-07,0.131786,0.146722,0.141813,0.014617,0.049041,LMT,126
2016-11-08,0.131615,0.146675,0.141915,0.006095,0.044376,LMT,126
2016-11-09,0.128767,0.148197,0.142589,-0.00559,0.032479,LMT,126
2016-11-10,0.12707,0.146637,0.141987,-0.014608,0.036999,LMT,126
2016-11-11,0.126006,0.144412,0.128536,-0.023255,0.034185,LMT,126
2016-11-14,0.124946,0.144733,0.130622,-0.005713,0.034935,LMT,126
2016-11-15,0.122178,0.143383,0.129734,-0.01808,0.037229,LMT,126
2016-11-16,0.12171,0.143483,0.129816,-0.007802,0.032883,LMT,126
2016-11-17,0.121986,0.148313,0.129691,-0.011273,0.032383,LMT,126
2016-11-18,0.121827,0.149483,0.129563,-0.019802,0.029995,LMT,126
2016-11-21,0.121856,0.149506,0.129561,-0.025641,0.032098,LMT,126
2016-11-22,0.121685,0.14837,0.12984,-0.030758,0.030067,LMT,126
2016-11-23,0.121606,0.14902,0.130604,-0.011978,0.030177,LMT,126
2016-11-25,0.121804,0.150044,0.131041,-0.010782,0.027484,LMT,126
2016-11-28,0.121797,0.149575,0.131283,-0.006435,0.026928,LMT,126
2016-11-29,0.121284,0.147075,0.131616,-0.009863,0.026721,LMT,126
2016-11-30,0.121327,0.150206,0.132577,0.001321,0.019035,LMT,126
2016-12-01,0.121273,0.151093,0.133424,-0.007476,0.03465,LMT,126
2016-12-02,0.121319,0.150587,0.133339,-0.00797,0.033845,LMT,126
2016-12-05,0.1209,0.150765,0.13364,-0.003458,0.028718,LMT,126
2016-12-06,0.120658,0.150532,0.133863,0.001578,0.028703,LMT,126
2016-12-07,0.12059,0.149715,0.132969,-6.5e-05,0.028404,LMT,126
2016-12-08,0.119978,0.150161,0.132829,0.015435,0.026427,LMT,126
2016-12-09,0.12029,0.150713,0.132877,0.026947,0.025949,LMT,126
2016-12-12,0.116625,0.140719,0.121059,0.05072,0.026646,LMT,126
2016-12-13,0.115872,0.140368,0.121419,0.041579,0.025952,LMT,126
2016-12-14,0.115459,0.142078,0.121464,0.045103,0.013411,LMT,126
2016-12-15,0.115539,0.146606,0.123795,0.052654,0.020673,LMT,126
2016-12-16,0.115002,0.146628,0.123702,0.04589,0.022657,LMT,126
2016-12-19,0.114982,0.14687,0.124781,0.040359,0.02787,LMT,126
2016-12-20,0.115298,0.146015,0.122967,0.042945,0.029013,LMT,126
2016-12-21,0.11527,0.14554,0.123366,0.051498,0.016137,LMT,126
2016-12-22,0.115572,0.146681,0.124305,0.051648,0.031457,LMT,126
2016-12-23,0.114243,0.145547,0.123461,0.062635,0.023253,LMT,126
2016-12-27,0.114402,0.146673,0.1254,0.071903,0.029958,LMT,126
2016-12-28,0.115098,0.142873,0.123125,0.070112,0.030468,LMT,126
2016-12-29,0.115068,0.144698,0.123448,0.072053,0.034695,LMT,126
2016-12-30,0.115138,0.140839,0.122363,0.073291,0.034382,LMT,126
2017-01-03,0.115272,0.140857,0.122612,0.074031,0.037846,LMT,126
2017-01-04,0.115579,0.138008,0.122837,0.074728,0.036014,LMT,126
2017-01-05,0.115768,0.13835,0.123034,0.066658,0.038192,LMT,126
2017-01-06,0.116146,0.138039,0.123266,0.063168,0.028362,LMT,126
2017-01-09,0.116341,0.138473,0.123173,0.058849,0.031766,LMT,126
2017-01-10,0.116312,0.138516,0.123283,0.075869,0.016296,LMT,126
2017-01-11,0.11473,0.130969,0.115902,0.063122,0.037793,LMT,126
2017-01-12,0.114081,0.130938,0.115419,0.081657,0.034538,LMT,126
2017-01-13,0.113514,0.131033,0.115672,0.081076,0.032022,LMT,126
2017-01-17,0.115095,0.13094,0.115676,0.083838,0.038917,LMT,126
2017-01-18,0.115454,0.132594,0.114792,0.084955,0.035554,LMT,126
2017-01-19,0.115362,0.132776,0.116204,0.079577,0.034646,LMT,126
2017-01-20,0.115617,0.133144,0.116534,0.07423,0.034591,LMT,126
2017-01-23,0.114366,0.132754,0.115419,0.069737,0.028987,LMT,126
2017-01-24,0.113522,0.132844,0.115328,0.02549,0.022104,LMT,126
2017-01-25,0.111147,0.133666,0.11534,0.012902,0.029925,LMT,126
2017-01-26,0.111233,0.136579,0.122607,0.011378,0.026214,LMT,126
2017-01-27,0.106359,0.134692,0.122469,-0.003778,0.023496,LMT,126
2017-01-30,0.105485,0.13471,0.122506,-0.001931,0.027424,LMT,126
2017-01-31,0.105315,0.134557,0.122289,-0.004125,0.028034,LMT,126
2017-02-01,0.105048,0.134661,0.122085,-0.00701,0.03094,LMT,126
2017-02-02,0.105254,0.134615,0.123038,-0.00924,0.035354,LMT,126
2017-02-03,0.103802,0.134854,0.123944,-0.018067,0.022007,LMT,126
2017-02-06,0.103267,0.134492,0.122685,-0.012747,0.025962,LMT,126
2017-02-07,0.10335,0.134407,0.122639,-0.018424,0.026244,LMT,126
2017-02-08,0.103633,0.135047,0.122291,-0.018127,0.023644,LMT,126
2017-02-09,0.103814,0.126923,0.1069,-0.021223,0.022624,LMT,126
2017-02-10,0.104186,0.135421,0.117365,-0.001858,-0.006171,LMT,126
2017-02-13,0.104532,0.135877,0.116598,-0.001316,-0.004595,LMT,126
2017-02-14,0.104742,0.13569,0.116776,0.002207,-0.004494,LMT,126
2017-02-15,0.104462,0.136749,0.116993,-2e-06,-0.00368,LMT,126
2017-02-16,0.104482,0.136762,0.118411,-0.002138,-0.008929,LMT,126
2017-02-17,0.104451,0.136843,0.120761,-0.005773,-0.008767,LMT,126
2017-02-21,0.105159,0.137157,0.120728,-0.009447,0.013736,LMT,126
2017-02-22,0.105239,0.136983,0.119411,-0.010207,0.020112,LMT,126
2017-02-23,0.105072,0.13737,0.123642,-0.005067,0.021751,LMT,126
2017-02-24,0.105013,0.136933,0.124097,0.005614,0.023911,LMT,126
2017-02-27,0.103891,0.137244,0.12376,0.011155,0.020361,LMT,126
2017-02-28,0.103753,0.136642,0.123603,0.049367,0.014556,LMT,126
2017-03-01,0.103472,0.136911,0.124397,0.045887,0.016208,LMT,126
2017-03-02,0.103313,0.136247,0.123062,0.044003,0.020962,LMT,126
2017-03-03,0.103143,0.13719,0.123737,0.042241,0.027422,LMT,126
2017-03-06,0.103282,0.136613,0.122846,0.043005,0.020845,LMT,126
2017-03-07,0.103303,0.137241,0.124528,0.047134,0.023097,LMT,126
2017-03-08,0.103394,0.137306,0.124733,0.050941,0.021836,LMT,126
2017-03-09,0.103582,0.137597,0.124495,0.057242,0.02608,LMT,126
2017-03-10,0.103361,0.122147,0.103572,0.053324,0.020924,LMT,126
2017-03-13,0.103553,0.123108,0.109571,0.057577,0.02507,LMT,126
2017-03-14,0.103546,0.124034,0.113225,0.060613,0.018478,LMT,126
2017-03-15,0.103479,0.12528,0.108503,0.060073,0.013381,LMT,126
2017-03-16,0.10345,0.12425,0.113657,0.057679,0.017278,LMT,126
2017-03-17,0.103262,0.124107,0.108152,0.05191,0.026954,LMT,126
2017-03-20,0.102859,0.124743,0.11452,0.063488,0.01279,LMT,126
2017-03-21,0.102593,0.125789,0.111958,0.063171,0.01655,LMT,126
2017-03-22,0.102358,0.125717,0.112075,0.057864,0.025789,LMT,126
2017-03-23,0.102063,0.125918,0.113594,0.059702,0.020047,LMT,126
2017-03-24,0.102137,0.125877,0.114131,0.062165,0.016229,LMT,126
2017-03-27,0.102078,0.125789,0.114328,0.062382,0.035689,LMT,126
2017-03-28,0.101126,0.125839,0.114516,0.067247,0.022314,LMT,126
2017-03-29,0.101228,0.124789,0.111976,0.060637,0.023526,LMT,126
2017-03-30,0.101675,0.12454,0.111913,0.060084,0.032195,LMT,126
2017-03-31,0.10162,0.125,0.113715,0.078648,0.009744,LMT,126
2017-04-03,0.101638,0.12553,0.117117,0.074976,0.025436,LMT,126
2017-04-04,0.101759,0.125436,0.117392,0.072579,0.02838,LMT,126
2017-04-05,0.101155,0.124938,0.118107,0.079804,0.010887,LMT,126
2017-04-06,0.101239,0.12482,0.117713,0.066827,0.026463,LMT,126
2017-04-07,0.100451,0.115106,0.105602,0.069674,0.028505,LMT,126
2017-04-10,0.100469,0.115086,0.105754,0.072562,0.022254,LMT,126
2017-04-11,0.100383,0.114845,0.107488,0.065407,0.033911,LMT,126
2017-04-12,0.100194,0.115295,0.106619,0.068938,0.025197,LMT,126
2017-04-13,0.100066,0.114959,0.106975,0.072936,0.016964,LMT,126
2017-04-17,0.10022,0.115339,0.107798,0.066333,0.031835,LMT,126
2017-04-18,0.100258,0.114752,0.107017,0.070609,0.030473,LMT,126
2017-04-19,0.1003,0.114907,0.105375,0.064268,0.029805,LMT,126
2017-04-20,0.100155,0.116153,0.105936,0.069856,0.025396,LMT,126
2017-04-21,0.100544,0.115518,0.106739,0.065326,0.025409,LMT,126
2017-04-24,0.100616,0.1157,0.106837,0.061024,0.027518,LMT,126
2017-04-25,0.098356,0.115501,0.107158,0.027823,0.012848,LMT,126
2017-04-26,0.099753,0.115757,0.107839,0.021841,0.011107,LMT,126
2017-04-27,0.100303,0.116468,0.109608,0.022525,0.015759,LMT,126
2017-04-28,0.104971,0.116412,0.110781,0.01917,0.018586,LMT,126
2017-05-01,0.105179,0.116482,0.110578,0.029929,0.007301,LMT,126
2017-05-02,0.105371,0.116229,0.110172,0.016478,0.021274,LMT,126
2017-05-03,0.105311,0.116312,0.110539,0.017189,0.021422,LMT,126
2017-05-04,0.105465,0.116446,0.110442,0.01204,0.023663,LMT,126
2017-05-05,0.105457,0.116344,0.110129,0.010856,0.018462,LMT,126
2017-05-08,0.105594,0.114551,0.106267,0.012256,0.021551,LMT,126
2017-05-09,0.105903,0.114518,0.103108,0.011503,0.021272,LMT,126
2017-05-10,0.105305,0.114513,0.104781,0.018999,0.016006,LMT,126
2017-05-11,0.105175,0.114334,0.103253,0.014795,0.021243,LMT,126
2017-05-12,0.1057,0.11428,0.103175,0.016763,0.020568,LMT,126
2017-05-15,0.105779,0.114202,0.103203,0.017508,0.021506,LMT,126
2017-05-16,0.105861,0.114069,0.103227,0.016717,0.019247,LMT,126
2017-05-17,0.106098,0.113022,0.105259,0.031311,0.025324,LMT,126
2017-05-18,0.105865,0.112823,0.104207,0.03794,0.019044,LMT,126
2017-05-19,0.105294,0.113085,0.103271,0.022452,0.024603,LMT,126
2017-05-22,0.104967,0.112988,0.104245,0.036301,0.018879,LMT,126
2017-05-23,0.105338,0.113147,0.104387,0.027512,0.022211,LMT,126
2017-05-24,0.105455,0.112824,0.102251,0.037021,0.020466,LMT,126
2017-05-25,0.105544,0.112842,0.102091,0.035938,0.021207,LMT,126
2017-05-26,0.105353,0.112792,0.102679,0.04014,0.017786,LMT,126
2017-05-30,0.105057,0.112687,0.103397,0.047809,0.018332,LMT,126
2017-05-31,0.105261,0.112458,0.102576,0.04399,0.021111,LMT,126
2017-06-01,0.1053,0.112667,0.103477,0.043731,0.016043,LMT,126
2017-06-02,0.10531,0.112458,0.104983,0.037781,0.016346,LMT,126
2017-06-05,0.107427,0.112565,0.103993,0.042049,0.01574,LMT,126
2017-06-06,0.107635,0.110016,0.107478,0.048529,0.017719,LMT,126
2017-06-07,0.107714,0.110034,0.105418,0.0436,0.017665,LMT,126
2017-06-08,0.107745,0.109908,0.104955,0.045592,0.014082,LMT,126
2017-06-09,0.107715,0.10988,0.1051,0.048184,0.018542,LMT,126
2017-06-12,0.107404,0.110383,0.108629,0.042786,0.024071,LMT,126
2017-06-13,0.106961,0.110235,0.109355,0.037493,0.023052,LMT,126
2017-06-14,0.106248,0.108856,0.109276,0.039991,0.008637,LMT,126
2017-06-15,0.10598,0.109566,0.108524,0.03112,0.022068,LMT,126
2017-06-16,0.106141,0.113689,0.109929,0.027252,0.023101,LMT,126
2017-06-19,0.106111,0.111568,0.108906,0.037183,0.01368,LMT,126
2017-06-20,0.106806,0.10855,0.109168,0.041813,0.019366,LMT,126
2017-06-21,0.10683,0.108382,0.109583,0.041139,0.021516,LMT,126
2017-06-22,0.106855,0.108775,0.109687,0.048773,0.015455,LMT,126
2017-06-23,0.106852,0.108313,0.108871,0.046461,0.021723,LMT,126
2017-06-26,0.106258,0.108941,0.109707,0.048608,0.022555,LMT,126
2017-06-27,0.106168,0.109022,0.110192,0.058919,0.018384,LMT,126
2017-06-28,0.105934,0.1096,0.109746,0.051604,0.022127,LMT,126
2017-06-29,0.104877,0.112538,0.110109,0.057273,0.028621,LMT,126
2017-06-30,0.104619,0.109812,0.107771,0.052949,0.017965,LMT,126
2017-07-03,0.104861,0.109946,0.106801,0.06243,0.016093,LMT,126
2017-07-05,0.10434,0.11112,0.103885,0.054005,0.017791,LMT,126
2017-07-06,0.104336,0.109467,0.104402,0.056489,0.033907,LMT,126
2017-07-07,0.103464,0.111536,0.105447,0.045846,0.024862,LMT,126
2017-07-10,0.102939,0.111551,0.105672,0.059628,0.015586,LMT,126
2017-07-11,0.102984,0.111152,0.106315,0.048337,0.031058,LMT,126
2017-07-12,0.103286,0.110802,0.105601,0.052171,0.019292,LMT,126
2017-07-13,0.103185,0.110595,0.105858,0.047395,0.025525,LMT,126
2017-07-14,0.103414,0.111014,0.105742,0.047486,0.021439,LMT,126
2017-07-17,0.103692,0.11095,0.106604,0.054136,0.027896,LMT,126
2017-07-18,0.102465,0.110622,0.106209,0.011332,0.022378,LMT,126
2017-07-19,0.102151,0.111173,0.105814,5e-05,0.019876,LMT,126
2017-07-20,0.102255,0.110383,0.106113,-0.000928,0.02019,LMT,126
2017-07-21,0.102036,0.110518,0.106279,-0.001787,0.020233,LMT,126
2017-07-24,0.102079,0.109993,0.106909,0.01384,0.019715,LMT,126
2017-07-25,0.102938,0.110991,0.107858,0.011461,0.022356,LMT,126
2017-07-26,0.103322,0.111084,0.106825,0.01302,0.018221,LMT,126
2017-07-27,0.104846,0.111204,0.106652,0.013429,0.025288,LMT,126
2017-07-28,0.109734,0.111424,0.106335,0.000497,0.017567,LMT,126
2017-07-31,0.111093,0.111506,0.1073,0.010911,0.019855,LMT,126
2017-08-01,0.112089,0.111346,0.108494,0.012956,0.028172,LMT,126
2017-08-02,0.1137,0.110857,0.106183,0.012257,0.025175,LMT,126
2017-08-03,0.114654,0.11061,0.105913,0.02092,0.026925,LMT,126
2017-08-04,0.137333,0.110769,0.106162,0.019134,0.025567,LMT,126
2017-08-07,0.140588,0.110808,0.106511,0.01313,0.024284,LMT,126
2017-08-08,0.143847,0.110514,0.106302,0.021466,0.022806,LMT,126
2017-08-09,0.146261,0.110511,0.106141,0.038571,0.027437,LMT,126
2017-08-10,0.150401,0.110646,0.106397,0.048138,0.025419,LMT,126
2017-08-11,0.151811,0.109914,0.106818,0.045309,0.023546,LMT,126
2017-08-14,0.152063,0.110028,0.107031,0.03042,0.019965,LMT,126
2017-08-15,0.152511,0.110162,0.107454,0.031774,0.02454,LMT,126
2017-08-16,0.153191,0.110004,0.105885,0.034635,0.02334,LMT,126
2017-08-17,0.153579,0.109887,0.104998,0.05206,0.028003,LMT,126
2017-08-18,0.15418,0.110225,0.105113,0.041803,0.029687,LMT,126
2017-08-21,0.154383,0.110269,0.104676,0.047286,0.023676,LMT,126
2017-08-22,0.154533,0.11004,0.104807,0.040682,0.025881,LMT,126
2017-08-23,0.154908,0.110149,0.105444,0.044471,0.026188,LMT,126
2017-08-24,0.155071,0.11011,0.105653,0.043958,0.025189,LMT,126
2017-08-25,0.155387,0.109796,0.105398,0.041737,0.024485,LMT,126
2017-08-28,0.156012,0.110395,0.104152,0.047206,0.024381,LMT,126
2017-08-29,0.159363,0.109623,0.104235,0.056928,0.022456,LMT,126
2017-08-30,0.160548,0.133431,0.135945,0.051519,0.026487,LMT,126
2017-08-31,0.161068,0.133575,0.138439,0.055067,0.016711,LMT,126
2017-09-01,0.161595,0.133012,0.136022,0.056987,0.015834,LMT,126
2017-09-05,0.162978,0.130758,0.133383,0.065567,0.022567,LMT,126
2017-09-06,0.16331,0.129605,0.132308,0.059763,0.025451,LMT,126
2017-09-07,0.163611,0.129887,0.132404,0.056279,0.021656,LMT,126
2017-09-08,0.164068,0.12978,0.131862,0.056855,0.02348,LMT,126
2017-09-11,0.16426,0.126259,0.126164,0.053883,0.024686,LMT,126
2017-09-12,0.165945,0.126539,0.125294,0.058073,0.022361,LMT,126
2017-09-13,0.166704,0.126744,0.126192,0.059682,0.019476,LMT,126
2017-09-14,0.167071,0.126722,0.127018,0.057745,0.022778,LMT,126
2017-09-15,0.167346,0.126799,0.12552,0.056854,0.018695,LMT,126
2017-09-18,0.167728,0.126665,0.123991,0.06118,0.021783,LMT,126
2017-09-19,0.168376,0.126952,0.124096,0.067675,0.019927,LMT,126
2017-09-20,0.170073,0.126247,0.119206,0.074257,0.022399,LMT,126
2017-09-21,0.175998,0.127505,0.126378,0.07001,0.020581,LMT,126
2017-09-22,0.176361,0.127057,0.126308,0.075896,0.018392,LMT,126
2017-09-25,0.177218,0.127074,0.123582,0.080264,0.024359,LMT,126
2017-09-26,0.178017,0.126866,0.124821,0.080669,0.018959,LMT,126
2017-09-27,0.17857,0.127084,0.124298,0.076617,0.023849,LMT,126
2017-09-28,0.179935,0.139324,0.13973,0.069659,0.021831,LMT,126
2017-09-29,0.180895,0.139297,0.140394,0.064516,0.01928,LMT,126
2017-10-02,0.182765,0.139612,0.141904,0.069603,0.024337,LMT,126
2017-10-03,0.183611,0.139488,0.141805,0.071969,0.023333,LMT,126
2017-10-04,0.185402,0.139492,0.141939,0.069258,0.027092,LMT,126
2017-10-05,0.185912,0.139218,0.141384,0.069206,0.02443,LMT,126
2017-10-06,0.186164,0.142464,0.142227,0.069022,0.021095,LMT,126
2017-10-09,0.187507,0.139069,0.140265,0.067828,0.023119,LMT,126
2017-10-10,0.187667,0.138977,0.139735,0.068139,0.024357,LMT,126
2017-10-11,0.187999,0.139141,0.139362,0.06555,0.023914,LMT,126
2017-10-12,0.188091,0.1389,0.137884,0.064825,0.024461,LMT,126
2017-10-13,0.188268,0.138885,0.138692,0.069069,0.02252,LMT,126
2017-10-16,0.188239,0.138848,0.138665,0.069977,0.021439,LMT,126
2017-10-17,0.188443,0.138723,0.139685,0.067772,0.019659,LMT,126
2017-10-18,0.188364,0.138824,0.13898,0.064846,0.021092,LMT,126
2017-10-19,0.18821,0.138697,0.1362,0.06314,0.022561,LMT,126
2017-10-20,0.200045,0.138194,0.136663,0.058916,0.023209,LMT,126
2017-10-23,0.205373,0.138751,0.138784,0.079669,0.015159,LMT,126
2017-10-24,0.206982,0.135024,0.126327,0.039819,0.016822,LMT,126
2017-10-25,0.207008,0.137205,0.13323,0.026785,0.021006,LMT,126
2017-10-26,0.205069,0.142562,0.130856,0.032926,0.021631,LMT,126
2017-10-27,0.211249,0.136767,0.12577,0.014821,0.023898,LMT,126
2017-10-30,0.212693,0.128565,0.127341,0.012955,0.020218,LMT,126
2017-10-31,0.214463,0.129085,0.126866,0.01353,0.023151,LMT,126
2017-11-01,0.214799,0.128323,0.125156,0.032135,0.026855,LMT,126
2017-11-02,0.214927,0.127479,0.12814,0.009928,0.026295,LMT,126
2017-11-03,0.215492,0.12331,0.113557,0.008417,0.020095,LMT,126
2017-11-06,0.215558,0.122916,0.114235,0.01595,0.022356,LMT,126
2017-11-07,0.216026,0.122848,0.115273,0.004382,0.022576,LMT,126
2017-11-08,0.216183,0.129758,0.115984,0.020017,0.016869,LMT,126
2017-11-09,0.216562,0.121279,0.112705,0.035567,0.025158,LMT,126
2017-11-10,0.216671,0.121396,0.111771,0.025712,0.028079,LMT,126
2017-11-13,0.216706,0.121382,0.112157,0.004823,0.025226,LMT,126
2017-11-14,0.216848,0.119097,0.10688,0.003676,0.022522,LMT,126
2017-11-15,0.216817,0.119143,0.107745,0.000216,0.022892,LMT,126
2017-11-16,0.216982,0.12298,0.115835,0.004162,0.020554,LMT,126
2017-11-17,0.217157,0.137853,0.12815,-0.00777,0.027308,LMT,126
2017-11-20,0.218155,0.122698,0.115658,-0.011668,0.0186,LMT,126
2017-11-21,0.218673,0.123435,0.117581,-0.015306,0.020905,LMT,126
2017-11-22,0.21929,0.120512,0.108933,-0.007469,0.019445,LMT,126
2017-11-24,0.2198,0.167972,0.154086,0.000574,0.016848,LMT,126
2017-11-27,0.220143,0.164322,0.153403,0.025064,0.016066,LMT,126
2017-11-28,0.220366,0.160904,0.141156,0.035144,0.01178,LMT,126
2017-11-29,0.22033,0.161476,0.140715,0.047628,0.015211,LMT,126
2017-11-30,0.220387,0.160469,0.145949,0.049285,0.006296,LMT,126
2017-12-01,0.219514,0.136723,0.11053,0.042284,0.01997,LMT,126
2017-12-04,0.219506,0.139068,0.112636,0.049826,0.01188,LMT,126
2017-12-05,0.219584,0.138796,0.122336,0.037695,0.014011,LMT,126
2017-12-06,0.219895,0.140956,0.12382,0.042039,0.014325,LMT,126
2017-12-07,0.219852,0.137867,0.122063,0.031106,0.014698,LMT,126
2017-12-08,0.221047,0.137684,0.121527,0.022652,0.009268,LMT,126
2017-12-11,0.221555,0.138264,0.121807,0.024919,0.019987,LMT,126
2017-12-12,0.221962,0.148883,0.139904,0.03605,0.014169,LMT,126
2017-12-13,0.222208,0.157345,0.139224,0.037834,0.015031,LMT,126
2017-12-14,0.222377,0.157892,0.138815,0.036673,0.014195,LMT,126
2017-12-15,0.222666,0.152119,0.139004,0.028675,0.008001,LMT,126
2017-12-18,0.222484,0.138892,0.12117,0.023022,0.015573,LMT,126
2017-12-19,0.222836,0.134833,0.121193,0.028405,0.016107,LMT,126
2017-12-20,0.222792,0.133348,0.121489,0.039603,0.020415,LMT,126
2017-12-21,0.224017,0.133635,0.122047,0.041659,0.018638,LMT,126
2017-12-22,0.224238,0.17408,0.146298,0.038865,0.017128,LMT,126
2017-12-26,0.22519,0.174182,0.145909,0.045134,0.013151,LMT,126
2017-12-27,0.225824,0.177474,0.146009,0.045601,0.016186,LMT,126
2017-12-28,0.22624,0.176848,0.145901,0.037906,0.022058,LMT,126
2017-12-29,0.226922,0.176475,0.14587,0.052422,0.012557,LMT,126
2018-01-02,0.226937,0.181531,0.14594,0.047042,0.0195,LMT,126
2018-01-03,0.227687,0.181217,0.14568,0.050986,0.021573,LMT,126
2018-01-04,0.228128,0.178542,0.145544,0.063963,0.026796,LMT,126
2018-01-05,0.228632,0.175432,0.145976,0.072996,0.015702,LMT,126
2018-01-08,0.228809,0.172491,0.145635,0.084462,0.015775,LMT,126
2018-01-09,0.228858,0.169397,0.145881,0.082042,0.016204,LMT,126
2018-01-10,0.229038,0.166292,0.145377,0.088874,0.024509,LMT,126
2018-01-11,0.22938,0.175315,0.145767,0.089858,0.025261,LMT,126
2018-01-12,0.229901,0.168859,0.140824,0.087969,0.024686,LMT,126
2018-01-16,0.230031,0.168101,0.136363,0.103487,0.026124,LMT,126
2018-01-17,0.229916,0.163498,0.136103,0.099852,0.02109,LMT,126
2018-01-18,0.22992,0.164708,0.135261,0.086183,0.019027,LMT,126
2018-01-19,0.230138,0.1648,0.135335,0.108575,0.016842,LMT,126
2018-01-22,0.230643,0.164458,0.13653,0.102286,0.011941,LMT,126
2018-01-23,0.236192,0.162442,0.138076,0.107779,0.016108,LMT,126
2018-01-24,0.237122,0.189774,0.143466,0.107696,0.010258,LMT,126
2018-01-25,0.237239,0.18988,0.141795,0.102336,0.013519,LMT,126
2018-01-26,0.236404,0.190414,0.143691,0.105555,0.025354,LMT,126
2018-01-29,0.234412,0.149626,0.134303,0.05148,0.015501,LMT,126
2018-01-30,0.233751,0.14696,0.13838,0.039696,0.000997,LMT,126
2018-01-31,0.233402,0.145863,0.138609,0.017928,0.01057,LMT,126
2018-02-01,0.232687,0.131886,0.129112,0.004867,0.018893,LMT,126
2018-02-02,0.232231,0.131672,0.130647,0.003466,0.02461,LMT,126
2018-02-05,0.219996,0.146216,0.133992,-0.009244,-0.010449,LMT,126
2018-02-06,0.218396,0.142592,0.133566,-0.013649,0.041672,LMT,126
2018-02-07,0.216334,0.143571,0.13254,-0.048995,0.019912,LMT,126
2018-02-08,0.214833,0.141694,0.132207,0.008651,0.005835,LMT,126
2018-02-09,0.211981,0.141181,0.132034,-0.02037,0.066426,LMT,126
2018-02-12,0.210839,0.14133,0.131171,-0.061171,0.05039,LMT,126
2018-02-13,0.210865,0.141164,0.131796,-0.093378,0.038073,LMT,126
2018-02-14,0.210845,0.140756,0.129924,-0.100862,0.028353,LMT,126
2018-02-15,0.210748,0.141306,0.130495,-0.125133,0.031235,LMT,126
2018-02-16,0.210421,0.141746,0.130101,-0.111628,0.015917,LMT,126
2018-02-20,0.209967,0.141855,0.129898,-0.106065,0.033224,LMT,126
2018-02-21,0.209481,0.141779,0.131162,-0.07682,0.023734,LMT,126
2018-02-22,0.20933,0.17543,0.137267,-0.116166,0.028886,LMT,126
2018-02-23,0.209146,0.17141,0.135979,-0.147801,0.031796,LMT,126
2018-02-26,0.208974,0.168514,0.13612,-0.134554,0.022392,LMT,126
2018-02-27,0.208778,0.1687,0.137507,-0.116505,0.015515,LMT,126
2018-02-28,0.20843,0.167035,0.137178,-0.092313,0.018643,LMT,126
2018-03-01,0.205965,0.159794,0.136783,-0.069847,0.00167,LMT,126
2018-03-02,0.205601,0.154113,0.137023,-0.07586,0.030707,LMT,126
2018-03-05,0.205442,0.155504,0.135945,-0.067459,0.034139,LMT,126
2018-03-06,0.205314,0.156329,0.134969,-0.084382,0.034798,LMT,126
2018-03-07,0.204246,0.153102,0.134151,-0.016212,0.028207,LMT,126
2018-03-08,0.20448,0.152937,0.133846,-0.033666,0.033981,LMT,126
2018-03-09,0.204438,0.153101,0.130002,-0.024721,0.026949,LMT,126
2018-03-12,0.204376,0.152937,0.131943,0.005516,0.019789,LMT,126
2018-03-13,0.20438,0.153683,0.132641,0.011983,0.027964,LMT,126
2018-03-14,0.203124,0.151381,0.132894,0.013708,0.031033,LMT,126
2018-03-15,0.202703,0.151035,0.132918,0.002024,0.030067,LMT,126
2018-03-16,0.202928,0.152643,0.133328,0.004411,0.014655,LMT,126
2018-03-19,0.202714,0.151832,0.133395,0.017882,0.034431,LMT,126
2018-03-20,0.202754,0.152074,0.13398,0.009854,0.030897,LMT,126
2018-03-21,0.203477,0.153144,0.133774,0.012957,0.015018,LMT,126
2018-03-22,0.204039,0.17338,0.138317,0.032933,0.033714,LMT,126
2018-03-23,0.198996,0.161574,0.133142,0.012148,0.025911,LMT,126
2018-03-26,0.198972,0.161552,0.134675,0.005829,0.031944,LMT,126
2018-03-27,0.198691,0.167304,0.134665,0.008771,0.037026,LMT,126
2018-03-28,0.197964,0.168177,0.134696,0.019472,0.041034,LMT,126
2018-03-29,0.19768,0.165027,0.134665,-0.008539,0.031617,LMT,126
2018-04-02,0.196283,0.160348,0.134337,0.023528,0.044177,LMT,126
2018-04-03,0.195603,0.158471,0.132816,0.014536,0.041446,LMT,126
2018-04-04,0.194003,0.166421,0.134777,-0.003282,0.040287,LMT,126
2018-04-05,0.193307,0.173285,0.13524,-0.015162,0.036049,LMT,126
2018-04-06,0.191761,0.170171,0.135681,0.01728,0.039246,LMT,126
2018-04-09,0.191718,0.172401,0.135758,0.008128,0.036593,LMT,126
2018-04-10,0.191621,0.174335,0.13561,-0.001066,0.03572,LMT,126
2018-04-11,0.190313,0.174728,0.135844,0.003239,0.028895,LMT,126
2018-04-12,0.190751,0.172749,0.13585,-0.015762,0.035371,LMT,126
2018-04-13,0.193044,0.173092,0.135526,-0.014628,0.030512,LMT,126
2018-04-16,0.194572,0.17297,0.135819,-0.018072,0.024207,LMT,126
2018-04-17,0.194923,0.172886,0.135514,-0.02629,0.018715,LMT,126
2018-04-18,0.195262,0.172947,0.135388,-0.026926,0.023321,LMT,126
2018-04-19,0.195223,0.174062,0.135506,-0.024384,0.031017,LMT,126
2018-04-20,0.19643,0.175174,0.136455,-0.023634,0.036838,LMT,126
2018-04-23,0.196547,0.175077,0.135844,-0.01975,0.043648,LMT,126
2018-04-24,0.185101,0.17487,0.133932,-0.020627,0.027744,LMT,126
2018-04-25,0.18827,0.174159,0.133793,-0.056403,0.03138,LMT,126
2018-04-26,0.18782,0.173589,0.133316,-0.068066,0.020557,LMT,126
2018-04-27,0.189603,0.172508,0.13331,-0.087571,0.024035,LMT,126
2018-04-30,0.190398,0.169754,0.133892,-0.073139,0.016252,LMT,126
2018-05-01,0.192223,0.174248,0.130308,-0.076089,0.030199,LMT,126
2018-05-02,0.192142,0.173622,0.130425,-0.079172,0.032194,LMT,126
2018-05-03,0.191027,0.169509,0.130548,-0.089915,0.031612,LMT,126
2018-05-04,0.191358,0.171049,0.130371,-0.091335,0.029087,LMT,126
2018-05-07,0.19173,0.169,0.130663,-0.095631,0.027616,LMT,126
2018-05-08,0.191258,0.171355,0.130745,-0.086025,0.032779,LMT,126
2018-05-09,0.19138,0.169994,0.130734,-0.086948,0.038181,LMT,126
2018-05-10,0.191643,0.171024,0.130843,-0.106157,0.029965,LMT,126
2018-05-11,0.191963,0.17146,0.130892,-0.112335,0.029053,LMT,126
2018-05-14,0.191814,0.171544,0.130409,-0.109988,0.027964,LMT,126
2018-05-15,0.192754,0.172024,0.129823,-0.113851,0.033266,LMT,126
2018-05-16,0.193756,0.168123,0.129664,-0.114325,0.028408,LMT,126
2018-05-17,0.194087,0.154548,0.130863,-0.124312,0.032844,LMT,126
2018-05-18,0.195629,0.167012,0.14063,-0.120826,0.024455,LMT,126
2018-05-21,0.196073,0.175918,0.137863,-0.125253,0.027498,LMT,126
2018-05-22,0.196576,0.175103,0.137758,-0.117605,0.026051,LMT,126
2018-05-23,0.196259,0.176842,0.138246,-0.077394,0.026271,LMT,126
2018-05-24,0.195878,0.173301,0.137607,-0.054128,0.026285,LMT,126
2018-05-25,0.196004,0.175507,0.137502,-0.045076,0.02541,LMT,126
2018-05-29,0.196361,0.163782,0.137794,-0.021777,0.027883,LMT,126
2018-05-30,0.196945,0.17,0.138427,-0.031791,0.025502,LMT,126
2018-05-31,0.197676,0.171176,0.141509,0.011013,0.018071,LMT,126
2018-06-01,0.198107,0.174274,0.141817,0.004411,0.029343,LMT,126
2018-06-04,0.198787,0.176714,0.141773,0.025534,0.02547,LMT,126
2018-06-05,0.199556,0.17917,0.141501,0.023193,0.028485,LMT,126
2018-06-06,0.200228,0.179041,0.141489,0.016923,0.028234,LMT,126
2018-06-07,0.202666,0.178607,0.141214,0.024077,0.028601,LMT,126
2018-06-08,0.202971,0.175535,0.141387,0.021422,0.03278,LMT,126
2018-06-11,0.203954,0.178544,0.140779,0.03532,0.019102,LMT,126
2018-06-12,0.204704,0.178681,0.14147,0.029796,0.028781,LMT,126
2018-06-13,0.20444,0.178596,0.14128,0.032774,0.022166,LMT,126
2018-06-14,0.204401,0.178313,0.140764,0.034133,0.022991,LMT,126
2018-06-15,0.204361,0.178081,0.140736,0.034553,0.020133,LMT,126
2018-06-18,0.205348,0.181681,0.160069,0.046495,0.025161,LMT,126
2018-06-19,0.205699,0.181535,0.159518,0.056211,0.030294,LMT,126
2018-06-20,0.209246,0.179382,0.159438,0.057179,0.023211,LMT,126
2018-06-21,0.212714,0.18018,0.151729,0.060543,0.025921,LMT,126
2018-06-22,0.21394,0.179966,0.15286,0.058388,0.027252,LMT,126
2018-06-25,0.214301,0.179191,0.153181,0.079411,0.03421,LMT,126
2018-06-26,0.217569,0.178764,0.150568,0.080888,0.032922,LMT,126
2018-06-27,0.218253,0.17819,0.149014,0.100328,0.020846,LMT,126
2018-06-28,0.218193,0.172429,0.147844,0.093888,0.038065,LMT,126
2018-06-29,0.218618,0.178926,0.14847,0.096548,0.032838,LMT,126
2018-07-02,0.219217,0.170152,0.145992,0.075686,0.039162,LMT,126
2018-07-03,0.219826,0.170139,0.146544,0.083192,0.043166,LMT,126
2018-07-05,0.219575,0.167305,0.146602,0.060212,0.03188,LMT,126
2018-07-06,0.21997,0.170199,0.147059,0.054696,0.036078,LMT,126
2018-07-09,0.219743,0.17666,0.147595,0.024789,0.030099,LMT,126
2018-07-10,0.219719,0.178719,0.148454,0.02518,0.027358,LMT,126
2018-07-11,0.220037,0.17039,0.148018,0.03883,0.023024,LMT,126
2018-07-12,0.220328,0.175403,0.148114,0.033476,0.032352,LMT,126
2018-07-13,0.220654,0.176835,0.148402,0.034174,0.029605,LMT,126
2018-07-16,0.220494,0.178058,0.148606,0.038467,0.029898,LMT,126
2018-07-17,0.220631,0.187834,0.156244,0.039126,0.024123,LMT,126
2018-07-18,0.221484,0.187845,0.155238,0.045818,0.022232,LMT,126
2018-07-19,0.222166,0.188053,0.157035,0.045126,0.023957,LMT,126
2018-07-20,0.222995,0.188386,0.156075,0.028877,0.02838,LMT,126
2018-07-23,0.223033,0.188484,0.156733,0.037564,0.027641,LMT,126
2018-07-24,0.21792,0.186207,0.148538,-0.021672,0.03154,LMT,126
2018-07-25,0.21666,0.186197,0.14876,-0.034017,0.026861,LMT,126
2018-07-26,0.216918,0.185182,0.142916,-0.042177,0.02708,LMT,126
2018-07-27,0.218015,0.186239,0.144907,-0.041426,0.026473,LMT,126
2018-07-30,0.218703,0.18524,0.146691,-0.035656,0.028627,LMT,126
2018-07-31,0.219208,0.184512,0.144827,-0.041168,0.029785,LMT,126
2018-08-01,0.219256,0.18455,0.14506,-0.036831,0.023347,LMT,126
2018-08-02,0.219923,0.184669,0.144485,-0.029712,0.021098,LMT,126
2018-08-03,0.220552,0.184992,0.14453,-0.035047,0.02641,LMT,126
2018-08-06,0.220387,0.184542,0.150183,-0.034518,0.027881,LMT,126
2018-08-07,0.220313,0.184812,0.149709,-0.028023,0.021866,LMT,126
2018-08-08,0.22055,0.18485,0.151134,-0.033521,0.02199,LMT,126
2018-08-09,0.220562,0.1845,0.150621,-0.042285,0.025716,LMT,126
2018-08-10,0.220497,0.18575,0.150853,-0.033804,0.021328,LMT,126
2018-08-13,0.220394,0.185943,0.150851,-0.025366,0.023325,LMT,126
2018-08-14,0.22006,0.188588,0.159803,-0.030994,0.023836,LMT,126
2018-08-15,0.219688,0.189228,0.15907,-0.021822,0.022257,LMT,126
2018-08-16,0.219441,0.189801,0.161371,-0.03356,0.026267,LMT,126
2018-08-17,0.219407,0.189239,0.161143,-0.030247,0.018556,LMT,126
2018-08-20,0.219572,0.189624,0.161071,-0.027695,0.020763,LMT,126
2018-08-21,0.219723,0.188986,0.15999,-0.031566,0.022259,LMT,126
2018-08-22,0.219837,0.188927,0.15975,0.021187,0.017955,LMT,126
2018-08-23,0.219898,0.188991,0.160126,0.029001,0.02374,LMT,126
2018-08-24,0.220002,0.188589,0.159908,0.030115,0.023307,LMT,126
2018-08-27,0.220575,0.188611,0.159485,0.03314,0.019861,LMT,126
2018-08-28,0.220961,0.188865,0.159575,0.037211,0.021658,LMT,126
2018-08-29,0.221523,0.189335,0.161618,0.03958,0.021511,LMT,126
2018-08-30,0.22115,0.189005,0.161373,0.039889,0.026578,LMT,126
2018-08-31,0.221296,0.189009,0.161675,0.038569,0.023671,LMT,126
2018-09-04,0.221716,0.189465,0.162581,0.039178,0.029331,LMT,126
2018-09-05,0.221828,0.189077,0.161786,0.050138,0.024304,LMT,126
2018-09-06,0.221713,0.189581,0.162574,0.049163,0.03171,LMT,126
2018-09-07,0.22175,0.18975,0.162566,0.056027,0.025305,LMT,126
2018-09-10,0.221682,0.189405,0.162968,0.06399,0.019446,LMT,126
2018-09-11,0.22188,0.189008,0.162657,0.057305,0.023465,LMT,126
2018-09-12,0.222325,0.191536,0.170769,0.053094,0.02498,LMT,126
2018-09-13,0.222686,0.191763,0.170243,0.051169,0.028287,LMT,126
2018-09-14,0.222975,0.191584,0.169384,0.051217,0.016406,LMT,126
2018-09-17,0.223153,0.19162,0.168971,0.060867,0.026005,LMT,126
2018-09-18,0.223146,0.191652,0.168639,0.058882,0.023372,LMT,126
2018-09-19,0.221981,0.191466,0.168781,0.048327,0.030787,LMT,126
2018-09-20,0.220387,0.188443,0.169203,0.042474,0.032117,LMT,126
2018-09-21,0.220891,0.185992,0.170951,0.031509,0.03146,LMT,126
2018-09-24,0.221001,0.188101,0.169378,0.038382,0.022961,LMT,126
2018-09-25,0.22031,0.187621,0.167542,0.024829,0.029313,LMT,126
2018-09-26,0.220431,0.18785,0.167346,0.027872,0.031575,LMT,126
2018-09-27,0.220507,0.188052,0.168443,0.022561,0.033288,LMT,126
2018-09-28,0.220617,0.187983,0.168204,0.023704,0.025346,LMT,126
2018-10-01,0.221336,0.187844,0.168621,0.027935,0.027507,LMT,126
2018-10-02,0.221499,0.188159,0.168802,0.030481,0.021796,LMT,126
2018-10-03,0.221357,0.188405,0.167061,0.034692,0.024268,LMT,126
2018-10-04,0.221555,0.188399,0.168862,0.034897,0.031299,LMT,126
2018-10-05,0.221287,0.189029,0.167366,0.048321,0.034067,LMT,126
2018-10-08,0.221536,0.189284,0.166973,0.049773,0.029026,LMT,126
2018-10-09,0.221647,0.189072,0.166944,0.05524,0.03737,LMT,126
2018-10-10,0.221243,0.191241,0.172458,0.104468,0.046626,LMT,126
2018-10-11,0.219023,0.189245,0.168323,0.130475,0.050586,LMT,126
2018-10-12,0.217622,0.18964,0.170507,0.087046,0.045002,LMT,126
2018-10-15,0.21719,0.189814,0.170388,0.076728,0.037483,LMT,126
2018-10-16,0.217153,0.188721,0.170589,0.034951,0.03954,LMT,126
2018-10-17,0.217121,0.188757,0.170688,0.043297,0.037197,LMT,126
2018-10-18,0.218578,0.188216,0.170245,0.06763,0.050932,LMT,126
2018-10-19,0.219335,0.18783,0.168702,0.075728,0.036993,LMT,126
2018-10-22,0.219293,0.186135,0.167922,0.076874,0.044807,LMT,126
2018-10-23,0.211737,0.182337,0.160483,0.026538,0.048946,LMT,126
2018-10-24,0.209965,0.175323,0.159779,0.038847,0.050557,LMT,126
2018-10-25,0.2082,0.178976,0.165233,0.029542,0.05648,LMT,126
2018-10-26,0.20746,0.17655,0.166817,0.057814,0.053839,LMT,126
2018-10-29,0.19969,0.177986,0.171415,0.054642,0.075996,LMT,126
2018-10-30,0.198496,0.178052,0.176036,0.004412,0.044788,LMT,126
2018-10-31,0.198052,0.178997,0.177157,-0.012895,0.033795,LMT,126
2018-11-01,0.197715,0.178993,0.175371,-0.045364,0.03575,LMT,126
2018-11-02,0.197859,0.180017,0.177352,-0.04772,0.040559,LMT,126
2018-11-05,0.198588,0.17997,0.17701,-0.044171,0.046434,LMT,126
2018-11-06,0.198749,0.180183,0.175908,-0.049971,0.041803,LMT,126
2018-11-07,0.198866,0.185693,0.190385,-0.085637,0.033216,LMT,126
2018-11-08,0.199172,0.187391,0.19306,-0.085128,0.034745,LMT,126
2018-11-09,0.199333,0.182,0.188658,-0.070461,0.034567,LMT,126
2018-11-12,0.198529,0.182094,0.188817,-0.038456,0.05659,LMT,126
2018-11-13,0.197764,0.180746,0.188658,-0.042393,0.041314,LMT,126
2018-11-14,0.19776,0.1812,0.187161,-0.022428,0.043513,LMT,126
2018-11-15,0.196725,0.181156,0.185646,-0.025856,0.049941,LMT,126
2018-11-16,0.196251,0.180785,0.184098,-0.036404,0.041946,LMT,126
2018-11-19,0.196037,0.180968,0.177402,-0.02627,0.04859,LMT,126
2018-11-20,0.195197,0.180646,0.176234,-0.001458,0.060332,LMT,126
2018-11-21,0.195195,0.180823,0.175516,0.01282,0.041347,LMT,126
2018-11-23,0.19472,0.180725,0.175477,0.022016,0.041964,LMT,126
2018-11-26,0.193997,0.179941,0.175313,0.009144,0.042076,LMT,126
2018-11-27,0.193219,0.18205,0.175335,-0.002113,0.038164,LMT,126
2018-11-28,0.192372,0.183457,0.174651,0.027945,0.041142,LMT,126
2018-11-29,0.1919,0.183236,0.174766,0.047071,0.037751,LMT,126
2018-11-30,0.191261,0.182832,0.175824,0.06545,0.026099,LMT,126
2018-12-03,0.19053,0.179504,0.171417,0.013027,0.03518,LMT,126
2018-12-04,0.189791,0.182902,0.176839,0.044765,0.031267,LMT,126
2018-12-06,0.187618,0.180051,0.174679,0.052115,0.046814,LMT,126
2018-12-07,0.188711,0.174104,0.187782,0.055727,0.070749,LMT,126
2018-12-10,0.187797,0.170423,0.188755,0.05208,0.045066,LMT,126
2018-12-11,0.185903,0.166967,0.179282,0.034172,0.042528,LMT,126
2018-12-12,0.185818,0.16676,0.176702,0.02502,0.042971,LMT,126
2018-12-13,0.185867,0.165865,0.175716,0.018078,0.040383,LMT,126
2018-12-14,0.185794,0.166335,0.178136,0.029207,0.037045,LMT,126
2018-12-17,0.184525,0.166685,0.176057,0.05029,0.049196,LMT,126
2018-12-18,0.183736,0.166518,0.175205,0.062901,0.037487,LMT,126
2018-12-19,0.179706,0.166714,0.174152,0.044683,0.038155,LMT,126
2018-12-20,0.175208,0.166682,0.174065,0.077784,0.065506,LMT,126
2018-12-21,0.173697,0.166696,0.174139,0.088781,0.063985,LMT,126
2018-12-24,0.172085,0.166163,0.173599,0.14808,0.067691,LMT,126
2018-12-26,0.167795,0.166075,0.174934,0.098541,0.069684,LMT,126
2018-12-27,0.166085,0.16518,0.171995,0.075471,0.066134,LMT,126
2018-12-28,0.165698,0.165173,0.172183,0.058578,0.057447,LMT,126
2018-12-31,0.16482,0.164966,0.171665,0.035516,0.073702,LMT,126
2019-01-02,0.163466,0.164562,0.171938,0.014031,0.046634,LMT,126
2019-01-03,0.162506,0.16426,0.169403,0.032918,0.063256,LMT,126
2019-01-04,0.161875,0.164474,0.170531,0.010111,0.058598,LMT,126
2019-01-07,0.160707,0.164301,0.171376,0.015476,0.037459,LMT,126
2019-01-08,0.160728,0.171306,0.164024,0.008457,0.041281,LMT,126
2019-01-09,0.16056,0.174003,0.164171,0.004818,0.050021,LMT,126
2019-01-10,0.159935,0.168268,0.154805,-1.2e-05,0.046718,LMT,126
2019-01-11,0.159018,0.170061,0.158006,-0.015966,0.048948,LMT,126
2019-01-14,0.158097,0.166263,0.160574,-0.005083,0.033785,LMT,126
2019-01-15,0.157809,0.162821,0.160292,-0.015822,0.040715,LMT,126
2019-01-16,0.157718,0.165535,0.160715,-0.004274,0.028664,LMT,126
2019-01-17,0.156351,0.16328,0.159922,-0.016574,0.044062,LMT,126
2019-01-18,0.15537,0.17094,0.16273,-0.024851,0.033948,LMT,126
2019-01-22,0.156919,0.160936,0.160862,0.020687,0.050212,LMT,126
2019-01-23,0.156675,0.164278,0.161552,0.04381,0.039803,LMT,126
2019-01-24,0.156114,0.160453,0.160121,0.0335,0.050592,LMT,126
2019-01-25,0.155964,0.163687,0.169966,0.02695,0.04378,LMT,126
2019-01-28,0.15512,0.1607,0.167999,0.049658,0.050298,LMT,126
2019-01-29,0.153785,0.160478,0.167815,0.008764,0.041625,LMT,126
2019-01-30,0.15384,0.174558,0.16993,-0.004356,0.037071,LMT,126
2019-01-31,0.154464,0.176012,0.17006,-0.00222,0.038843,LMT,126
2019-02-01,0.154509,0.176308,0.170448,-0.006192,0.042109,LMT,126
2019-02-04,0.154522,0.176399,0.167047,-0.019294,0.033954,LMT,126
2019-02-05,0.154367,0.176365,0.172074,-0.023307,0.035352,LMT,126
2019-02-06,0.155279,0.165691,0.155529,-0.019857,0.037284,LMT,126
2019-02-07,0.155389,0.165667,0.157516,-0.010041,0.037357,LMT,126
2019-02-08,0.155572,0.164605,0.158204,-0.013312,0.037859,LMT,126
2019-02-11,0.155481,0.169447,0.159427,-0.004421,0.035498,LMT,126
2019-02-12,0.15611,0.170982,0.156704,-0.013375,0.031881,LMT,126
2019-02-13,0.156782,0.173412,0.15624,-0.00922,0.031272,LMT,126
2019-02-14,0.157537,0.173646,0.157653,0.001035,0.034505,LMT,126
2019-02-15,0.157975,0.17274,0.159235,-0.006936,0.032912,LMT,126
2019-02-19,0.15793,0.17223,0.159907,0.001039,0.035492,LMT,126
2019-02-20,0.158202,0.175063,0.16117,0.003561,0.036174,LMT,126
2019-02-21,0.158381,0.1767,0.159262,0.021164,0.035022,LMT,126
2019-02-22,0.158632,0.178366,0.158784,0.01918,0.034515,LMT,126
2019-02-25,0.160464,0.178847,0.15928,0.026928,0.030925,LMT,126
2019-02-26,0.160709,0.178912,0.159912,0.030394,0.032467,LMT,126
2019-02-27,0.160869,0.17877,0.156564,0.033102,0.0264,LMT,126
2019-02-28,0.160708,0.179339,0.156579,0.043392,0.024125,LMT,126
2019-03-01,0.160489,0.179848,0.159206,0.039266,0.031127,LMT,126
2019-03-04,0.159702,0.17987,0.162603,0.053273,0.042371,LMT,126
2019-03-05,0.159798,0.17855,0.162732,0.051144,0.031227,LMT,126
2019-03-06,0.159462,0.177505,0.160849,0.068701,0.027026,LMT,126
2019-03-07,0.159321,0.162841,0.160084,0.068529,0.046669,LMT,126
2019-03-08,0.159165,0.164397,0.161908,0.07581,0.04365,LMT,126
2019-03-11,0.159014,0.16321,0.161332,0.051031,0.029616,LMT,126
2019-03-12,0.160846,0.162539,0.160043,0.056479,0.033132,LMT,126
2019-03-13,0.161146,0.162862,0.158801,0.043681,0.033379,LMT,126
2019-03-14,0.160994,0.165435,0.161362,0.054525,0.038813,LMT,126
2019-03-15,0.160366,0.163796,0.161717,0.038641,0.035141,LMT,126
2019-03-18,0.160519,0.16551,0.161585,0.032022,0.023146,LMT,126
2019-03-19,0.161801,0.16739,0.162229,0.03562,0.043444,LMT,126
2019-03-20,0.161922,0.165013,0.161119,0.040003,0.037974,LMT,126
2019-03-21,0.161763,0.166004,0.162278,0.044651,0.023059,LMT,126
2019-03-22,0.161897,0.163579,0.162421,0.054095,0.03401,LMT,126
2019-03-25,0.16183,0.165096,0.158426,0.064907,0.031797,LMT,126
2019-03-26,0.16168,0.164273,0.157624,0.053237,0.040386,LMT,126
2019-03-27,0.161061,0.1629,0.157958,0.046729,0.044048,LMT,126
2019-03-28,0.161498,0.161825,0.159157,0.04466,0.031412,LMT,126
2019-03-29,0.161991,0.162864,0.157801,0.042301,0.046961,LMT,126
2019-04-01,0.162013,0.163609,0.159146,0.042956,0.0341,LMT,126
2019-04-02,0.162266,0.163371,0.1592,0.049221,0.040938,LMT,126
2019-04-03,0.162388,0.163567,0.158291,0.053776,0.04427,LMT,126
2019-04-04,0.162848,0.160309,0.15777,0.044427,0.03742,LMT,126
2019-04-05,0.163069,0.160502,0.15736,0.042064,0.034192,LMT,126
2019-04-08,0.162822,0.162958,0.157434,0.047248,0.032895,LMT,126
2019-04-09,0.163382,0.160597,0.157958,0.061038,0.043142,LMT,126
2019-04-10,0.163079,0.164164,0.15883,0.061422,0.042183,LMT,126
2019-04-11,0.163132,0.169766,0.158962,0.050336,0.032925,LMT,126
2019-04-12,0.163605,0.169172,0.159505,0.045024,0.035896,LMT,126
2019-04-15,0.163779,0.167158,0.15857,0.052624,0.037761,LMT,126
2019-04-16,0.163851,0.175306,0.159643,0.051073,0.04181,LMT,126
2019-04-17,0.163999,0.169976,0.159623,0.058314,0.03842,LMT,126
2019-04-18,0.164073,0.169631,0.159734,0.065385,0.031645,LMT,126
2019-04-22,0.16558,0.167923,0.159067,0.078346,0.03893,LMT,126
2019-04-23,0.162174,0.168571,0.158051,0.019072,0.030209,LMT,126
2019-04-24,0.163439,0.169463,0.158645,0.003577,0.030195,LMT,126
2019-04-25,0.163411,0.169558,0.159691,0.005236,0.030706,LMT,126
2019-04-26,0.163699,0.170236,0.159151,0.005328,0.021708,LMT,126
2019-04-29,0.163665,0.169668,0.159971,-0.002678,0.028925,LMT,126
2019-04-30,0.163787,0.169691,0.159002,-0.007113,0.026347,LMT,126
2019-05-01,0.163635,0.170637,0.160793,-0.004949,0.034008,LMT,126
2019-05-02,0.163821,0.167847,0.159175,-0.006142,0.033529,LMT,126
2019-05-03,0.163778,0.162044,0.162962,-0.005939,0.031774,LMT,126
2019-05-06,0.163569,0.162514,0.162885,0.008792,0.034966,LMT,126
2019-05-07,0.164019,0.163536,0.163764,0.034903,0.049079,LMT,126
2019-05-08,0.163511,0.162911,0.163917,0.025779,0.043184,LMT,126
2019-05-09,0.162484,0.164044,0.163622,0.0229,0.049823,LMT,126
2019-05-10,0.162175,0.164558,0.164176,0.002355,0.049016,LMT,126
2019-05-13,0.161301,0.163589,0.163306,0.043232,0.046989,LMT,126
2019-05-14,0.160568,0.163399,0.162923,0.011744,0.043565,LMT,126
2019-05-15,0.160033,0.162467,0.162053,-0.00677,0.041977,LMT,126
2019-05-16,0.160218,0.162462,0.162053,-0.018492,0.04196,LMT,126
2019-05-17,0.160104,0.161842,0.161644,-0.019063,0.038619,LMT,126
2019-05-20,0.159576,0.162307,0.161862,-0.002063,0.032806,LMT,126
2019-05-21,0.159106,0.161968,0.161051,-0.023164,0.034459,LMT,126
2019-05-22,0.159284,0.16175,0.161808,-0.00115,0.03407,LMT,126
2019-05-23,0.158678,0.160662,0.161196,0.023996,0.040894,LMT,126
2019-05-24,0.158406,0.161022,0.161955,0.019161,0.038743,LMT,126
2019-05-28,0.158211,0.160814,0.161898,0.024963,0.03647,LMT,126
2019-05-29,0.158247,0.162062,0.162151,0.037697,0.033148,LMT,126
2019-05-30,0.158622,0.160341,0.1607,0.023362,0.038751,LMT,126
2019-05-31,0.158437,0.160644,0.160802,0.0369,0.03796,LMT,126
2019-06-03,0.158117,0.160749,0.159104,0.038596,0.041781,LMT,126
2019-06-04,0.158542,0.160619,0.159108,0.022877,0.038738,LMT,126
2019-06-05,0.158637,0.160798,0.159773,0.023153,0.031307,LMT,126
2019-06-06,0.15887,0.16029,0.159141,0.025169,0.036509,LMT,126
2019-06-07,0.158838,0.159722,0.158641,0.019907,0.032231,LMT,126
2019-06-10,0.158361,0.159525,0.158885,0.036761,0.035475,LMT,126
2019-06-11,0.15628,0.15951,0.158976,0.03501,0.035931,LMT,126
2019-06-12,0.156172,0.159387,0.158138,0.037609,0.032845,LMT,126
2019-06-13,0.155604,0.158605,0.157562,0.034177,0.032618,LMT,126
2019-06-14,0.155547,0.158605,0.157028,0.043365,0.026142,LMT,126
2019-06-17,0.155044,0.158617,0.156936,0.042361,0.032976,LMT,126
2019-06-18,0.154801,0.158413,0.156752,0.038168,0.03974,LMT,126
2019-06-19,0.154724,0.157995,0.157328,0.043433,0.027254,LMT,126
2019-06-20,0.155034,0.158105,0.158452,0.065795,0.034279,LMT,126
2019-06-21,0.154884,0.158754,0.158183,0.054358,0.030679,LMT,126
2019-06-24,0.154898,0.158668,0.15764,0.058445,0.035093,LMT,126
2019-06-25,0.15544,0.158368,0.158128,0.065567,0.03925,LMT,126
2019-06-26,0.154995,0.158993,0.158134,0.066041,0.035717,LMT,126
2019-06-27,0.154792,0.158589,0.157988,0.066748,0.034378,LMT,126
2019-06-28,0.154322,0.158253,0.157047,0.05869,0.035387,LMT,126
2019-07-01,0.153942,0.156658,0.152207,0.047215,0.033773,LMT,126
2019-07-02,0.154008,0.155995,0.152532,0.034351,0.036777,LMT,126
2019-07-03,0.154285,0.155416,0.151259,0.033444,0.037094,LMT,126
2019-07-05,0.156315,0.156167,0.151905,0.033366,0.034063,LMT,126
2019-07-08,0.157734,0.15607,0.153462,0.040963,0.035252,LMT,126
2019-07-09,0.158391,0.156998,0.153703,0.043929,0.030782,LMT,126
2019-07-10,0.15855,0.156345,0.155621,0.041186,0.034472,LMT,126
2019-07-11,0.1587,0.157259,0.155862,0.05519,0.031853,LMT,126
2019-07-12,0.158693,0.157159,0.155549,0.050136,0.034569,LMT,126
2019-07-15,0.159035,0.1571,0.155407,0.058137,0.035176,LMT,126
2019-07-16,0.159069,0.158487,0.156686,0.065524,0.03089,LMT,126
2019-07-17,0.158778,0.157301,0.154034,0.070246,0.035947,LMT,126
2019-07-18,0.158445,0.158819,0.156618,0.065585,0.036497,LMT,126
2019-07-19,0.158341,0.160231,0.156755,0.073117,0.02789,LMT,126
2019-07-22,0.158489,0.160402,0.155718,0.075286,0.041037,LMT,126
2019-07-23,0.155456,0.158163,0.151812,0.026901,0.032649,LMT,126
2019-07-24,0.154906,0.157055,0.151487,0.010997,0.032457,LMT,126
2019-07-25,0.154384,0.156476,0.152032,0.006232,0.032557,LMT,126
2019-07-26,0.154894,0.156534,0.152101,0.007256,0.030492,LMT,126
2019-07-29,0.157478,0.156675,0.15151,0.009941,0.032073,LMT,126
2019-07-30,0.157557,0.157423,0.153957,0.012304,0.035924,LMT,126
2019-07-31,0.156028,0.157249,0.153587,0.014488,0.033618,LMT,126
2019-08-01,0.155381,0.157256,0.153536,0.028066,0.039626,LMT,126
2019-08-02,0.155589,0.157002,0.152404,0.031384,0.042118,LMT,126
2019-08-05,0.154737,0.156282,0.15313,0.06935,0.055873,LMT,126
2019-08-06,0.15449,0.156796,0.154439,0.036817,0.050529,LMT,126
2019-08-07,0.153353,0.156921,0.154553,0.034078,0.059255,LMT,126
2019-08-08,0.152884,0.157215,0.15431,0.003735,0.057784,LMT,126
2019-08-09,0.152282,0.156942,0.154708,0.005123,0.047638,LMT,126
2019-08-12,0.152299,0.156703,0.154027,0.022497,0.054861,LMT,126
2019-08-13,0.151785,0.15648,0.152871,0.004955,0.0528,LMT,126
2019-08-14,0.151332,0.15684,0.152271,0.044545,0.056409,LMT,126
2019-08-15,0.150547,0.156321,0.151988,0.026244,0.054452,LMT,126
2019-08-16,0.150378,0.156204,0.150761,0.008663,0.056322,LMT,126
2019-08-19,0.150333,0.156161,0.150762,-6e-05,0.044195,LMT,126
2019-08-20,0.151174,0.156081,0.150646,-0.002243,0.046954,LMT,126
2019-08-21,0.151197,0.156299,0.150184,-0.002404,0.046294,LMT,126
2019-08-22,0.151243,0.156691,0.149864,0.004325,0.047146,LMT,126
2019-08-23,0.154614,0.155724,0.148724,0.025908,0.058901,LMT,126
2019-08-26,0.156485,0.155405,0.148657,0.022496,0.055271,LMT,126
2019-08-27,0.159161,0.154187,0.146853,0.019598,0.056188,LMT,126
2019-08-28,0.162581,0.153672,0.147342,0.018921,0.049139,LMT,126
2019-08-29,0.17144,0.153796,0.146827,0.004829,0.060204,LMT,126
2019-08-30,0.178295,0.153536,0.146252,0.011259,0.046482,LMT,126
2019-09-03,0.181161,0.153263,0.148224,0.017746,0.056397,LMT,126
2019-09-04,0.184153,0.152699,0.146256,0.022116,0.039379,LMT,126
2019-09-05,0.186864,0.154065,0.149378,0.013115,0.049845,LMT,126
2019-09-06,0.19246,0.153943,0.148786,0.015524,0.054298,LMT,126
2019-09-09,0.197619,0.154379,0.150179,0.031912,0.049794,LMT,126
2019-09-10,0.200823,0.154363,0.15063,0.021898,0.050196,LMT,126
2019-09-11,0.217738,0.154096,0.150141,0.013432,0.050988,LMT,126
2019-09-12,0.232467,0.1546,0.151257,0.00681,0.043943,LMT,126
2019-09-13,0.247898,0.154807,0.150736,0.008619,0.048625,LMT,126
2019-09-16,0.258838,0.155473,0.149934,0.039577,0.052937,LMT,126
2019-09-17,0.272616,0.155382,0.149347,0.029358,0.046927,LMT,126
2019-09-18,0.276506,0.155235,0.14964,0.019572,0.047601,LMT,126
2019-09-19,0.283296,0.155516,0.150682,0.019418,0.055527,LMT,126
2019-09-20,0.291859,0.155558,0.150747,0.03181,0.049679,LMT,126
2019-09-23,0.296145,0.155043,0.150773,0.022635,0.046057,LMT,126
2019-09-24,0.313199,0.15441,0.149362,0.039469,0.057668,LMT,126
2019-09-25,0.317703,0.179379,0.15217,0.040698,0.047844,LMT,126
2019-09-26,0.328133,0.173728,0.151762,0.040305,0.051838,LMT,126
2019-09-27,0.330174,0.167569,0.150865,0.057213,0.05392,LMT,126
2019-09-30,0.331038,0.168535,0.151862,0.047257,0.050913,LMT,126
2019-10-01,0.33366,0.170479,0.152661,0.068877,0.054633,LMT,126
2019-10-02,0.334355,0.169932,0.152801,0.079934,0.06104,LMT,126
2019-10-03,0.334318,0.167699,0.152277,0.067216,0.065546,LMT,126
2019-10-04,0.334563,0.165319,0.153207,0.063354,0.067877,LMT,126
2019-10-07,0.337539,0.165425,0.153319,0.060141,0.057995,LMT,126
2019-10-08,0.339305,0.164182,0.152733,0.070791,0.058013,LMT,126
2019-10-09,0.340909,0.164385,0.152557,0.067731,0.061092,LMT,126
2019-10-10,0.341421,0.164442,0.152874,0.070837,0.062035,LMT,126
2019-10-11,0.342502,0.16342,0.152906,0.070043,0.050774,LMT,126
2019-10-14,0.343229,0.163242,0.152595,0.055168,0.053522,LMT,126
2019-10-15,0.343754,0.165775,0.152971,0.052177,0.054476,LMT,126
2019-10-16,0.345062,0.165412,0.151885,0.056672,0.048707,LMT,126
2019-10-17,0.346535,0.157435,0.151907,0.057741,0.055128,LMT,126
2019-10-18,0.349563,0.157953,0.151589,0.061675,0.050937,LMT,126
2019-10-21,0.350125,0.160674,0.153712,0.061316,0.051785,LMT,126
2019-10-22,0.349327,0.161166,0.153949,0.015666,0.046314,LMT,126
2019-10-23,0.350079,0.194148,0.153169,0.001064,0.046133,LMT,126
2019-10-24,0.349926,0.183695,0.152884,-0.005015,0.047126,LMT,126
2019-10-25,0.350207,0.182005,0.152841,-0.004603,0.042778,LMT,126
2019-10-28,0.351788,0.183274,0.152535,-0.006216,0.044487,LMT,126
2019-10-29,0.352405,0.184126,0.152612,-0.006614,0.0428,LMT,126
2019-10-30,0.352412,0.216755,0.151481,-0.0186,0.041028,LMT,126
2019-10-31,0.35293,0.211441,0.152284,-0.014722,0.045637,LMT,126
2019-11-01,0.353506,0.214983,0.153587,-0.013297,0.041499,LMT,126
2019-11-04,0.353367,0.209431,0.154458,-0.006674,0.046588,LMT,126
2019-11-05,0.353496,0.209647,0.154473,-0.005707,0.047339,LMT,126
2019-11-06,0.3536,0.209056,0.152664,-0.014346,0.045072,LMT,126
2019-11-07,0.353658,0.206243,0.15251,-0.00819,0.048906,LMT,126
2019-11-08,0.354449,0.205052,0.153016,-0.017091,0.042688,LMT,126
2019-11-11,0.355048,0.204674,0.155186,-0.015223,0.041826,LMT,126
2019-11-12,0.355642,0.216482,0.153457,-0.017225,0.042042,LMT,126
2019-11-13,0.355791,0.205005,0.153526,-0.019667,0.041568,LMT,126
2019-11-14,0.357417,0.20668,0.15349,-0.021234,0.038927,LMT,126
2019-11-15,0.358173,0.202579,0.153091,-0.024139,0.035228,LMT,126
2019-11-18,0.358717,0.19065,0.155631,-0.008263,0.03449,LMT,126
2019-11-19,0.358806,0.203796,0.154991,-0.001968,0.033692,LMT,126
2019-11-20,0.358933,0.198704,0.157113,0.011741,0.036247,LMT,126
2019-11-21,0.35909,0.181074,0.157061,0.020499,0.036021,LMT,126
2019-11-22,0.35993,0.179575,0.155382,0.020209,0.036591,LMT,126
2019-11-25,0.359921,0.180666,0.15518,0.005986,0.032801,LMT,126
2019-11-26,0.36042,0.185008,0.1525,0.010488,0.028264,LMT,126
2019-11-27,0.360756,0.183595,0.151419,0.006593,0.033929,LMT,126
2019-11-29,0.361066,0.184799,0.15002,0.014584,0.039032,LMT,126
2019-12-02,0.361336,0.193635,0.154224,0.044622,0.0358,LMT,126
2019-12-03,0.361416,0.185536,0.157124,0.047524,0.033914,LMT,126
2019-12-04,0.361867,0.187139,0.157386,0.040129,0.036599,LMT,126
2019-12-05,0.362027,0.181979,0.157931,0.04107,0.023449,LMT,126
2019-12-06,0.362071,0.176029,0.156321,0.027126,0.038327,LMT,126
2019-12-09,0.362186,0.180999,0.157163,0.039244,0.03652,LMT,126
2019-12-10,0.363236,0.180361,0.153025,0.034943,0.038273,LMT,126
2019-12-11,0.365231,0.179818,0.155308,0.034576,0.031079,LMT,126
2019-12-12,0.365994,0.185914,0.153186,0.044173,0.031945,LMT,126
2019-12-13,0.367171,0.185445,0.153684,0.033821,0.036508,LMT,126
2019-12-16,0.367839,0.186173,0.151958,0.035395,0.039015,LMT,126
2019-12-17,0.368031,0.187883,0.152719,0.040625,0.034408,LMT,126
2019-12-18,0.368142,0.190212,0.157678,0.046429,0.039444,LMT,126
2019-12-19,0.368287,0.195792,0.162266,0.039491,0.037742,LMT,126
2019-12-20,0.368439,0.193851,0.159953,0.036525,0.038118,LMT,126
2019-12-23,0.368852,0.193056,0.165246,0.040177,0.030577,LMT,126
2019-12-24,0.369666,0.194041,0.165791,0.042045,0.036663,LMT,126
2019-12-26,0.371175,0.187424,0.165539,0.05933,0.041432,LMT,126
2019-12-27,0.371376,0.195606,0.163991,0.058541,0.043854,LMT,126
2019-12-30,0.371559,0.192088,0.161908,0.067481,0.037101,LMT,126
2019-12-31,0.371753,0.197499,0.156368,0.067083,0.042415,LMT,126
2020-01-02,0.371699,0.191364,0.158127,0.059374,0.047794,LMT,126
2020-01-03,0.370961,0.183836,0.154867,0.104395,0.031765,LMT,126
2020-01-06,0.370642,0.186274,0.159307,0.07002,0.03021,LMT,126
2020-01-07,0.370944,0.185779,0.159967,0.063889,0.028711,LMT,126
2020-01-08,0.37124,0.187144,0.159834,0.06318,0.027052,LMT,126
2020-01-09,0.371323,0.185756,0.159526,0.051122,0.033042,LMT,126
2020-01-10,0.372019,0.182702,0.159214,0.039656,0.033681,LMT,126
2020-01-13,0.371974,0.186252,0.160252,0.037234,0.033467,LMT,126
2020-01-14,0.372097,0.184822,0.16149,0.037385,0.032291,LMT,126
2020-01-15,0.37239,0.184025,0.16057,0.033267,0.033758,LMT,126
2020-01-16,0.372577,0.187298,0.160382,0.024817,0.036879,LMT,126
2020-01-17,0.372855,0.188005,0.160539,0.027025,0.032824,LMT,126
2020-01-21,0.373304,0.266153,0.167586,0.038226,0.031538,LMT,126
2020-01-22,0.374408,0.266736,0.168917,0.037592,0.030959,LMT,126
2020-01-23,0.374677,0.253145,0.169628,0.041902,0.041001,LMT,126
2020-01-24,0.37545,0.202897,0.159592,0.051193,0.043192,LMT,126
2020-01-27,0.375421,0.185103,0.159741,0.056878,0.042807,LMT,126
2020-01-28,0.374751,0.196263,0.159739,0.00241,0.036453,LMT,126
2020-01-29,0.374758,0.186544,0.159767,0.001089,0.030607,LMT,126
2020-01-30,0.374831,0.184491,0.159574,0.004787,0.034647,LMT,126
2020-01-31,0.37498,0.178417,0.157782,0.016712,0.046638,LMT,126
2020-02-03,0.375156,0.176126,0.158486,0.009617,0.040839,LMT,126
2020-02-04,0.37519,0.212283,0.160301,0.016338,0.035959,LMT,126
2020-02-05,0.375182,0.225986,0.160007,0.014765,0.035443,LMT,126
2020-02-06,0.375284,0.207249,0.159392,0.025322,0.031039,LMT,126
2020-02-07,0.37553,0.185781,0.159768,0.02957,0.047621,LMT,126
2020-02-10,0.375601,0.182285,0.159223,0.039491,0.03859,LMT,126
2020-02-11,0.376002,0.184952,0.158756,0.033029,0.031819,LMT,126
2020-02-12,0.37607,0.203259,0.168087,0.027737,0.033372,LMT,126
2020-02-13,0.376328,0.217801,0.168939,0.029201,0.027839,LMT,126
2020-02-14,0.376532,0.228745,0.1694,0.016309,0.031089,LMT,126
2020-02-18,0.376686,0.197556,0.16311,0.026437,0.02864,LMT,126
2020-02-19,0.376719,0.277028,0.167651,0.030928,0.023148,LMT,126
2020-02-20,0.376286,0.26797,0.161555,0.027895,0.037345,LMT,126
2020-02-21,0.376337,0.231945,0.160547,0.031106,0.042672,LMT,126
2020-02-24,0.376171,0.220348,0.158299,0.069235,0.047378,LMT,126
2020-02-25,0.374061,0.170707,0.153208,0.075532,0.064125,LMT,126
2020-02-26,0.373882,0.170945,0.149926,0.07312,0.057719,LMT,126
2020-02-27,0.372939,0.175714,0.152293,0.153676,0.050274,LMT,126
2020-02-28,0.371335,0.175504,0.154033,0.192739,0.125084,LMT,126
2020-03-02,0.367259,0.174223,0.151882,0.059773,0.092907,LMT,126
2020-03-03,0.364245,0.177153,0.159929,0.083309,0.104627,LMT,126
2020-03-04,0.362807,0.179498,0.169275,-0.00341,0.075749,LMT,126
2020-03-05,0.361998,0.177629,0.16525,0.10262,0.114112,LMT,126
2020-03-06,0.362019,0.177388,0.164139,0.102029,0.137591,LMT,126
2020-03-09,0.360267,0.176351,0.158959,0.224113,0.113138,LMT,126
2020-03-10,0.357613,0.17641,0.158758,0.099066,0.136544,LMT,126
2020-03-11,0.355394,0.178291,0.16116,0.170616,0.153217,LMT,126
2020-03-12,0.345625,0.179471,0.162823,0.371523,0.113389,LMT,126
2020-03-13,0.336115,0.179561,0.183615,0.102953,0.187963,LMT,126
2020-03-16,0.32504,0.179577,0.17806,0.321586,0.244793,LMT,126
2020-03-17,0.316675,0.181658,0.179006,0.146193,0.249944,LMT,126
2020-03-18,0.304136,0.16471,0.196563,0.161037,0.252999,LMT,126
2020-03-19,0.301041,0.212597,0.2048,0.097132,0.193834,LMT,126
2020-03-20,0.294697,0.247896,0.207723,0.146499,0.103034,LMT,126
2020-03-23,0.287112,0.247896,0.205735,0.057837,0.105221,LMT,126
2020-03-24,0.283578,0.246979,0.207011,-0.05841,0.144817,LMT,126
2020-03-25,0.265799,0.243385,0.206937,-0.097451,0.149642,LMT,126
2020-03-26,0.261238,0.236009,0.205849,-0.156907,0.145043,LMT,126
2020-03-27,0.248666,0.235726,0.204229,-0.081571,0.182822,LMT,126
2020-03-30,0.246045,0.236442,0.206537,-0.178438,0.173442,LMT,126
2020-03-31,0.244935,0.236493,0.206593,-0.188695,0.128625,LMT,126
2020-04-01,0.241678,0.235347,0.205544,-0.180256,0.155455,LMT,126
2020-04-02,0.241369,0.235833,0.206124,-0.211478,0.140029,LMT,126
2020-04-03,0.241738,0.23683,0.2068,-0.208774,0.112275,LMT,126
2020-04-06,0.241871,0.231934,0.206406,-0.238605,0.128114,LMT,126
2020-04-07,0.237941,0.231506,0.203974,-0.192602,0.105554,LMT,126
2020-04-08,0.235007,0.229935,0.203507,-0.219376,0.110309,LMT,126
2020-04-09,0.232907,0.225468,0.200558,-0.247522,0.118378,LMT,126
2020-04-13,0.232104,0.224409,0.19976,-0.209319,0.133486,LMT,126
2020-04-14,0.230644,0.226884,0.203244,-0.214269,0.122363,LMT,126
2020-04-15,0.229666,0.225055,0.199201,-0.160577,0.130253,LMT,126
2020-04-16,0.22954,0.202665,0.192382,-0.128332,0.114287,LMT,126
2020-04-17,0.227765,0.202899,0.188378,-0.136829,0.115643,LMT,126
2020-04-20,0.22521,0.202929,0.185985,-0.0464,0.06967,LMT,126
2020-04-21,0.219977,0.210377,0.18615,-0.034326,0.061991,LMT,126
2020-04-22,0.220694,0.20432,0.187047,-0.052289,0.071228,LMT,126
2020-04-23,0.221279,0.204441,0.189342,-0.050982,0.054173,LMT,126
2020-04-24,0.220017,0.204852,0.189616,-0.031658,0.047303,LMT,126
2020-04-27,0.220521,0.208178,0.191518,-0.022994,0.047071,LMT,126
2020-04-28,0.220684,0.206426,0.191034,-0.01781,0.079427,LMT,126
2020-04-29,0.218299,0.205862,0.190692,-0.008465,0.057966,LMT,126
2020-04-30,0.218005,0.203332,0.190827,0.002116,0.019841,LMT,126
2020-05-01,0.218519,0.203494,0.190473,0.022765,0.029587,LMT,126
2020-05-04,0.218531,0.204847,0.190465,0.000289,0.069461,LMT,126
2020-05-05,0.218695,0.20492,0.188345,0.024677,0.070129,LMT,126
2020-05-06,0.219303,0.204677,0.188958,0.02759,0.06349,LMT,126
2020-05-07,0.221058,0.210829,0.189745,0.030368,0.065975,LMT,126
2020-05-08,0.222117,0.207295,0.189406,0.021466,0.070806,LMT,126
2020-05-11,0.222214,0.210215,0.188346,0.018777,0.063943,LMT,126
2020-05-12,0.222787,0.213606,0.188537,0.038515,0.065216,LMT,126
2020-05-13,0.2226,0.214121,0.191353,0.059938,0.082549,LMT,126
2020-05-14,0.22218,0.206446,0.192601,0.041053,0.065306,LMT,126
2020-05-15,0.221959,0.213907,0.193207,0.043159,0.083173,LMT,126
2020-05-18,0.219538,0.205674,0.196345,0.019374,0.088056,LMT,126
2020-05-19,0.218388,0.203992,0.194273,0.046883,0.075912,LMT,126
2020-05-20,0.217726,0.203554,0.19061,0.069528,0.066959,LMT,126
2020-05-21,0.218113,0.202706,0.185831,0.051421,0.073885,LMT,126
2020-05-22,0.218254,0.202904,0.185067,0.055184,0.097252,LMT,126
2020-05-26,0.218591,0.205277,0.172632,0.069156,0.070224,LMT,126
2020-05-27,0.217372,0.201636,0.165447,0.030255,0.069953,LMT,126
2020-05-28,0.217291,0.202269,0.165163,0.057219,0.036002,LMT,126
2020-05-29,0.216478,0.202604,0.16354,0.067287,0.043099,LMT,126
2020-06-01,0.216018,0.20256,0.163376,0.05837,0.033095,LMT,126
2020-06-02,0.216398,0.202384,0.161379,0.060635,0.05549,LMT,126
2020-06-03,0.21658,0.202,0.160868,0.06446,0.042611,LMT,126
2020-06-04,0.216576,0.201693,0.160583,0.047173,0.029842,LMT,126
2020-06-05,0.216599,0.201204,0.160184,0.041875,0.04469,LMT,126
2020-06-08,0.216525,0.200264,0.160063,0.046342,0.033004,LMT,126
2020-06-09,0.21663,0.200647,0.15879,0.052977,0.054035,LMT,126
2020-06-10,0.216556,0.199494,0.159059,0.069885,0.041188,LMT,126
2020-06-11,0.215148,0.206355,0.161665,0.163656,0.076522,LMT,126
2020-06-12,0.212883,0.200024,0.168613,0.138694,0.082474,LMT,126
2020-06-15,0.21205,0.20019,0.162704,0.122562,0.06966,LMT,126
2020-06-16,0.210588,0.201745,0.167125,0.110528,0.104219,LMT,126
2020-06-17,0.209519,0.203054,0.168179,0.144599,0.105653,LMT,126
2020-06-18,0.209318,0.202793,0.168149,0.116773,0.105974,LMT,126
2020-06-19,0.209145,0.201108,0.168545,0.124605,0.064578,LMT,126
2020-06-22,0.20927,0.200629,0.168453,0.111035,0.090539,LMT,126
2020-06-23,0.209646,0.201633,0.169103,0.107448,0.075565,LMT,126
2020-06-24,0.208523,0.212754,0.169626,0.129431,0.035414,LMT,126
2020-06-25,0.207576,0.213057,0.169399,0.109529,0.044437,LMT,126
2020-06-26,0.20508,0.213876,0.171898,0.120519,0.025018,LMT,126
2020-06-29,0.20532,0.209822,0.16861,0.099641,0.039144,LMT,126
2020-06-30,0.205425,0.209438,0.168665,0.097953,0.051001,LMT,126
2020-07-01,0.204988,0.206171,0.169698,0.099252,0.045699,LMT,126
2020-07-02,0.204747,0.203915,0.169795,0.062648,0.045865,LMT,126
2020-07-06,0.206485,0.204479,0.169828,0.06418,0.034978,LMT,126
2020-07-07,0.20679,0.20614,0.170258,0.094291,0.056229,LMT,126
2020-07-08,0.20677,0.202774,0.169524,0.061963,0.043873,LMT,126
2020-07-09,0.206435,0.204819,0.16991,0.09176,0.02445,LMT,126
2020-07-10,0.206953,0.204768,0.170859,0.079752,0.009571,LMT,126
2020-07-13,0.206151,0.192651,0.180878,0.126008,-0.011283,LMT,126
2020-07-14,0.206657,0.192642,0.178205,0.148335,0.04152,LMT,126
2020-07-15,0.207376,0.193336,0.178741,0.103911,-0.035512,LMT,126
2020-07-16,0.207907,0.193702,0.176621,0.131673,-0.022658,LMT,126
2020-07-17,0.208066,0.19105,0.175514,0.102999,-0.01825,LMT,126
2020-07-20,0.207937,0.190421,0.175085,0.098093,-0.007357,LMT,126
2020-07-21,0.207276,0.1904,0.174859,0.059803,0.006183,LMT,126
2020-07-22,0.205533,0.192889,0.17582,0.07024,-0.006186,LMT,126
2020-07-23,0.20529,0.190687,0.176365,0.075605,-0.027565,LMT,126
2020-07-24,0.205156,0.190108,0.176031,0.059351,-0.018314,LMT,126
2020-07-27,0.207284,0.189917,0.168954,0.06237,-0.01523,LMT,126
2020-07-28,0.207266,0.19115,0.166926,0.069588,-0.050856,LMT,126
2020-07-29,0.207717,0.189903,0.164963,0.052581,-0.036699,LMT,126
2020-07-30,0.208028,0.190148,0.166078,0.074901,-0.067069,LMT,126
2020-07-31,0.207836,0.190178,0.16616,0.080773,-0.063086,LMT,126
2020-08-03,0.208122,0.190306,0.166266,0.082948,-0.014024,LMT,126
2020-08-04,0.208353,0.189348,0.166654,0.084034,-0.041811,LMT,126
2020-08-05,0.208449,0.197791,0.165898,0.06308,-0.035311,LMT,126
2020-08-06,0.208471,0.197072,0.165607,0.071735,-0.014983,LMT,126
2020-08-07,0.208215,0.193715,0.168726,0.063496,-0.012064,LMT,126
2020-08-10,0.208995,0.191175,0.174581,0.070884,0.016243,LMT,126
2020-08-11,0.208394,0.191653,0.1744,0.083751,0.041127,LMT,126
2020-08-12,0.208849,0.193891,0.174493,0.081163,0.010557,LMT,126
2020-08-13,0.208424,0.19422,0.174347,0.072134,0.020853,LMT,126
2020-08-14,0.208437,0.193297,0.174648,0.067739,0.055247,LMT,126
2020-08-17,0.208676,0.194209,0.172786,0.03338,0.033744,LMT,126
2020-08-18,0.208861,0.193485,0.172021,0.042045,0.044587,LMT,126
2020-08-19,0.208801,0.196761,0.173189,0.03879,0.055012,LMT,126
2020-08-20,0.20981,0.192968,0.17319,0.057428,0.032297,LMT,126
2020-08-21,0.211278,0.195244,0.17319,0.054358,0.017301,LMT,126
2020-08-24,0.211621,0.19515,0.17329,0.042692,0.003492,LMT,126
2020-08-25,0.211291,0.195034,0.173463,0.063427,0.032859,LMT,126
2020-08-26,0.211234,0.195294,0.174553,0.083233,0.029067,LMT,126
2020-08-27,0.211368,0.197397,0.174712,0.09589,0.04896,LMT,126
2020-08-28,0.211758,0.186634,0.174627,0.107511,0.035026,LMT,126
2020-08-31,0.212324,0.183671,0.174716,0.140501,0.047398,LMT,126
2020-09-01,0.214104,0.18348,0.168925,0.140269,0.003952,LMT,126
2020-09-02,0.213419,0.186891,0.169013,0.106665,-0.006662,LMT,126
2020-09-03,0.211351,0.194728,0.174902,0.095531,0.02974,LMT,126
2020-09-04,0.209607,0.193287,0.175588,0.095722,0.01212,LMT,126
2020-09-08,0.210132,0.192914,0.184255,0.088697,0.02641,LMT,126
2020-09-09,0.2096,0.187263,0.184785,0.08857,0.057046,LMT,126
2020-09-10,0.209025,0.190697,0.184178,0.061147,0.049104,LMT,126
2020-09-11,0.208552,0.194627,0.184397,0.067402,0.068035,LMT,126
2020-09-14,0.209055,0.195105,0.184632,0.075634,0.044765,LMT,126
2020-09-15,0.209093,0.192822,0.18469,0.039213,0.04625,LMT,126
2020-09-16,0.208663,0.196336,0.184488,0.065277,0.052806,LMT,126
2020-09-17,0.208977,0.19604,0.185079,0.059423,0.068475,LMT,126
2020-09-18,0.20893,0.195577,0.180169,0.066581,0.059368,LMT,126
2020-09-21,0.207957,0.197644,0.180533,0.084384,0.067097,LMT,126
2020-09-22,0.207586,0.197672,0.183059,0.069309,0.080966,LMT,126
2020-09-23,0.206028,0.197029,0.183344,0.082553,0.097351,LMT,126
2020-09-24,0.205279,0.198082,0.182853,0.096764,0.074249,LMT,126
2020-09-25,0.204685,0.196522,0.182727,0.071288,0.107838,LMT,126
2020-09-28,0.204362,0.195801,0.183051,0.066354,0.108955,LMT,126
2020-09-29,0.204328,0.195941,0.18299,0.066713,0.122709,LMT,126
2020-09-30,0.203728,0.195771,0.180794,0.042603,0.122758,LMT,126
2020-10-01,0.202445,0.195983,0.181013,0.060809,0.098635,LMT,126
2020-10-02,0.201433,0.198194,0.180859,0.085831,0.052132,LMT,126
2020-10-05,0.200898,0.192474,0.180035,0.085116,0.062072,LMT,126
2020-10-06,0.201233,0.200511,0.178194,0.119714,0.062691,LMT,126
2020-10-07,0.201722,0.186047,0.18028,0.117246,0.061314,LMT,126
2020-10-08,0.201525,0.187675,0.179857,0.118133,0.064782,LMT,126
2020-10-09,0.201466,0.184125,0.180174,0.085318,0.095369,LMT,126
2020-10-12,0.200977,0.18422,0.180377,0.068599,0.115947,LMT,126
2020-10-13,0.200843,0.184278,0.17751,0.104892,0.125821,LMT,126
2020-10-14,0.200199,0.186363,0.177409,0.09671,0.10826,LMT,126
2020-10-15,0.20023,0.186369,0.177391,0.0867,0.084124,LMT,126
2020-10-16,0.200834,0.184636,0.178813,0.064996,0.080666,LMT,126
2020-10-19,0.200524,0.184164,0.176777,0.108972,0.115425,LMT,126
2020-10-20,0.199184,0.189611,0.173294,0.099226,0.053011,LMT,126
2020-10-21,0.198182,0.188936,0.17415,0.090186,0.054918,LMT,126
2020-10-22,0.197859,0.217376,0.171829,0.089579,0.048746,LMT,126
2020-10-23,0.197311,0.216692,0.172112,0.079457,0.047042,LMT,126
2020-10-26,0.196447,0.192309,0.173538,0.107189,0.090721,LMT,126
2020-10-27,0.19628,0.193096,0.173735,0.118744,0.088058,LMT,126
2020-10-28,0.195307,0.205806,0.179887,0.163139,0.106176,LMT,126
2020-10-29,0.194626,0.195511,0.180484,0.133263,0.086152,LMT,126
2020-10-30,0.193795,0.194286,0.180291,0.129373,0.053489,LMT,126
2020-11-02,0.192866,0.200806,0.178577,0.141006,0.058737,LMT,126
2020-11-03,0.191675,0.216232,0.18937,0.127197,0.057703,LMT,126
2020-11-04,0.189666,0.218916,0.1896,0.093479,0.041322,LMT,126
2020-11-05,0.188499,0.219115,0.191203,0.06492,0.085579,LMT,126
2020-11-06,0.188675,0.219008,0.191547,0.069829,0.011532,LMT,126
2020-11-09,0.187347,0.211173,0.190342,0.035202,0.030136,LMT,126
2020-11-10,0.187273,0.211953,0.18493,0.033921,0.0797,LMT,126
2020-11-11,0.186531,0.211372,0.184674,0.022833,0.037487,LMT,126
2020-11-12,0.186189,0.213931,0.183775,0.040221,0.049898,LMT,126
2020-11-13,0.186275,0.208438,0.180552,-0.000805,0.086188,LMT,126
2020-11-16,0.186234,0.212293,0.179707,-0.003877,0.084262,LMT,126
2020-11-17,0.185903,0.213125,0.179197,-0.000145,0.065385,LMT,126
2020-11-18,0.185651,0.214065,0.178442,-0.000161,0.046505,LMT,126
2020-11-19,0.185298,0.211787,0.178267,-0.001228,0.06953,LMT,126
2020-11-20,0.184727,0.213709,0.179784,0.031875,0.041066,LMT,126
2020-11-23,0.184552,0.210545,0.179264,0.0174,0.064397,LMT,126
2020-11-24,0.184384,0.208801,0.178189,-0.003404,0.038192,LMT,126
2020-11-25,0.184069,0.208993,0.178442,0.00437,0.026986,LMT,126
2020-11-27,0.183939,0.214326,0.177329,0.014817,0.025366,LMT,126
2020-11-30,0.183116,0.210081,0.172576,0.02453,0.062722,LMT,126
2020-12-01,0.182062,0.214951,0.172818,0.032604,0.043163,LMT,126
2020-12-02,0.182134,0.202502,0.175184,0.036924,0.041982,LMT,126
2020-12-03,0.181124,0.207032,0.175276,0.033295,0.04275,LMT,126
2020-12-04,0.181107,0.210397,0.174456,0.039967,0.061623,LMT,126
2020-12-07,0.180859,0.206262,0.174553,0.062147,0.036569,LMT,126
2020-12-08,0.180727,0.206757,0.174573,0.061947,0.026825,LMT,126
2020-12-09,0.180359,0.209117,0.174652,0.072105,0.02697,LMT,126
2020-12-10,0.1791,0.209964,0.174903,0.075708,0.02027,LMT,126
2020-12-11,0.178393,0.208378,0.174766,0.072446,0.016288,LMT,126
2020-12-14,0.177913,0.207728,0.174819,0.079077,0.024567,LMT,126
2020-12-15,0.178154,0.209019,0.174496,0.067762,0.04266,LMT,126
2020-12-16,0.178048,0.211594,0.17404,0.080262,0.020256,LMT,126
2020-12-17,0.177917,0.212138,0.1746,0.063443,0.011263,LMT,126
2020-12-18,0.17749,0.211359,0.174806,0.070355,0.02677,LMT,126
2020-12-21,0.176685,0.21512,0.176626,0.083789,0.016388,LMT,126
2020-12-22,0.176625,0.216908,0.175061,0.089139,0.002948,LMT,126
2020-12-23,0.176396,0.21745,0.174905,0.093346,0.010229,LMT,126
2020-12-24,0.176364,0.214283,0.173876,0.06401,0.038156,LMT,126
2020-12-28,0.175921,0.21687,0.173997,0.080995,0.03301,LMT,126
2020-12-29,0.175752,0.215716,0.17214,0.089165,0.023888,LMT,126
2020-12-30,0.175652,0.217323,0.17499,0.084329,0.023197,LMT,126
2020-12-31,0.1757,0.198693,0.175166,0.089168,0.02493,LMT,126
2021-01-04,0.173921,0.201139,0.181931,0.116389,0.026974,LMT,126
2021-01-05,0.173385,0.200091,0.182405,0.100169,0.034547,LMT,126
2021-01-06,0.172137,0.208391,0.182501,0.109434,0.030093,LMT,126
2021-01-07,0.171418,0.20568,0.178214,0.084563,0.018559,LMT,126
2021-01-08,0.17115,0.219531,0.177782,0.086003,0.033008,LMT,126
2021-01-11,0.170639,0.216921,0.178007,0.088475,0.031548,LMT,126
2021-01-12,0.169865,0.21728,0.176387,0.096098,0.01022,LMT,126
2021-01-13,0.168687,0.215289,0.177979,0.077676,0.023681,LMT,126
2021-01-14,0.167546,0.214675,0.175093,0.082166,0.005998,LMT,126
2021-01-15,0.168273,0.222256,0.17474,0.068871,0.015696,LMT,126
2021-01-19,0.168111,0.222635,0.170496,0.072045,0.010319,LMT,126
2021-01-20,0.168154,0.222694,0.17042,0.064799,0.016021,LMT,126
2021-01-21,0.167955,0.224192,0.172211,0.071685,0.017051,LMT,126
2021-01-22,0.167513,0.220102,0.17101,0.07275,0.005557,LMT,126
2021-01-25,0.166762,0.226378,0.17091,0.082484,0.037105,LMT,126
2021-01-26,0.16396,0.229609,0.174225,0.078191,0.001167,LMT,126
2021-01-27,0.163478,0.233791,0.167445,0.131081,0.017507,LMT,126
2021-01-28,0.162649,0.232403,0.166223,0.070074,0.016189,LMT,126
2021-01-29,0.16202,0.230802,0.165965,0.085627,0.005416,LMT,126
2021-02-01,0.16183,0.19544,0.162742,0.055506,0.034547,LMT,126
2021-02-02,0.160741,0.194281,0.161452,0.026966,0.015167,LMT,126
2021-02-03,0.160647,0.198997,0.164562,0.058157,0.007438,LMT,126
2021-02-04,0.159976,0.199587,0.164144,0.040447,0.021763,LMT,126
2021-02-05,0.159654,0.203939,0.162619,0.033576,0.017226,LMT,126
2021-02-08,0.159339,0.205748,0.166168,0.038682,0.00976,LMT,126
2021-02-09,0.158063,0.208153,0.166492,0.031247,0.011911,LMT,126
2021-02-10,0.157769,0.204615,0.166199,0.030165,0.030073,LMT,126
2021-02-11,0.157256,0.204822,0.166155,0.038538,0.016506,LMT,126
2021-02-12,0.157016,0.180124,0.158384,0.03585,0.018805,LMT,126
2021-02-16,0.156839,0.172797,0.151743,0.05284,0.005868,LMT,126
2021-02-17,0.15601,0.17295,0.15232,0.05779,0.023067,LMT,126
2021-02-18,0.155737,0.17358,0.151901,0.056136,0.018379,LMT,126
2021-02-19,0.15659,0.171468,0.148908,0.054906,0.016616,LMT,126
2021-02-22,0.155137,0.172348,0.150066,0.069402,-0.002902,LMT,126
2021-02-23,0.153029,0.174252,0.149906,0.041775,0.013471,LMT,126
2021-02-24,0.15233,0.172806,0.148663,0.051017,-0.003082,LMT,126
2021-02-25,0.150887,0.170108,0.144228,0.078151,0.000106,LMT,126
2021-02-26,0.15044,0.169464,0.146021,0.082424,-0.027242,LMT,126
2021-03-01,0.149953,0.165816,0.147135,0.051269,0.018277,LMT,126
2021-03-02,0.149132,0.153364,0.145165,0.041619,0.005073,LMT,126
2021-03-03,0.147642,0.15397,0.14333,0.057772,0.020978,LMT,126
2021-03-04,0.144844,0.152888,0.142551,0.042915,0.032915,LMT,126
2021-03-05,0.144078,0.150943,0.139926,0.049161,0.024631,LMT,126
2021-03-08,0.142547,0.152711,0.141527,0.047422,0.012917,LMT,126
2021-03-09,0.1422,0.150792,0.137179,0.043995,0.022077,LMT,126
2021-03-10,0.140983,0.150729,0.135185,0.030692,0.015138,LMT,126
2021-03-11,0.140577,0.153546,0.140227,0.028694,0.011501,LMT,126
2021-03-12,0.140055,0.1521,0.139299,0.033274,0.002635,LMT,126
2021-03-15,0.140871,0.152124,0.140029,0.031312,0.004327,LMT,126
2021-03-16,0.140246,0.155007,0.141061,0.019018,0.015143,LMT,126
2021-03-17,0.138689,0.151358,0.134984,0.024689,-0.001894,LMT,126
2021-03-18,0.138413,0.150377,0.134689,0.026151,0.006949,LMT,126
2021-03-19,0.13671,0.149558,0.13521,0.015369,0.011591,LMT,126
2021-03-22,0.136975,0.152945,0.141589,-0.00714,0.01013,LMT,126
2021-03-23,0.136614,0.15442,0.14223,0.011251,0.019253,LMT,126
2021-03-24,0.135488,0.155807,0.142596,0.005306,0.023554,LMT,126
2021-03-25,0.135076,0.154765,0.14277,0.01832,0.018489,LMT,126
2021-03-26,0.135231,0.155595,0.142603,0.019264,0.022258,LMT,126
2021-03-29,0.13519,0.15504,0.141701,0.037654,0.021706,LMT,126
2021-03-30,0.135355,0.150667,0.135024,0.009981,0.028389,LMT,126
2021-03-31,0.136296,0.150937,0.135434,0.022607,0.024928,LMT,126
2021-04-01,0.136492,0.150732,0.135119,0.01223,0.016589,LMT,126
2021-04-05,0.137043,0.150644,0.135773,0.025908,0.023291,LMT,126
2021-04-06,0.138035,0.150579,0.137026,0.027741,0.018407,LMT,126
2021-04-07,0.138479,0.150445,0.136747,0.030427,0.026435,LMT,126
2021-04-08,0.138074,0.150572,0.135993,0.029474,0.00914,LMT,126
2021-04-09,0.137511,0.150601,0.137614,0.025603,0.017804,LMT,126
2021-04-12,0.137538,0.15085,0.137935,0.038328,0.013239,LMT,126
2021-04-13,0.13785,0.150621,0.137955,0.031234,0.009059,LMT,126
2021-04-14,0.137961,0.150558,0.136887,0.031142,0.016104,LMT,126
2021-04-15,0.139742,0.150683,0.138103,0.033847,0.008549,LMT,126
2021-04-16,0.139676,0.150531,0.1366,0.032096,0.0029,LMT,126
2021-04-19,0.139043,0.150522,0.134429,0.032733,0.008815,LMT,126
2021-04-20,0.138885,0.150553,0.135768,0.033117,0.022288,LMT,126
2021-04-21,0.139129,0.150685,0.13584,0.027456,0.017373,LMT,126
2021-04-22,0.138442,0.151435,0.136038,0.029305,0.010084,LMT,126
2021-04-23,0.138706,0.151506,0.135568,0.024915,0.020994,LMT,126
2021-04-26,0.138841,0.151421,0.135149,0.02998,0.01441,LMT,126
2021-04-27,0.13877,0.15078,0.133954,0.028926,0.009821,LMT,126
2021-04-28,0.151458,0.151372,0.136101,0.029425,0.010872,LMT,126
2021-04-29,0.151727,0.151381,0.136844,0.030782,0.021408,LMT,126
2021-04-30,0.154128,0.149211,0.136386,0.035111,0.007332,LMT,126
2021-05-03,0.154241,0.150423,0.136101,0.034443,0.013154,LMT,126
2021-05-04,0.154058,0.149663,0.136217,0.041176,0.018086,LMT,126
2021-05-05,0.154075,0.149578,0.137915,0.024873,0.023451,LMT,126
2021-05-06,0.15541,0.149667,0.138225,0.029667,0.021502,LMT,126
2021-05-07,0.154812,0.148644,0.138206,0.020535,0.021452,LMT,126
2021-05-10,0.15449,0.148818,0.135088,0.050697,0.025165,LMT,126
2021-05-11,0.15435,0.148916,0.135011,0.05645,0.030435,LMT,126
2021-05-12,0.153466,0.149476,0.135193,0.100673,0.032581,LMT,126
2021-05-13,0.152386,0.150359,0.134518,0.071706,0.03601,LMT,126
2021-05-14,0.152538,0.150001,0.136974,0.048171,0.022689,LMT,126
2021-05-17,0.1529,0.150171,0.136967,0.04509,0.023762,LMT,126
2021-05-18,0.152193,0.150315,0.136998,0.050531,0.020353,LMT,126
2021-05-19,0.152143,0.15123,0.137056,0.056936,0.034215,LMT,126
2021-05-20,0.152247,0.151,0.13722,0.045829,0.038569,LMT,126
2021-05-21,0.151591,0.150911,0.137222,0.031815,0.01706,LMT,126
2021-05-24,0.151702,0.150897,0.137364,0.028855,0.025157,LMT,126
2021-05-25,0.152171,0.150771,0.139225,0.03313,0.011785,LMT,126
2021-05-26,0.152195,0.155493,0.140586,0.028963,0.013649,LMT,126
2021-05-27,0.152293,0.1553,0.139497,0.019815,0.022334,LMT,126
2021-05-28,0.152448,0.155318,0.140603,0.019172,0.021398,LMT,126
2021-06-01,0.152948,0.154944,0.140006,0.020436,0.009621,LMT,126
2021-06-02,0.153066,0.155684,0.141276,0.026615,0.012359,LMT,126
2021-06-03,0.153636,0.155559,0.141236,0.023146,0.014069,LMT,126
2021-06-04,0.153837,0.15445,0.140686,0.03981,-0.004697,LMT,126
2021-06-07,0.153594,0.15416,0.141698,0.037503,0.013228,LMT,126
2021-06-08,0.153661,0.15455,0.14189,0.031233,0.003603,LMT,126
2021-06-09,0.153682,0.153765,0.141532,0.028623,0.013427,LMT,126
2021-06-10,0.153702,0.153224,0.142524,0.02834,0.010165,LMT,126
2021-06-11,0.154391,0.153737,0.136884,0.037725,0.014468,LMT,126
2021-06-14,0.154323,0.15389,0.134282,0.044195,0.018163,LMT,126
2021-06-15,0.154869,0.153794,0.134458,0.057057,0.025483,LMT,126
2021-06-16,0.15493,0.154801,0.135163,0.056139,0.026651,LMT,126
2021-06-17,0.155035,0.175077,0.137823,0.052026,0.013167,LMT,126
2021-06-18,0.15532,0.16475,0.13972,0.066463,0.019847,LMT,126
2021-06-21,0.155279,0.164014,0.138869,0.063696,0.034799,LMT,126
2021-06-22,0.156327,0.174144,0.139402,0.058962,0.009048,LMT,126
2021-06-23,0.156653,0.175903,0.139499,0.062541,0.021195,LMT,126
2021-06-24,0.156705,0.163164,0.143645,0.060962,0.011305,LMT,126
2021-06-25,0.156545,0.16429,0.143033,0.054219,0.017067,LMT,126
2021-06-28,0.156427,0.164783,0.137366,0.058833,0.013983,LMT,126
2021-06-29,0.156553,0.164276,0.133044,0.065572,0.006434,LMT,126
2021-06-30,0.156234,0.167617,0.133887,0.066246,0.00142,LMT,126
2021-07-01,0.156474,0.164642,0.137366,0.056806,0.023573,LMT,126
2021-07-02,0.156752,0.167913,0.139301,0.048661,0.028776,LMT,126
2021-07-06,0.156106,0.168865,0.141662,0.069181,0.023999,LMT,126
2021-07-07,0.156322,0.169203,0.13922,0.067299,0.029682,LMT,126
2021-07-08,0.156485,0.170105,0.143213,0.086534,0.044172,LMT,126
2021-07-09,0.156461,0.168741,0.145376,0.069211,0.02911,LMT,126
2021-07-12,0.15604,0.177495,0.138058,0.06429,0.030683,LMT,126
2021-07-13,0.15739,0.17131,0.139326,0.062982,0.022119,LMT,126
2021-07-14,0.157523,0.17128,0.145398,0.065973,0.026449,LMT,126
2021-07-15,0.158395,0.171154,0.139618,0.061087,0.034306,LMT,126
2021-07-16,0.159066,0.171427,0.138795,0.071719,0.030185,LMT,126
2021-07-19,0.158184,0.20083,0.15542,0.101996,0.045962,LMT,126
2021-07-20,0.158712,0.179843,0.157364,0.074726,0.038324,LMT,126
2021-07-21,0.159229,0.170375,0.153598,0.057928,0.034819,LMT,126
2021-07-22,0.16,0.16812,0.152937,0.05477,0.039007,LMT,126
2021-07-23,0.161004,0.165971,0.154742,0.053634,0.040007,LMT,126
2021-07-26,0.161668,0.172348,0.153517,0.048916,0.011871,LMT,126
2021-07-27,0.166096,0.17244,0.157649,0.037681,0.030081,LMT,126
2021-07-28,0.167375,0.175784,0.15717,0.036616,0.033306,LMT,126
2021-07-29,0.169327,0.174628,0.156559,0.03022,0.01927,LMT,126
2021-07-30,0.170243,0.174454,0.158158,0.030085,0.032085,LMT,126
2021-08-02,0.170227,0.191274,0.165909,0.028075,0.033522,LMT,126
2021-08-03,0.1701,0.19175,0.162184,0.028654,0.029293,LMT,126
2021-08-04,0.169696,0.191341,0.161873,0.047771,0.018039,LMT,126
2021-08-05,0.170135,0.171837,0.15918,0.03118,0.021677,LMT,126
2021-08-06,0.171017,0.174881,0.153822,0.025831,0.014388,LMT,126
2021-08-09,0.171867,0.173899,0.153433,0.026692,0.027616,LMT,126
2021-08-10,0.172471,0.176845,0.153189,0.039315,0.014905,LMT,126
2021-08-11,0.172509,0.176814,0.153512,0.039509,0.014027,LMT,126
2021-08-12,0.173717,0.176219,0.152341,0.031513,0.015829,LMT,126
2021-08-13,0.175636,0.174606,0.154378,0.025597,0.020085,LMT,126
2021-08-16,0.177045,0.173433,0.157284,0.037248,0.026537,LMT,126
2021-08-17,0.178378,0.168716,0.15732,0.053664,0.024065,LMT,126
2021-08-18,0.17879,0.169212,0.155209,0.061343,0.02414,LMT,126
2021-08-19,0.178483,0.169149,0.156689,0.069413,0.032662,LMT,126
2021-08-20,0.178411,0.171418,0.159004,0.051995,0.015169,LMT,126
2021-08-23,0.179182,0.171091,0.158648,0.03935,0.024529,LMT,126
2021-08-24,0.179658,0.171878,0.155249,0.04637,0.030938,LMT,126
2021-08-25,0.181827,0.171028,0.1532,0.046495,0.028858,LMT,126
2021-08-26,0.184964,0.170741,0.152836,0.066778,0.025391,LMT,126
2021-08-27,0.186402,0.171263,0.154194,0.050294,0.02547,LMT,126
2021-08-30,0.18886,0.17029,0.153945,0.061562,0.025002,LMT,126
2021-08-31,0.195161,0.16948,0.154166,0.061101,0.02917,LMT,126
2021-09-01,0.199264,0.171023,0.152987,0.060031,0.028717,LMT,126
2021-09-02,0.203126,0.162384,0.152438,0.060801,0.016777,LMT,126
2021-09-03,0.206141,0.162334,0.149316,0.055436,0.02017,LMT,126
2021-09-07,0.208454,0.170204,0.149876,0.073893,0.023394,LMT,126
2021-09-08,0.213501,0.168987,0.151249,0.073279,0.023029,LMT,126
2021-09-09,0.215403,0.166716,0.152865,0.07114,0.025186,LMT,126
2021-09-10,0.216357,0.168811,0.147732,0.078097,0.033129,LMT,126
2021-09-13,0.216656,0.165816,0.151096,0.069789,0.044928,LMT,126
2021-09-14,0.217258,0.167714,0.143424,0.077208,0.045289,LMT,126
2021-09-15,0.223514,0.145608,0.14307,0.071248,0.044962,LMT,126
2021-09-16,0.223806,0.154893,0.151225,0.06835,0.039665,LMT,126
2021-09-17,0.225902,0.145025,0.147873,0.069441,0.034868,LMT,126
2021-09-20,0.227867,0.169538,0.14894,0.123872,0.068366,LMT,126
2021-09-21,0.228548,0.152336,0.160461,0.114159,0.05558,LMT,126
2021-09-22,0.22851,0.149793,0.158394,0.085792,0.046186,LMT,126
2021-09-23,0.228906,0.144263,0.154455,0.070788,0.04152,LMT,126
2021-09-24,0.228878,0.142916,0.152097,0.067212,0.048506,LMT,126
2021-09-27,0.228689,0.142863,0.151397,0.064838,0.055837,LMT,126
2021-09-28,0.228963,0.14285,0.151773,0.101569,0.049475,LMT,126
2021-09-29,0.228277,0.142673,0.151712,0.077532,0.049787,LMT,126
2021-09-30,0.228549,0.142916,0.151561,0.088423,0.054828,LMT,126
2021-10-01,0.228708,0.142759,0.151753,0.067246,0.054971,LMT,126
2021-10-04,0.228655,0.142522,0.152092,0.075824,0.055709,LMT,126
2021-10-05,0.229497,0.142203,0.151928,0.06874,0.058948,LMT,126
2021-10-06,0.229756,0.142554,0.147843,0.063975,0.068085,LMT,126
2021-10-07,0.231063,0.14255,0.147822,0.045309,0.045563,LMT,126
2021-10-08,0.231904,0.142665,0.147437,0.038909,0.043881,LMT,126
2021-10-11,0.23298,0.141912,0.148243,0.047955,0.043388,LMT,126
2021-10-12,0.233721,0.14165,0.148594,0.049965,0.044744,LMT,126
2021-10-13,0.233094,0.141952,0.148241,0.032631,0.039869,LMT,126
2021-10-14,0.233297,0.141777,0.148308,0.026856,0.041534,LMT,126
2021-10-15,0.234834,0.141516,0.147872,0.007067,0.037987,LMT,126
2021-10-18,0.237048,0.186809,0.148422,0.015026,0.02182,LMT,126
2021-10-19,0.236874,0.186217,0.145368,0.011257,0.020914,LMT,126
2021-10-20,0.237895,0.188517,0.145082,0.020841,0.029934,LMT,126
2021-10-21,0.23881,0.186642,0.144217,0.012286,0.031203,LMT,126
2021-10-22,0.239922,0.189535,0.146295,0.036754,0.022365,LMT,126
2021-10-25,0.240605,0.190344,0.146341,0.029755,0.038477,LMT,126
2021-10-26,0.234433,0.157311,0.140762,-0.012318,-0.014783,LMT,126
2021-10-27,0.234819,0.154995,0.140758,-0.045474,0.004673,LMT,126
2021-10-28,0.234083,0.148979,0.124801,-0.042777,0.016511,LMT,126
2021-10-29,0.235029,0.151709,0.126369,-0.058977,0.016477,LMT,126
2021-11-01,0.2352,0.151653,0.125792,-0.041527,0.022993,LMT,126
2021-11-02,0.235422,0.150757,0.121913,-0.029212,0.016207,LMT,126
2021-11-03,0.235188,0.1501,0.12472,-0.006891,0.009006,LMT,126
2021-11-04,0.235561,0.149027,0.125525,-0.046478,0.026827,LMT,126
2021-11-05,0.236271,0.147521,0.125552,-0.04754,0.023826,LMT,126
2021-11-08,0.236603,0.147164,0.125829,-0.037079,0.024149,LMT,126
2021-11-09,0.236999,0.147116,0.125235,-0.035926,0.011301,LMT,126
2021-11-10,0.238516,0.148236,0.124678,-0.034604,0.013798,LMT,126
2021-11-11,0.239098,0.147434,0.12406,-0.034896,0.018067,LMT,126
2021-11-12,0.239424,0.147425,0.123994,-0.035289,0.01263,LMT,126
2021-11-15,0.240662,0.198646,0.198007,-0.04416,0.020876,LMT,126
2021-11-16,0.240925,0.198376,0.202089,-0.041873,0.011883,LMT,126
2021-11-17,0.24262,0.197425,0.201455,-0.04502,0.025982,LMT,126
2021-11-18,0.243669,0.197398,0.19752,-0.041514,0.020998,LMT,126
2021-11-19,0.243912,0.192054,0.212898,-0.042866,0.01974,LMT,126
2021-11-22,0.243754,0.198755,0.198752,-0.027912,0.026462,LMT,126
2021-11-23,0.24398,0.193425,0.197854,0.019562,0.039083,LMT,126
2021-11-24,0.244101,0.180556,0.143728,0.037795,0.003818,LMT,126
2021-11-26,0.244292,0.144512,0.135191,0.073033,0.028505,LMT,126
2021-11-29,0.244272,0.174244,0.151979,0.050717,0.024916,LMT,126
2021-11-30,0.244428,0.136344,0.129876,0.082926,0.034314,LMT,126
2021-12-01,0.245502,0.16277,0.134967,0.097585,0.06193,LMT,126
2021-12-02,0.245441,0.173649,0.139622,0.067786,0.035349,LMT,126
2021-12-03,0.245429,0.16425,0.137962,0.132087,0.045645,LMT,126
2021-12-06,0.245821,0.180502,0.148077,0.098407,0.046367,LMT,126
2021-12-07,0.246448,0.185998,0.148473,0.072145,0.031362,LMT,126
2021-12-08,0.246633,0.183189,0.148604,0.067853,0.040333,LMT,126
2021-12-09,0.246805,0.178567,0.148732,0.059461,0.037336,LMT,126
2021-12-10,0.247221,0.179958,0.14824,0.079894,0.041103,LMT,126
2021-12-13,0.248191,0.177832,0.151987,0.055201,0.034597,LMT,126
2021-12-14,0.248971,0.202959,0.222412,0.066934,0.028873,LMT,126
2021-12-15,0.249318,0.198322,0.221951,0.059667,0.039557,LMT,126
2021-12-16,0.25046,0.201417,0.222953,0.084686,0.039524,LMT,126
2021-12-17,0.251283,0.19726,0.218809,0.065848,0.036298,LMT,126
2021-12-20,0.251237,0.191075,0.221176,0.070083,0.040502,LMT,126
2021-12-21,0.251674,0.187692,0.220963,0.049029,0.050574,LMT,126
2021-12-22,0.252341,0.187016,0.210616,0.048207,0.039703,LMT,126
2021-12-23,0.252501,0.185629,0.208021,0.041647,0.037693,LMT,126
2021-12-27,0.253091,0.184233,0.175325,0.055806,0.035797,LMT,126
2021-12-28,0.25331,0.186074,0.205402,0.060783,0.033786,LMT,126
2021-12-29,0.254,0.189802,0.203604,0.063429,0.026214,LMT,126
2021-12-30,0.254787,0.184138,0.204125,0.058368,0.033271,LMT,126
2021-12-31,0.257476,0.187061,0.20656,0.075094,0.024329,LMT,126
2022-01-03,0.258327,0.19106,0.206836,0.065195,0.033298,LMT,126
2022-01-04,0.258496,0.187974,0.213592,0.067116,0.035345,LMT,126
2022-01-05,0.258513,0.194609,0.214253,0.077506,0.043541,LMT,126
2022-01-06,0.258982,0.193713,0.203844,0.089772,0.047712,LMT,126
2022-01-07,0.258982,0.192049,0.181427,0.078789,0.038346,LMT,126
2022-01-10,0.259177,0.186313,0.179065,0.078754,0.040976,LMT,126
2022-01-11,0.25963,0.188251,0.177076,0.071721,0.027198,LMT,126
2022-01-12,0.259175,0.199406,0.192845,0.075096,0.026235,LMT,126
2022-01-13,0.259067,0.200278,0.211415,0.074305,0.031588,LMT,126
2022-01-14,0.26094,0.198531,0.202712,0.076153,0.022066,LMT,126
2022-01-18,0.261882,0.197512,0.202435,0.086535,0.024059,LMT,126
2022-01-19,0.261635,0.195308,0.201188,0.071862,0.02004,LMT,126
2022-01-20,0.261609,0.192927,0.20077,0.081651,0.028585,LMT,126
2022-01-21,0.261889,0.193662,0.200375,0.120956,0.038227,LMT,126
2022-01-24,0.261245,0.193459,0.20266,0.119904,0.031313,LMT,126
2022-01-25,0.258495,0.183996,0.202121,0.068766,0.045328,LMT,126
2022-01-26,0.258249,0.167564,0.182992,0.04821,0.058922,LMT,126
2022-01-27,0.257989,0.16891,0.183289,0.042102,0.043088,LMT,126
2022-01-28,0.25873,0.146608,0.171283,0.010249,0.047383,LMT,126
2022-01-31,0.260126,0.141326,0.174186,-0.012822,0.038282,LMT,126
2022-02-01,0.261512,0.168955,0.190686,-0.019238,0.036943,LMT,126
2022-02-02,0.261952,0.168801,0.184996,-0.029297,0.034796,LMT,126
2022-02-03,0.262278,0.165948,0.183804,-0.008696,0.035277,LMT,126
2022-02-04,0.262099,0.157763,0.18146,-0.029254,0.0238,LMT,126
2022-02-07,0.261817,0.145042,0.170712,-0.028391,0.03046,LMT,126
2022-02-08,0.261701,0.158315,0.17954,-0.036274,0.037914,LMT,126
2022-02-09,0.26181,0.165867,0.182677,-0.040571,0.027582,LMT,126
2022-02-10,0.260936,0.212196,0.199461,-0.030122,0.037001,LMT,126
2022-02-11,0.260337,0.185754,0.184539,0.015629,0.013865,LMT,126
2022-02-14,0.259637,0.183099,0.146074,0.006947,0.022226,LMT,126
2022-02-15,0.259441,0.185065,0.155268,-0.015196,0.02279,LMT,126
2022-02-16,0.259562,0.184285,0.148881,-0.017708,0.020569,LMT,126
2022-02-17,0.259405,0.182957,0.146894,-0.001422,0.023244,LMT,126
2022-02-18,0.259777,0.182544,0.143933,-0.003855,0.025369,LMT,126
2022-02-22,0.259345,0.182797,0.145784,0.017007,0.034567,LMT,126
2022-02-23,0.259125,0.182345,0.146483,0.023845,0.036767,LMT,126
2022-02-24,0.257741,0.1818,0.14416,0.032305,0.041264,LMT,126
2022-02-25,0.255985,0.197622,0.199593,0.017228,0.024986,LMT,126
2022-02-28,0.25536,0.183322,0.144873,0.062396,0.023101,LMT,126
2022-03-01,0.253756,0.18757,0.154709,0.114807,-0.003094,LMT,126
2022-03-02,0.249033,0.188291,0.160882,0.058925,-0.002329,LMT,126
2022-03-03,0.245871,0.189191,0.158171,0.037006,-0.004452,LMT,126
2022-03-04,0.242941,0.190229,0.162535,0.058022,-0.024035,LMT,126
2022-03-07,0.240975,0.188462,0.16092,0.086902,-0.030022,LMT,126
2022-03-08,0.239522,0.184857,0.159702,0.051337,-0.022585,LMT,126
2022-03-09,0.23524,0.18667,0.161695,0.022605,-0.00743,LMT,126
2022-03-10,0.233525,0.18861,0.170538,0.008119,-0.008843,LMT,126
2022-03-11,0.232635,0.205756,0.206216,0.011109,-0.006102,LMT,126
2022-03-14,0.23327,0.205528,0.196747,0.014126,0.000867,LMT,126
2022-03-15,0.233164,0.210208,0.206287,-0.000107,0.009879,LMT,126
2022-03-16,0.227209,0.209407,0.204579,-0.02652,0.017535,LMT,126
2022-03-17,0.226982,0.207372,0.200767,-0.054974,0.025437,LMT,126
2022-03-18,0.224904,0.210115,0.200679,-0.080691,0.023831,LMT,126
2022-03-21,0.223323,0.211049,0.211862,-0.060614,0.005788,LMT,126
2022-03-22,0.223994,0.209699,0.203411,-0.078682,0.005179,LMT,126
2022-03-23,0.225402,0.208518,0.201541,-0.074845,0.012863,LMT,126
2022-03-24,0.226367,0.211462,0.20973,-0.086464,0.015138,LMT,126
2022-03-25,0.22613,0.217144,0.250851,-0.080916,0.016291,LMT,126
2022-03-28,0.226722,0.216194,0.240281,-0.074473,0.016538,LMT,126
2022-03-29,0.227559,0.216583,0.239936,-0.072819,0.014748,LMT,126
2022-03-30,0.228948,0.216589,0.223261,-0.069828,0.027273,LMT,126
2022-03-31,0.229042,0.216229,0.22426,-0.039679,0.022513,LMT,126
2022-04-01,0.229567,0.218604,0.226356,-0.035467,0.022943,LMT,126
2022-04-04,0.229644,0.217362,0.220733,-0.016044,0.023312,LMT,126
2022-04-05,0.228771,0.215897,0.222234,-0.006722,0.028111,LMT,126
2022-04-06,0.228364,0.215409,0.214606,0.019986,0.015975,LMT,126
2022-04-07,0.227469,0.213655,0.222276,0.029421,0.018182,LMT,126
2022-04-08,0.22827,0.205597,0.222146,0.024343,0.025649,LMT,126
2022-04-11,0.227903,0.197545,0.192873,0.041219,0.008318,LMT,126
2022-04-12,0.227756,0.194967,0.19719,0.030646,0.023187,LMT,126
2022-04-13,0.228752,0.199835,0.196263,0.024904,0.026954,LMT,126
2022-04-14,0.230062,0.199849,0.198362,0.046555,0.030632,LMT,126
2022-04-18,0.229193,0.198911,0.229657,0.050065,0.028719,LMT,126
2022-04-19,0.232723,0.203726,0.226564,0.002083,0.022563,LMT,126
2022-04-20,0.235233,0.204438,0.227797,0.013638,0.023378,LMT,126
2022-04-21,0.234492,0.204799,0.236403,0.031015,0.028158,LMT,126
2022-04-22,0.234289,0.198318,0.232673,0.050639,0.025367,LMT,126
2022-04-25,0.233924,0.196599,0.200339,0.046962,0.035184,LMT,126
2022-04-26,0.234059,0.19831,0.196876,0.069586,0.027521,LMT,126
2022-04-27,0.233347,0.19848,0.191723,0.05059,0.03518,LMT,126
2022-04-28,0.232874,0.197489,0.189105,0.037447,0.032359,LMT,126
2022-04-29,0.234212,0.198612,0.191544,0.043046,0.040194,LMT,126
2022-05-02,0.233182,0.202004,0.195093,0.049872,0.039256,LMT,126
2022-05-03,0.233159,0.198234,0.190238,0.039083,0.036169,LMT,126
2022-05-04,0.232894,0.19835,0.188495,-0.003959,0.039383,LMT,126
2022-05-05,0.233103,0.198155,0.190636,0.028551,0.047617,LMT,126
2022-05-06,0.234331,0.198135,0.192324,0.02326,0.049919,LMT,126
2022-05-09,0.233884,0.203445,0.219664,0.053282,0.042984,LMT,126
2022-05-10,0.233357,0.204242,0.21979,0.047714,0.052223,LMT,126
2022-05-11,0.233115,0.204542,0.211818,0.050259,0.046902,LMT,126
2022-05-12,0.23256,0.207656,0.22345,0.055379,0.051769,LMT,126
2022-05-13,0.233891,0.205443,0.22271,0.034136,0.049395,LMT,126
2022-05-16,0.234542,0.205509,0.212119,0.014545,0.047606,LMT,126
2022-05-17,0.236003,0.205256,0.219694,0.002206,0.048367,LMT,126
2022-05-18,0.236061,0.20245,0.213945,0.041439,0.045894,LMT,126
2022-05-19,0.234724,0.208235,0.219724,0.040707,0.046154,LMT,126
2022-05-20,0.23403,0.20814,0.218357,0.033793,0.063493,LMT,126
2022-05-23,0.233796,0.203639,0.218065,0.023518,0.055497,LMT,126
2022-05-24,0.233579,0.206271,0.219701,0.032054,0.054789,LMT,126
2022-05-25,0.233292,0.205826,0.213386,0.031989,0.052492,LMT,126
2022-05-26,0.23299,0.197074,0.200636,0.035172,0.045471,LMT,126
2022-05-27,0.232651,0.196724,0.199361,0.020139,0.044539,LMT,126
2022-05-31,0.23234,0.194704,0.197369,0.030018,0.038407,LMT,126
2022-06-01,0.232291,0.194418,0.195893,0.030701,0.039721,LMT,126
2022-06-02,0.231074,0.194578,0.198244,0.010369,0.03804,LMT,126
2022-06-03,0.231718,0.200219,0.205031,0.011479,0.040108,LMT,126
2022-06-06,0.231899,0.197524,0.197838,0.015606,0.041781,LMT,126
2022-06-07,0.231475,0.200744,0.228272,0.013445,0.040143,LMT,126
2022-06-08,0.231251,0.200765,0.227543,0.02612,0.044455,LMT,126
2022-06-09,0.231355,0.20448,0.228701,0.047536,0.047824,LMT,126
2022-06-10,0.230933,0.205788,0.229466,0.064174,0.045305,LMT,126
2022-06-13,0.230561,0.210023,0.22857,0.09866,0.056728,LMT,126
2022-06-14,0.229609,0.20894,0.229669,0.099458,0.05081,LMT,126
2022-06-15,0.228918,0.203752,0.213592,0.064844,0.04053,LMT,126
2022-06-16,0.228871,0.206042,0.209206,0.080282,0.054316,LMT,126
2022-06-17,0.227781,0.204616,0.214395,0.061833,0.040933,LMT,126
2022-06-21,0.227178,0.203863,0.213968,0.061137,0.042163,LMT,126
2022-06-22,0.227036,0.205738,0.214297,0.070635,0.035593,LMT,126
2022-06-23,0.226406,0.198968,0.21503,0.065947,0.039889,LMT,126
2022-06-24,0.22672,0.204164,0.215678,0.045589,0.04274,LMT,126
2022-06-27,0.226529,0.204961,0.215701,0.050439,0.043697,LMT,126
2022-06-28,0.226055,0.206647,0.217674,0.058878,0.045792,LMT,126
2022-06-29,0.225712,0.149106,0.216233,0.073464,0.047587,LMT,126
2022-06-30,0.225107,0.148328,0.214311,0.06075,0.053153,LMT,126
2022-07-01,0.224593,0.147628,0.211722,0.047101,0.052175,LMT,126
2022-07-05,0.221801,0.15216,0.220416,0.071614,0.058649,LMT,126
2022-07-06,0.221588,0.18878,0.217621,0.065113,0.062471,LMT,126
2022-07-07,0.221409,0.175935,0.225642,0.060936,0.055967,LMT,126
2022-07-08,0.225577,0.174982,0.232121,0.058076,0.049656,LMT,126
2022-07-11,0.226718,0.190353,0.232612,0.059052,0.059162,LMT,126
2022-07-12,0.227098,0.192122,0.223134,0.071359,0.065588,LMT,126
2022-07-13,0.226013,0.195951,0.22063,0.079093,0.047392,LMT,126
2022-07-14,0.225705,0.189467,0.205249,0.065762,0.059584,LMT,126
2022-07-15,0.226315,0.190265,0.207462,0.055181,0.059824,LMT,126
2022-07-18,0.226114,0.193218,0.216305,0.07987,0.043272,LMT,126
2022-07-19,0.223661,0.192426,0.220707,0.028942,0.047249,LMT,126
2022-07-20,0.22229,0.191175,0.22456,0.023835,0.043537,LMT,126
2022-07-21,0.222136,0.192432,0.211034,0.018601,0.045553,LMT,126
2022-07-22,0.221782,0.193968,0.208651,0.009616,0.049735,LMT,126
2022-07-25,0.222234,0.193498,0.219821,0.015879,0.045621,LMT,126
2022-07-26,0.222791,0.192432,0.211028,0.023859,0.045757,LMT,126
2022-07-27,0.223514,0.193936,0.211339,0.000632,0.04348,LMT,126
2022-07-28,0.223337,0.194534,0.210829,-0.006771,0.048127,LMT,126
2022-07-29,0.222368,0.19485,0.218681,-0.019272,0.050329,LMT,126
2022-08-01,0.220805,0.19368,0.213263,0.000756,0.039755,LMT,126
2022-08-02,0.218895,0.195239,0.224228,0.002372,0.037876,LMT,126
2022-08-03,0.217531,0.195723,0.221627,0.007982,0.032693,LMT,126
2022-08-04,0.217489,0.201033,0.19452,0.003664,0.039997,LMT,126
2022-08-05,0.216889,0.200063,0.194227,-0.004373,0.041155,LMT,126
2022-08-08,0.217141,0.200707,0.194718,-0.002798,0.041925,LMT,126
2022-08-09,0.217194,0.200534,0.194706,-0.00146,0.043669,LMT,126
2022-08-10,0.217106,0.201389,0.191746,-0.015544,0.036151,LMT,126
2022-08-11,0.217108,0.202451,0.1937,-0.008904,0.039337,LMT,126
2022-08-12,0.217542,0.202955,0.19552,-0.015243,0.040563,LMT,126
2022-08-15,0.216839,0.201711,0.192743,-0.018703,0.041029,LMT,126
2022-08-16,0.216629,0.201496,0.194188,-0.027931,0.03781,LMT,126
2022-08-17,0.216699,0.203339,0.195488,-0.012472,0.038451,LMT,126
2022-08-18,0.216174,0.202224,0.194915,-0.0091,0.033464,LMT,126
2022-08-19,0.216419,0.205291,0.198463,-0.006065,0.038242,LMT,126
2022-08-22,0.215788,0.207372,0.198867,0.012832,0.039729,LMT,126
2022-08-23,0.216115,0.207278,0.198554,0.00668,0.037802,LMT,126
2022-08-24,0.216062,0.206445,0.196587,0.012539,0.032923,LMT,126
2022-08-25,0.216259,0.20595,0.197117,-0.00516,0.03948,LMT,126
2022-08-26,0.21577,0.206446,0.192796,0.017052,0.037289,LMT,126
2022-08-29,0.215473,0.205218,0.196191,0.030042,0.035857,LMT,126
2022-08-30,0.215311,0.205509,0.193877,0.050166,0.043837,LMT,126
2022-08-31,0.215165,0.205092,0.193032,0.072686,0.033789,LMT,126
2022-09-01,0.215083,0.200856,0.182689,0.069317,0.047691,LMT,126
2022-09-02,0.215073,0.201794,0.183298,0.076027,0.048072,LMT,126
2022-09-06,0.215524,0.1994,0.184389,0.076509,0.047773,LMT,126
2022-09-07,0.215119,0.201368,0.180484,0.06538,0.041556,LMT,126
2022-09-08,0.215222,0.200136,0.177267,0.061077,0.042812,LMT,126
2022-09-09,0.215392,0.20013,0.176793,0.052802,0.034644,LMT,126
2022-09-12,0.215639,0.200278,0.177103,0.062055,0.040317,LMT,126
2022-09-13,0.215012,0.19926,0.177107,0.074899,0.043883,LMT,126
2022-09-14,0.215123,0.199696,0.180115,0.069228,0.046506,LMT,126
2022-09-15,0.215783,0.199159,0.179347,0.082247,0.043681,LMT,126
2022-09-16,0.216621,0.198898,0.180321,0.07913,0.043679,LMT,126
2022-09-19,0.216877,0.196947,0.182831,0.081224,0.040194,LMT,126
2022-09-20,0.216394,0.198816,0.178314,0.08346,0.043668,LMT,126
2022-09-21,0.214795,0.200297,0.18016,0.103863,0.029514,LMT,126
2022-09-22,0.213423,0.197066,0.181154,0.095594,0.031128,LMT,126
2022-09-23,0.211938,0.198091,0.1817,0.095995,0.048543,LMT,126
2022-09-26,0.211814,0.197784,0.183269,0.119872,0.039181,LMT,126
2022-09-27,0.210815,0.198249,0.195048,0.112691,0.054369,LMT,126
2022-09-28,0.209238,0.198039,0.194894,0.099302,0.046336,LMT,126
2022-09-29,0.20758,0.19843,0.18543,0.099657,0.050434,LMT,126
2022-09-30,0.207623,0.197975,0.197988,0.097403,0.049434,LMT,126
2022-10-03,0.206189,0.198246,0.19909,0.081372,0.051831,LMT,126
2022-10-04,0.205772,0.200874,0.194474,0.070783,0.0533,LMT,126
2022-10-05,0.205838,0.198773,0.197479,0.075319,0.054657,LMT,126
2022-10-06,0.205672,0.199455,0.197477,0.086959,0.058393,LMT,126
2022-10-07,0.205262,0.196976,0.198694,0.094705,0.05575,LMT,126
2022-10-10,0.203807,0.197636,0.198813,0.099522,0.049316,LMT,126
2022-10-11,0.202892,0.198071,0.198193,0.09016,0.059842,LMT,126
2022-10-12,0.202249,0.2001,0.196761,0.109697,0.056266,LMT,126
2022-10-13,0.200624,0.199695,0.197812,0.076733,0.061687,LMT,126
2022-10-14,0.199574,0.198961,0.197447,0.088911,0.059819,LMT,126
2022-10-17,0.199198,0.200742,0.1953,0.06953,0.052495,LMT,126
2022-10-18,0.191933,0.196814,0.196645,-0.006433,0.056392,LMT,126
2022-10-19,0.188895,0.200488,0.21283,-0.014368,0.045239,LMT,126
2022-10-20,0.188638,0.201927,0.21606,-0.017554,0.043686,LMT,126
2022-10-21,0.187135,0.20111,0.216065,-0.030475,0.051027,LMT,126
2022-10-24,0.186834,0.198732,0.213107,-0.01008,0.047881,LMT,126
2022-10-25,0.185794,0.197812,0.215598,-0.029705,0.046471,LMT,126
2022-10-26,0.184681,0.195486,0.209753,-0.028905,0.039733,LMT,126
2022-10-27,0.184364,0.194334,0.20958,-0.027347,0.042147,LMT,126
2022-10-28,0.18201,0.185994,0.190463,-0.02947,0.038305,LMT,126
2022-10-31,0.181793,0.185302,0.182883,-0.033197,0.036419,LMT,126
2022-11-01,0.181981,0.183484,0.177249,-0.03375,0.034361,LMT,126
2022-11-02,0.181653,0.184403,0.17598,-0.04016,0.035492,LMT,126
2022-11-03,0.180943,0.186311,0.183808,-0.045732,0.033442,LMT,126
2022-11-04,0.178899,0.188375,0.183915,-0.053075,0.04141,LMT,126
2022-11-07,0.178571,0.186784,0.183199,-0.043382,0.036723,LMT,126
2022-11-08,0.178293,0.186875,0.181103,-0.033997,0.040408,LMT,126
2022-11-09,0.178159,0.187001,0.183397,-0.01989,0.038501,LMT,126
2022-11-10,0.176829,0.181276,0.187265,-0.038158,0.038592,LMT,126
2022-11-11,0.174024,0.184616,0.207321,-0.031942,0.046829,LMT,126
2022-11-14,0.172626,0.187686,0.207994,-0.019406,0.038795,LMT,126
2022-11-15,0.169558,0.184912,0.205946,-0.018934,0.03383,LMT,126
2022-11-16,0.169112,0.188453,0.205406,-0.009091,0.036748,LMT,126
2022-11-17,0.168726,0.188301,0.205136,0.00087,0.038765,LMT,126
2022-11-18,0.168562,0.186534,0.203815,-0.001175,0.029797,LMT,126
2022-11-21,0.168644,0.187161,0.203304,-0.002047,0.032308,LMT,126
2022-11-22,0.169661,0.187438,0.202147,-0.008835,0.02881,LMT,126
2022-11-23,0.170464,0.186622,0.202322,-0.011925,0.032447,LMT,126
2022-11-25,0.170691,0.186331,0.203297,-0.005283,0.035339,LMT,126
2022-11-28,0.170563,0.175818,0.170518,0.006568,0.029251,LMT,126
2022-11-29,0.171038,0.17582,0.171462,0.017748,0.032222,LMT,126
2022-11-30,0.170865,0.176347,0.167533,0.004032,0.036666,LMT,126
2022-12-01,0.17053,0.175968,0.16571,-0.003467,0.034132,LMT,126
2022-12-02,0.169207,0.177703,0.163189,0.000739,0.025637,LMT,126
2022-12-05,0.169592,0.177415,0.16378,0.009093,0.026931,LMT,126
2022-12-06,0.169365,0.176872,0.169881,0.033037,0.020228,LMT,126
2022-12-07,0.168761,0.176163,0.168868,0.026108,0.032056,LMT,126
2022-12-08,0.168312,0.176741,0.169874,0.020723,0.035239,LMT,126
2022-12-09,0.169352,0.175761,0.168333,0.016711,0.038862,LMT,126
2022-12-12,0.169423,0.177719,0.172154,0.031927,0.038822,LMT,126
2022-12-13,0.168884,0.177333,0.170078,0.038532,0.029462,LMT,126
2022-12-14,0.168559,0.176555,0.167475,0.030627,0.031146,LMT,126
2022-12-15,0.167583,0.176716,0.169048,0.053277,0.033796,LMT,126
2022-12-16,0.167824,0.177585,0.172362,0.049791,0.034131,LMT,126
2022-12-19,0.167239,0.177931,0.170986,0.05571,0.030689,LMT,126
2022-12-20,0.166728,0.178814,0.17235,0.051938,0.029479,LMT,126
2022-12-21,0.167639,0.179536,0.170612,0.042568,0.032105,LMT,126
2022-12-22,0.166151,0.178188,0.171673,0.055174,0.040645,LMT,126
2022-12-23,0.166268,0.177705,0.170668,0.046869,0.035792,LMT,126
2022-12-27,0.166334,0.177985,0.16983,0.063025,0.032534,LMT,126
2022-12-28,0.166423,0.178495,0.17146,0.065562,0.033906,LMT,126
2022-12-29,0.166416,0.174726,0.170719,0.06001,0.036979,LMT,126
2022-12-30,0.16576,0.177883,0.1706,0.067043,0.040809,LMT,126
2023-01-03,0.164896,0.179324,0.171675,0.088318,0.039531,LMT,126
2023-01-04,0.163732,0.179733,0.172043,0.08105,0.040525,LMT,126
2023-01-05,0.163086,0.179965,0.171594,0.07919,0.042279,LMT,126
2023-01-06,0.157277,0.184356,0.174425,0.048085,0.04155,LMT,126
2023-01-09,0.154822,0.185301,0.175682,0.051357,0.036628,LMT,126
2023-01-10,0.154127,0.184802,0.175656,0.044522,0.034814,LMT,126
2023-01-11,0.154048,0.184347,0.175826,0.047198,0.026196,LMT,126
2023-01-12,0.154263,0.18004,0.175973,0.031559,0.038828,LMT,126
2023-01-13,0.158472,0.183032,0.175009,0.026133,0.035021,LMT,126
2023-01-17,0.15942,0.183018,0.17428,0.034863,0.034597,LMT,126
2023-01-18,0.159381,0.183644,0.174143,0.034636,0.035478,LMT,126
2023-01-19,0.158963,0.179972,0.17092,0.039935,0.036405,LMT,126
2023-01-20,0.158701,0.177674,0.170176,0.028754,0.037342,LMT,126
2023-01-23,0.158971,0.17983,0.168733,0.045344,0.025786,LMT,126
2023-01-24,0.157146,0.179619,0.166754,-0.006179,0.030778,LMT,126
2023-01-25,0.156411,0.17663,0.166289,-0.005369,0.031049,LMT,126
2023-01-26,0.155084,0.169928,0.159588,-0.015297,0.032716,LMT,126
2023-01-27,0.154091,0.17082,0.160248,-0.017859,0.026723,LMT,126
2023-01-30,0.153811,0.17034,0.159776,-0.004451,0.027534,LMT,126
2023-01-31,0.153861,0.169743,0.158574,-0.017129,0.036263,LMT,126
2023-02-01,0.15369,0.169329,0.158636,-0.023841,0.035997,LMT,126
2023-02-02,0.153346,0.169713,0.158283,-0.018463,0.031437,LMT,126
2023-02-03,0.152645,0.169846,0.154999,-0.022916,0.039446,LMT,126
2023-02-06,0.152394,0.170721,0.15767,-0.013485,0.038419,LMT,126
2023-02-07,0.151315,0.169898,0.156728,0.010676,0.034556,LMT,126
2023-02-08,0.1509,0.170129,0.155346,0.021487,0.034578,LMT,126
2023-02-09,0.150502,0.169673,0.155161,0.024763,0.038302,LMT,126
2023-02-10,0.150316,0.171557,0.160363,0.02389,0.034489,LMT,126
2023-02-13,0.149679,0.170932,0.157835,0.028275,0.035033,LMT,126
2023-02-14,0.149589,0.169457,0.157658,0.023704,0.031935,LMT,126
2023-02-15,0.149149,0.171174,0.158184,0.014767,0.034247,LMT,126
2023-02-16,0.148915,0.174425,0.159364,0.016378,0.035751,LMT,126
2023-02-17,0.14897,0.173345,0.160068,0.012742,0.036512,LMT,126
2023-02-21,0.148405,0.174316,0.160983,0.029302,0.031211,LMT,126
2023-02-22,0.148281,0.172415,0.16125,0.032285,0.035093,LMT,126
2023-02-23,0.14789,0.172641,0.160629,0.033799,0.031979,LMT,126
2023-02-24,0.148017,0.166123,0.147948,0.033376,0.038165,LMT,126
2023-02-27,0.147456,0.166663,0.1483,0.040338,0.038743,LMT,126
2023-02-28,0.147964,0.166113,0.148733,0.055509,0.029221,LMT,126
2023-03-01,0.14825,0.167737,0.151629,0.050628,0.033576,LMT,126
2023-03-02,0.148424,0.168325,0.155973,0.04331,0.035468,LMT,126
2023-03-03,0.148511,0.168446,0.155336,0.037639,0.035042,LMT,126
2023-03-06,0.148354,0.1677,0.155952,0.039264,0.03752,LMT,126
2023-03-07,0.149636,0.165096,0.141075,0.053144,0.025041,LMT,126
2023-03-08,0.148504,0.163478,0.147439,0.042904,0.030808,LMT,126
2023-03-09,0.148161,0.163041,0.145973,0.05616,0.037065,LMT,126
2023-03-10,0.147949,0.165656,0.148435,0.067624,0.042457,LMT,126
2023-03-13,0.147602,0.165921,0.146452,0.069312,0.049153,LMT,126
2023-03-14,0.147255,0.16364,0.128966,0.070228,0.045208,LMT,126
2023-03-15,0.145841,0.165841,0.145092,0.088024,0.056358,LMT,126
2023-03-16,0.144774,0.164835,0.14849,0.074931,0.039163,LMT,126
2023-03-17,0.143841,0.168702,0.148429,0.071502,0.053072,LMT,126
2023-03-20,0.142371,0.167376,0.150779,0.063678,0.049346,LMT,126
2023-03-21,0.141923,0.168104,0.150679,0.054286,0.042926,LMT,126
2023-03-22,0.142048,0.168049,0.152212,0.059652,0.035224,LMT,126
2023-03-23,0.142028,0.168279,0.154307,0.066508,0.042142,LMT,126
2023-03-24,0.141538,0.162032,0.143612,0.055265,0.040996,LMT,126
2023-03-27,0.141494,0.15998,0.143275,0.053251,0.045148,LMT,126
2023-03-28,0.141647,0.159488,0.142941,0.057183,0.04458,LMT,126
2023-03-29,0.141869,0.159268,0.142872,0.048907,0.049005,LMT,126
2023-03-30,0.141879,0.159011,0.143154,0.052041,0.043611,LMT,126
2023-03-31,0.142139,0.158381,0.142823,0.04271,0.04655,LMT,126
2023-04-03,0.141133,0.158725,0.143655,0.035458,0.037825,LMT,126
2023-04-04,0.141242,0.157658,0.143054,0.036784,0.043893,LMT,126
2023-04-05,0.14142,0.158822,0.14357,0.040837,0.040949,LMT,126
2023-04-06,0.141694,0.158917,0.143237,0.048546,0.03717,LMT,126
2023-04-10,0.143762,0.161382,0.145682,0.05067,0.040312,LMT,126
2023-04-11,0.144479,0.159898,0.145982,0.056396,0.040919,LMT,126
2023-04-12,0.143958,0.159657,0.14484,0.055926,0.03771,LMT,126
2023-04-13,0.144719,0.162034,0.144401,0.044252,0.039221,LMT,126
2023-04-14,0.145361,0.162065,0.145299,0.05238,0.036693,LMT,126
2023-04-17,0.146466,0.166161,0.148988,0.061007,0.032606,LMT,126
2023-04-18,0.15022,0.164625,0.149151,0.030147,0.024518,LMT,126
2023-04-19,0.15039,0.16044,0.145189,0.029971,0.032715,LMT,126
2023-04-20,0.150592,0.160118,0.145962,0.030028,0.033468,LMT,126
2023-04-21,0.150363,0.159805,0.14427,0.02982,0.033947,LMT,126
2023-04-24,0.151221,0.159305,0.146051,0.031785,0.022842,LMT,126
2023-04-25,0.151981,0.160237,0.148502,0.051474,0.030937,LMT,126
2023-04-26,0.151027,0.162115,0.149661,0.044789,0.044992,LMT,126
2023-04-27,0.151586,0.162506,0.149109,0.024084,0.039067,LMT,126
2023-04-28,0.152291,0.159614,0.149046,0.015583,0.038361,LMT,126
2023-05-01,0.152123,0.160459,0.148908,0.011671,0.032317,LMT,126
2023-05-02,0.152094,0.161488,0.149179,0.028417,0.04145,LMT,126
2023-05-03,0.151934,0.161591,0.150494,0.043983,0.043983,LMT,126
2023-05-04,0.151209,0.163363,0.149283,0.051481,0.046419,LMT,126
2023-05-05,0.151571,0.162197,0.148622,0.0358,0.045175,LMT,126
2023-05-08,0.15098,0.164711,0.149215,0.043777,0.04546,LMT,126
2023-05-09,0.150836,0.162603,0.148692,0.041248,0.043247,LMT,126
2023-05-10,0.1511,0.161918,0.148879,0.034639,0.046537,LMT,126
2023-05-11,0.151361,0.16162,0.149206,0.04191,0.047788,LMT,126
2023-05-12,0.1512,0.161058,0.148901,0.040385,0.042905,LMT,126
2023-05-15,0.151428,0.161023,0.149007,0.043897,0.045438,LMT,126
2023-05-16,0.151673,0.160694,0.149017,0.054412,0.040728,LMT,126
2023-05-17,0.151492,0.160297,0.148663,0.043333,0.044209,LMT,126
2023-05-18,0.150907,0.160631,0.148602,0.049926,0.042246,LMT,126
2023-05-19,0.150621,0.161701,0.148806,0.046163,0.038926,LMT,126
2023-05-22,0.150485,0.160714,0.148865,0.051865,0.034077,LMT,126
2023-05-23,0.150022,0.161208,0.149499,0.055139,0.036378,LMT,126
2023-05-24,0.149708,0.161906,0.149689,0.060072,0.043204,LMT,126
2023-05-25,0.148463,0.161064,0.148317,0.07603,0.053371,LMT,126
2023-05-26,0.147683,0.160869,0.149536,0.056769,0.044902,LMT,126
2023-05-30,0.147689,0.161282,0.149702,0.062019,0.044977,LMT,126
2023-05-31,0.147817,0.15986,0.149815,0.058288,0.037874,LMT,126
2023-06-01,0.147304,0.160296,0.149241,0.033866,0.041974,LMT,126
2023-06-02,0.146912,0.161815,0.147934,0.030755,0.028679,LMT,126
2023-06-05,0.146866,0.160631,0.148284,0.03844,0.0286,LMT,126
2023-06-06,0.146689,0.159662,0.148069,0.019584,0.029401,LMT,126
2023-06-07,0.14583,0.160584,0.147916,0.027392,0.021082,LMT,126
2023-06-08,0.145786,0.160001,0.147991,0.015301,0.034867,LMT,126
2023-06-09,0.145632,0.160028,0.148699,0.019387,0.029584,LMT,126
2023-06-12,0.145614,0.162965,0.147953,0.023802,0.039077,LMT,126
2023-06-13,0.143897,0.161215,0.147953,0.02752,0.028074,LMT,126
2023-06-14,0.143714,0.163416,0.148246,0.018389,0.033981,LMT,126
2023-06-15,0.144595,0.162918,0.147471,0.01723,0.031807,LMT,126
2023-06-16,0.144778,0.163239,0.147209,0.013497,0.029576,LMT,126
2023-06-20,0.144672,0.162526,0.146978,0.037704,0.020445,LMT,126
2023-06-21,0.143725,0.153624,0.145134,0.020695,0.029287,LMT,126
2023-06-22,0.14367,0.15474,0.145317,0.024396,0.030131,LMT,126
2023-06-23,0.143091,0.155177,0.145041,0.030584,0.028426,LMT,126
2023-06-26,0.141858,0.155751,0.145978,0.035811,0.028095,LMT,126
2023-06-27,0.141856,0.154216,0.145526,0.042554,0.025774,LMT,126
2023-06-28,0.141488,0.154051,0.145604,0.045888,0.03093,LMT,126
2023-06-29,0.141049,0.15416,0.145671,0.035311,0.030737,LMT,126
2023-06-30,0.14056,0.154159,0.144851,0.033437,0.019947,LMT,126
2023-07-03,0.141059,0.153628,0.145011,0.034556,0.023443,LMT,126
2023-07-05,0.141411,0.155867,0.145548,0.038181,0.026988,LMT,126
2023-07-06,0.141593,0.155651,0.145558,0.043701,0.029278,LMT,126
2023-07-07,0.142004,0.155414,0.14569,0.043578,0.032502,LMT,126
2023-07-10,0.141928,0.155198,0.145946,0.052726,0.034788,LMT,126
2023-07-11,0.141787,0.154182,0.153181,0.04978,0.030743,LMT,126
2023-07-12,0.141917,0.153849,0.15321,0.048269,0.028706,LMT,126
2023-07-13,0.14252,0.153863,0.153002,0.04653,0.02573,LMT,126
2023-07-14,0.142621,0.153832,0.153478,0.059866,0.028945,LMT,126
2023-07-17,0.142391,0.155587,0.153222,0.076787,0.020991,LMT,126
2023-07-18,0.137403,0.157171,0.150505,0.026973,0.013014,LMT,126
2023-07-19,0.136163,0.157138,0.145359,0.006166,0.021664,LMT,126
2023-07-20,0.13595,0.155596,0.138006,-0.012401,0.021621,LMT,126
2023-07-21,0.136212,0.155945,0.138006,-0.017905,0.024357,LMT,126
2023-07-24,0.142394,0.155825,0.137899,-0.020898,0.022186,LMT,126
2023-07-25,0.14311,0.155799,0.136423,-0.022726,0.024127,LMT,126
2023-07-26,0.143937,0.155163,0.138367,-0.020675,0.023867,LMT,126
2023-07-27,0.143962,0.155593,0.138251,-0.016506,0.023333,LMT,126
2023-07-28,0.144334,0.154693,0.13815,-0.017204,0.01763,LMT,126
2023-07-31,0.144345,0.154531,0.136248,-0.018309,0.026245,LMT,126
2023-08-01,0.144203,0.154573,0.138643,-0.017034,0.014495,LMT,126
2023-08-02,0.144316,0.156031,0.138598,-0.008306,0.020965,LMT,126
2023-08-03,0.144332,0.156593,0.136658,-0.003501,0.022168,LMT,126
2023-08-04,0.144335,0.155422,0.138876,-0.008994,0.026452,LMT,126
2023-08-07,0.145183,0.155118,0.136677,-0.011228,0.023132,LMT,126
2023-08-08,0.145118,0.154933,0.138798,-0.006501,0.022138,LMT,126
2023-08-09,0.145162,0.154711,0.140225,-0.008943,0.025842,LMT,126
2023-08-10,0.145015,0.155373,0.141532,-0.004893,0.021451,LMT,126
2023-08-11,0.145271,0.155788,0.141809,-0.017418,0.02501,LMT,126
2023-08-14,0.146234,0.156087,0.140593,-0.007283,0.018857,LMT,126
2023-08-15,0.14847,0.154307,0.142368,0.002183,0.022967,LMT,126
2023-08-16,0.148286,0.154482,0.141459,0.031896,0.025545,LMT,126
2023-08-17,0.148161,0.152916,0.143353,0.045551,0.027374,LMT,126
2023-08-18,0.147147,0.153118,0.143357,0.033506,0.02822,LMT,126
2023-08-21,0.147162,0.152906,0.145972,0.033906,0.022722,LMT,126
2023-08-22,0.147372,0.152419,0.143165,0.032757,0.024397,LMT,126
2023-08-23,0.147362,0.152114,0.139615,0.026827,0.02611,LMT,126
2023-08-24,0.147433,0.15184,0.142819,0.04525,0.017653,LMT,126
2023-08-25,0.147386,0.152147,0.145356,0.035151,0.021011,LMT,126
2023-08-28,0.147571,0.152425,0.13969,0.035381,0.021589,LMT,126
2023-08-29,0.146643,0.152431,0.138416,0.027072,0.022867,LMT,126
2023-08-30,0.146257,0.152924,0.139785,0.019255,0.023116,LMT,126
2023-08-31,0.146556,0.1524,0.139485,0.014918,0.023917,LMT,126
2023-09-01,0.146998,0.1519,0.135143,0.008535,0.023088,LMT,126
2023-09-05,0.14704,0.1525,0.136595,0.016367,0.020857,LMT,126
2023-09-06,0.145537,0.155906,0.146964,0.029004,0.023083,LMT,126
2023-09-07,0.145224,0.155909,0.146593,0.019113,0.023365,LMT,126
2023-09-08,0.145252,0.15586,0.146291,0.014729,0.024748,LMT,126
2023-09-11,0.144692,0.155114,0.144189,0.015445,0.027612,LMT,126
2023-09-12,0.144674,0.155412,0.146192,0.021267,0.02295,LMT,126
2023-09-13,0.144765,0.154996,0.145791,0.021099,0.022378,LMT,126
2023-09-14,0.144851,0.153477,0.147427,0.008672,0.022678,LMT,126
2023-09-15,0.144603,0.15226,0.146399,0.016007,0.025965,LMT,126
2023-09-18,0.144378,0.151899,0.145587,0.028225,0.024188,LMT,126
2023-09-19,0.14424,0.151838,0.145316,0.042583,0.026421,LMT,126
2023-09-20,0.144236,0.151551,0.145167,0.043651,0.028466,LMT,126
2023-09-21,0.143607,0.153587,0.141311,0.059522,0.033917,LMT,126
2023-09-22,0.143532,0.153697,0.145788,0.058683,0.034116,LMT,126
2023-09-25,0.143541,0.156349,0.143857,0.06928,0.033694,LMT,126
2023-09-26,0.143754,0.156882,0.14862,0.076552,0.038808,LMT,126
2023-09-27,0.143493,0.164835,0.149545,0.07151,0.041099,LMT,126
2023-09-28,0.14344,0.164719,0.1446,0.081049,0.034445,LMT,126
2023-09-29,0.143359,0.157836,0.144771,0.080758,0.03313,LMT,126
2023-10-02,0.143239,0.164423,0.149713,0.089719,0.031375,LMT,126
2023-10-03,0.144079,0.165039,0.14639,0.102669,0.039493,LMT,126
2023-10-04,0.144006,0.161589,0.143914,0.100106,0.034791,LMT,126
2023-10-05,0.143413,0.160917,0.144361,0.103628,0.039363,LMT,126
2023-10-06,0.142831,0.160304,0.144429,0.098248,0.037122,LMT,126
2023-10-09,0.141406,0.163121,0.148648,0.134276,0.011313,LMT,126
2023-10-10,0.140501,0.162192,0.147879,0.10402,0.01377,LMT,126
2023-10-11,0.140872,0.15504,0.14721,0.094358,0.014722,LMT,126
2023-10-12,0.140121,0.161912,0.148121,0.071973,0.017036,LMT,126
2023-10-13,0.139354,0.15264,0.142839,0.089876,0.012473,LMT,126
2023-10-16,0.13834,0.152762,0.14125,0.067335,0.014586,LMT,126
2023-10-17,0.133049,0.162497,0.150561,0.005145,0.016502,LMT,126
2023-10-18,0.132702,0.163161,0.152838,0.008908,0.018484,LMT,126
2023-10-19,0.133332,0.164031,0.153435,0.009146,0.02026,LMT,126
2023-10-20,0.136538,0.163753,0.154224,0.017173,0.011981,LMT,126
2023-10-23,0.136089,0.16308,0.15599,0.00676,0.013148,LMT,126
2023-10-24,0.135608,0.162284,0.154792,-0.003361,0.012418,LMT,126
2023-10-25,0.135881,0.164392,0.152834,-0.005703,0.015937,LMT,126
2023-10-26,0.135074,0.163707,0.153678,-0.006497,0.018818,LMT,126
2023-10-27,0.1343,0.1623,0.152893,-0.005047,0.018418,LMT,126
2023-10-30,0.134416,0.162577,0.15208,-0.01761,0.01685,LMT,126
2023-10-31,0.133752,0.163458,0.154953,-0.028267,0.015266,LMT,126
2023-11-01,0.134044,0.160934,0.150589,-0.041585,0.020273,LMT,126
2023-11-02,0.133968,0.158655,0.148703,-0.049613,0.01861,LMT,126
2023-11-03,0.13335,0.158406,0.148821,-0.05179,0.015664,LMT,126
2023-11-06,0.133503,0.159074,0.149349,-0.046274,0.016807,LMT,126
2023-11-07,0.133556,0.15723,0.146928,-0.036163,0.020768,LMT,126
2023-11-08,0.13299,0.157666,0.154175,-0.028378,0.015136,LMT,126
2023-11-09,0.132573,0.157914,0.150088,-0.025248,0.017723,LMT,126
2023-11-10,0.132245,0.149414,0.141526,-0.03637,0.021926,LMT,126
2023-11-13,0.131913,0.151215,0.139835,-0.024781,0.016087,LMT,126
2023-11-14,0.1356,0.14927,0.138061,-0.021627,0.014736,LMT,126
2023-11-15,0.135509,0.151081,0.138802,0.008847,0.012216,LMT,126
2023-11-16,0.135439,0.150788,0.13863,0.004349,0.018974,LMT,126
2023-11-17,0.135412,0.150563,0.13854,0.010167,0.016194,LMT,126
2023-11-20,0.135073,0.150559,0.138042,0.006769,0.013732,LMT,126
2023-11-21,0.135041,0.150672,0.137584,0.008125,0.016264,LMT,126
2023-11-22,0.135008,0.150636,0.137519,0.008494,0.019552,LMT,126
2023-11-24,0.13551,0.150364,0.136978,0.008322,0.018671,LMT,126
2023-11-27,0.135252,0.151722,0.13849,0.02937,0.008701,LMT,126
2023-11-28,0.135443,0.152343,0.140459,0.025868,0.014106,LMT,126
2023-11-29,0.135993,0.153003,0.140263,0.034551,0.009794,LMT,126
2023-11-30,0.136265,0.15108,0.136197,0.031021,0.015887,LMT,126
2023-12-01,0.136408,0.151031,0.13612,0.031795,0.015621,LMT,126
2023-12-04,0.136463,0.152253,0.136942,0.031582,0.019015,LMT,126
2023-12-05,0.136632,0.153992,0.137368,0.041769,0.016336,LMT,126
2023-12-06,0.13711,0.153209,0.139924,0.050044,0.008694,LMT,126
2023-12-07,0.137069,0.154006,0.135894,0.045971,0.014511,LMT,126
2023-12-08,0.137066,0.152577,0.134405,0.043195,0.015872,LMT,126
2023-12-11,0.137217,0.148776,0.133167,0.045028,0.018436,LMT,126
2023-12-12,0.137257,0.148764,0.135319,0.04966,0.007572,LMT,126
2023-12-13,0.137297,0.147663,0.13066,0.047464,0.012467,LMT,126
2023-12-14,0.136174,0.160165,0.136462,0.053025,0.009389,LMT,126
2023-12-15,0.135732,0.160834,0.138284,0.063034,0.006071,LMT,126
2023-12-18,0.136179,0.16201,0.13982,0.052863,0.011618,LMT,126
2023-12-19,0.136703,0.162081,0.139483,0.055486,0.00785,LMT,126
2023-12-20,0.137399,0.163815,0.139056,0.077177,0.004822,LMT,126
2023-12-21,0.137635,0.162431,0.140141,0.06414,0.016258,LMT,126
2023-12-22,0.137764,0.162771,0.14004,0.061438,0.011274,LMT,126
2023-12-26,0.137759,0.163157,0.138254,0.079513,0.01203,LMT,126
2023-12-27,0.138311,0.163016,0.139294,0.076557,0.015849,LMT,126
2023-12-28,0.13873,0.163503,0.140323,0.077792,0.017337,LMT,126
2023-12-29,0.13877,0.162553,0.136504,0.078887,0.017294,LMT,126
2024-01-02,0.137868,0.161159,0.133771,0.083295,0.019166,LMT,126
2024-01-03,0.137567,0.148804,0.129937,0.085393,0.01913,LMT,126
2024-01-04,0.137366,0.148347,0.127985,0.087355,0.015176,LMT,126
2024-01-05,0.13683,0.148373,0.13003,0.076958,0.019153,LMT,126
2024-01-08,0.136892,0.154627,0.130914,0.073,0.018963,LMT,126
2024-01-09,0.138056,0.163515,0.129187,0.078811,0.01315,LMT,126
2024-01-10,0.138117,0.155264,0.128716,0.075316,0.016021,LMT,126
2024-01-11,0.137251,0.154605,0.128598,0.065521,0.017858,LMT,126
2024-01-12,0.137085,0.156123,0.134966,0.065165,0.016232,LMT,126
2024-01-16,0.136689,0.15972,0.139952,0.069601,0.017106,LMT,126
2024-01-17,0.136638,0.160082,0.138747,0.076142,0.012348,LMT,126
2024-01-18,0.136538,0.1605,0.139185,0.071662,0.019585,LMT,126
2024-01-19,0.136399,0.159661,0.138532,0.068104,0.017817,LMT,126
2024-01-22,0.139494,0.16121,0.142315,0.073142,0.022575,LMT,126
2024-01-23,0.136472,0.159926,0.138653,-0.005626,0.02394,LMT,126
2024-01-24,0.136952,0.15913,0.138137,-0.012189,0.012346,LMT,126
2024-01-25,0.136565,0.159921,0.138669,-0.020641,0.015955,LMT,126
2024-01-26,0.136902,0.161022,0.139529,-0.03625,0.021892,LMT,126
2024-01-29,0.137601,0.160488,0.138608,-0.02946,0.019467,LMT,126
2024-01-30,0.138225,0.159751,0.138893,-0.034319,0.019503,LMT,126
2024-01-31,0.13858,0.159177,0.136981,-0.027737,0.014481,LMT,126
2024-02-01,0.142594,0.158242,0.138318,-0.033787,0.022161,LMT,126
2024-02-02,0.148476,0.158885,0.13963,-0.028638,0.01224,LMT,126
2024-02-05,0.148779,0.159226,0.138906,-0.02972,0.013245,LMT,126
2024-02-06,0.14978,0.158128,0.137662,-0.036562,0.012629,LMT,126
2024-02-07,0.150489,0.159162,0.138864,-0.043233,0.015472,LMT,126
2024-02-08,0.150599,0.154095,0.139362,-0.037049,0.013607,LMT,126
2024-02-09,0.150697,0.154626,0.140947,-0.033991,0.011732,LMT,126
2024-02-12,0.150879,0.154347,0.140611,-0.022876,0.007853,LMT,126
2024-02-13,0.149963,0.155235,0.140005,-0.022842,0.018202,LMT,126
2024-02-14,0.147517,0.156777,0.140453,-0.027396,0.021801,LMT,126
2024-02-15,0.147693,0.154011,0.14053,-0.034744,0.019615,LMT,126
2024-02-16,0.148108,0.154901,0.139979,-0.02967,0.015332,LMT,126
2024-02-20,0.148423,0.154997,0.140396,-0.032513,0.015316,LMT,126
2024-02-21,0.14848,0.155272,0.139632,-0.029265,0.012109,LMT,126
2024-02-22,0.14829,0.155379,0.142024,0.001227,0.009253,LMT,126
2024-02-23,0.1485,0.154299,0.142559,0.004109,0.006256,LMT,126
2024-02-26,0.148134,0.155057,0.14337,0.013093,0.009624,LMT,126
2024-02-27,0.148047,0.154292,0.143253,0.013599,0.007378,LMT,126
2024-02-28,0.148221,0.154196,0.142956,0.019361,0.007446,LMT,126
2024-02-29,0.148312,0.154096,0.142772,0.021916,-0.00051,LMT,126
2024-03-01,0.148266,0.154384,0.142193,0.013204,0.013431,LMT,126
2024-03-04,0.148035,0.155536,0.143708,0.029757,0.003989,LMT,126
2024-03-05,0.148166,0.154931,0.142164,0.019425,0.014915,LMT,126
2024-03-06,0.149071,0.153588,0.139484,0.020103,0.012753,LMT,126
2024-03-07,0.149112,0.152591,0.140792,0.024753,0.011378,LMT,126
2024-03-08,0.149333,0.155282,0.143511,0.019646,0.010069,LMT,126
2024-03-11,0.149465,0.153423,0.1401,0.026448,0.013552,LMT,126
2024-03-12,0.150503,0.153815,0.14007,0.028639,0.001038,LMT,126
2024-03-13,0.150414,0.153442,0.13644,0.023318,0.010162,LMT,126
2024-03-14,0.150671,0.153623,0.136413,0.028108,0.015149,LMT,126
2024-03-15,0.150951,0.153135,0.13791,0.048637,0.012945,LMT,126
2024-03-18,0.150912,0.153124,0.138737,0.042305,0.012715,LMT,126
2024-03-19,0.15131,0.152926,0.138464,0.038608,0.02045,LMT,126
2024-03-20,0.151414,0.152426,0.136937,0.039008,0.011482,LMT,126
2024-03-21,0.151626,0.153006,0.137011,0.044915,0.00063,LMT,126
2024-03-22,0.152102,0.152798,0.135836,0.049029,-0.008242,LMT,126
2024-03-25,0.152148,0.151868,0.137254,0.051778,0.005334,LMT,126
2024-03-26,0.152389,0.153722,0.13926,0.061014,0.001171,LMT,126
2024-03-27,0.152597,0.153837,0.14378,0.060339,0.005563,LMT,126
2024-03-28,0.153062,0.155022,0.142875,0.064701,0.007296,LMT,126
2024-04-01,0.153128,0.155949,0.142267,0.068297,0.003065,LMT,126
2024-04-02,0.158152,0.155249,0.143048,0.077112,0.019046,LMT,126
2024-04-03,0.1584,0.155215,0.142681,0.092653,0.005433,LMT,126
2024-04-04,0.157901,0.15469,0.143645,0.119846,-0.011678,LMT,126
2024-04-05,0.157908,0.156624,0.142675,0.103579,0.007403,LMT,126
2024-04-08,0.1582,0.158778,0.148345,0.104013,0.001854,LMT,126
2024-04-09,0.158173,0.15844,0.148939,0.100609,0.002372,LMT,126
2024-04-10,0.157393,0.159342,0.147714,0.108819,-0.003044,LMT,126
2024-04-11,0.157612,0.160291,0.148683,0.102635,0.00067,LMT,126
2024-04-12,0.15691,0.160392,0.149012,0.129627,-0.006835,LMT,126
2024-04-15,0.156844,0.16086,0.148668,0.134329,-0.009597,LMT,126
2024-04-16,0.157074,0.159041,0.14645,0.121306,-0.009144,LMT,126
2024-04-17,0.156898,0.158846,0.145957,0.102893,-0.002242,LMT,126
2024-04-18,0.157077,0.157013,0.144967,0.096057,0.000964,LMT,126
2024-04-19,0.156729,0.156746,0.14444,0.100749,-0.002933,LMT,126
2024-04-22,0.156151,0.157917,0.14808,0.080405,-0.001467,LMT,126
2024-04-23,0.157328,0.160774,0.146833,0.018577,-0.007556,LMT,126
2024-04-24,0.157533,0.159658,0.145585,0.009836,-0.000582,LMT,126
2024-04-25,0.157708,0.159994,0.145151,0.004037,-0.010562,LMT,126
2024-04-26,0.157727,0.160279,0.145703,-0.010249,-0.002062,LMT,126
2024-04-29,0.157882,0.15975,0.145962,-0.002837,-0.01437,LMT,126
2024-04-30,0.157877,0.160369,0.147422,-0.005437,-0.006353,LMT,126
2024-05-01,0.158219,0.160393,0.147126,-0.016756,0.003381,LMT,126
2024-05-02,0.158802,0.160922,0.14547,-0.023764,0.010433,LMT,126
2024-05-03,0.158496,0.160241,0.146673,-0.015709,-0.006364,LMT,126
2024-05-06,0.159029,0.161986,0.143955,-0.024391,0.013703,LMT,126
2024-05-07,0.159174,0.162799,0.144197,-0.021699,0.004964,LMT,126
2024-05-08,0.162918,0.159769,0.144044,-0.018532,0.002226,LMT,126
2024-05-09,0.163259,0.160314,0.142348,-0.015888,0.002282,LMT,126
2024-05-10,0.163961,0.160581,0.141059,-0.022582,0.014727,LMT,126
2024-05-13,0.164228,0.160472,0.141721,-0.017739,0.010112,LMT,126
2024-05-14,0.164894,0.160243,0.141025,-0.011472,0.006332,LMT,126
2024-05-15,0.165166,0.160161,0.140233,-0.008568,-0.001767,LMT,126
2024-05-16,0.165644,0.160884,0.14137,-0.02246,-0.004002,LMT,126
2024-05-17,0.166654,0.160598,0.141519,-0.025687,-0.010237,LMT,126
2024-05-20,0.167115,0.160523,0.141688,-0.035966,0.000781,LMT,126
2024-05-21,0.167613,0.160887,0.141257,-0.025045,-0.024331,LMT,126
2024-05-22,0.167913,0.160511,0.142654,-0.00642,0.001436,LMT,126
2024-05-23,0.168618,0.160345,0.142406,-0.000605,0.001917,LMT,126
2024-05-24,0.168793,0.159671,0.14294,0.00047,-0.001822,LMT,126
2024-05-28,0.171238,0.160904,0.1456,0.011228,-0.002671,LMT,126
2024-05-29,0.171303,0.16034,0.148415,0.017625,-0.001101,LMT,126
2024-05-30,0.171258,0.163072,0.147612,0.020207,0.008622,LMT,126
2024-05-31,0.170819,0.161848,0.147928,0.01129,0.005723,LMT,126
2024-06-03,0.170839,0.16094,0.147431,0.014162,-0.000709,LMT,126
2024-06-04,0.170862,0.164879,0.153215,0.01622,0.001477,LMT,126
2024-06-05,0.171073,0.164941,0.153948,0.016904,-0.010588,LMT,126
2024-06-06,0.171264,0.164826,0.15437,0.005484,0.007814,LMT,126
2024-06-07,0.171318,0.164988,0.154883,0.002605,0.012375,LMT,126
2024-06-10,0.171762,0.165226,0.154622,0.009261,0.008521,LMT,126
2024-06-11,0.17198,0.165164,0.155717,0.010003,-0.00075,LMT,126
2024-06-12,0.172156,0.166107,0.154257,0.01356,-0.008067,LMT,126
2024-06-13,0.173669,0.165531,0.153733,0.004151,-0.011761,LMT,126
2024-06-14,0.174044,0.164301,0.150715,0.004094,0.013434,LMT,126
2024-06-17,0.174112,0.163661,0.152677,0.039755,0.010498,LMT,126
2024-06-18,0.174269,0.163933,0.149622,0.043365,0.003321,LMT,126
2024-06-20,0.174097,0.164308,0.151772,0.045957,0.024522,LMT,126
2024-06-21,0.174156,0.163103,0.153476,0.044552,0.009497,LMT,126
2024-06-24,0.174111,0.162994,0.153003,0.032043,0.005488,LMT,126
2024-06-25,0.174459,0.163672,0.153312,0.037754,0.0074,LMT,126
2024-06-26,0.174436,0.164046,0.153617,0.043915,0.001835,LMT,126
2024-06-27,0.174881,0.163661,0.151058,0.043132,-0.006989,LMT,126
2024-06-28,0.174936,0.164123,0.151175,0.042422,0.002571,LMT,126
2024-07-01,0.174704,0.1625,0.150769,0.047214,0.005219,LMT,126
2024-07-02,0.174839,0.162358,0.150523,0.053731,0.009717,LMT,126
2024-07-03,0.175475,0.167785,0.150463,0.055527,0.00732,LMT,126
2024-07-05,0.17529,0.168437,0.151014,0.056929,0.018495,LMT,126
2024-07-08,0.176086,0.16792,0.152019,0.062784,0.004239,LMT,126
2024-07-09,0.177382,0.168201,0.152019,0.068396,0.006252,LMT,126
2024-07-10,0.177699,0.168022,0.151999,0.066394,0.013913,LMT,126
2024-07-11,0.176903,0.167787,0.150242,0.067581,-0.000283,LMT,126
2024-07-12,0.177798,0.167437,0.149916,0.053934,0.006563,LMT,126
2024-07-15,0.17825,0.168144,0.152023,0.064759,0.002616,LMT,126
2024-07-16,0.178623,0.167393,0.148736,0.066235,0.0028,LMT,126
2024-07-17,0.178479,0.165624,0.147915,0.076615,-0.007375,LMT,126
2024-07-18,0.178396,0.166279,0.152839,0.072282,0.00893,LMT,126
2024-07-19,0.179381,0.16522,0.148901,0.076974,0.007075,LMT,126
2024-07-22,0.180309,0.16568,0.151135,0.075049,0.008808,LMT,126
2024-07-23,0.178837,0.162913,0.154951,0.007746,0.006705,LMT,126
2024-07-24,0.176183,0.165111,0.157266,0.011249,0.004347,LMT,126
2024-07-25,0.175599,0.16513,0.157127,0.000742,0.005163,LMT,126
2024-07-26,0.178722,0.164714,0.155137,-0.017047,0.00298,LMT,126
2024-07-29,0.179806,0.165029,0.155799,-0.00913,-0.004076,LMT,126
2024-07-30,0.179633,0.165215,0.155154,-0.0089,-0.006515,LMT,126
2024-07-31,0.179476,0.164836,0.151586,-0.011031,0.004651,LMT,126
2024-08-01,0.179661,0.173354,0.154086,-0.007366,-0.000694,LMT,126
2024-08-02,0.176336,0.168715,0.146074,-0.002967,0.009282,LMT,126
2024-08-05,0.171573,0.173726,0.154139,0.010856,0.011741,LMT,126
2024-08-06,0.171838,0.17434,0.156926,-0.018125,0.007956,LMT,126
2024-08-07,0.170587,0.177958,0.163505,-0.016952,-0.001364,LMT,126
2024-08-08,0.170765,0.178521,0.16504,-0.042558,0.019349,LMT,126
2024-08-09,0.171128,0.174596,0.162691,-0.044112,0.012661,LMT,126
2024-08-12,0.171537,0.174985,0.161944,-0.040377,0.00815,LMT,126
2024-08-13,0.173029,0.172245,0.162007,-0.051541,0.01145,LMT,126
2024-08-14,0.1752,0.171283,0.16155,-0.063583,0.012375,LMT,126
2024-08-15,0.176331,0.171282,0.16574,-0.079273,0.013909,LMT,126
2024-08-16,0.178364,0.169355,0.164611,-0.076643,-0.002599,LMT,126
2024-08-19,0.178528,0.168563,0.158426,-0.086609,-0.002655,LMT,126
2024-08-20,0.178692,0.167833,0.156276,-0.084316,-0.004152,LMT,126
2024-08-21,0.179755,0.168576,0.154352,-0.075803,0.006525,LMT,126
2024-08-22,0.180693,0.168914,0.155368,-0.064988,0.00232,LMT,126
2024-08-23,0.181273,0.168923,0.155854,-0.063064,-0.005415,LMT,126
2024-08-26,0.181402,0.168217,0.156856,-0.064624,0.000451,LMT,126
2024-08-27,0.181509,0.168001,0.156621,-0.051735,0.003917,LMT,126
2024-08-28,0.181528,0.168203,0.156073,-0.038195,-0.003527,LMT,126
2024-08-29,0.184335,0.171246,0.157113,-0.043733,0.005222,LMT,126
2024-08-30,0.185753,0.171403,0.158178,-0.046433,0.010074,LMT,126
2024-09-03,0.186668,0.170873,0.151,-0.006926,0.010129,LMT,126
2024-09-04,0.188348,0.172003,0.150854,0.035354,0.004131,LMT,126
2024-09-05,0.192142,0.170832,0.154746,0.028011,0.010108,LMT,126
2024-09-06,0.192922,0.172628,0.155652,0.051019,0.003517,LMT,126
2024-09-09,0.19385,0.172701,0.159353,0.051373,0.006087,LMT,126
2024-09-10,0.193917,0.171299,0.160186,0.051575,0.007722,LMT,126
2024-09-11,0.193585,0.17229,0.160578,0.040539,-0.001246,LMT,126
2024-09-12,0.194366,0.171228,0.161645,0.036377,0.011425,LMT,126
2024-09-13,0.194361,0.171673,0.162428,0.038365,0.018521,LMT,126
2024-09-16,0.194789,0.171868,0.162049,0.039976,0.006497,LMT,126
2024-09-17,0.194955,0.172658,0.165193,0.044538,0.009049,LMT,126
2024-09-18,0.20963,0.172263,0.1617,0.044142,0.005392,LMT,126
2024-09-19,0.21025,0.170821,0.161013,0.040199,0.018501,LMT,126
2024-09-20,0.211104,0.171815,0.161047,0.049839,0.010778,LMT,126
2024-09-23,0.211488,0.171083,0.160203,0.049334,-0.003203,LMT,126
2024-09-24,0.211935,0.170526,0.160454,0.04728,-0.0026,LMT,126
2024-09-25,0.212132,0.170125,0.160432,0.039971,0.012278,LMT,126
2024-09-26,0.212719,0.170919,0.161494,0.055416,0.007902,LMT,126
2024-09-27,0.212838,0.181385,0.162353,0.068366,0.011854,LMT,126
2024-09-30,0.213589,0.181067,0.16231,0.069148,0.022078,LMT,126
2024-10-01,0.211169,0.180484,0.15917,0.073862,0.005296,LMT,126
2024-10-02,0.213955,0.18078,0.160226,0.066381,-0.003615,LMT,126
2024-10-03,0.217883,0.179612,0.15997,0.083135,-0.013471,LMT,126
2024-10-04,0.219616,0.179364,0.159935,0.076421,-0.022307,LMT,126
2024-10-07,0.22669,0.179263,0.16055,0.094481,-0.024121,LMT,126
2024-10-08,0.229868,0.179242,0.160759,0.093994,-0.017888,LMT,126
2024-10-09,0.232068,0.179236,0.160435,0.085542,-0.01884,LMT,126
2024-10-10,0.232829,0.178731,0.159848,0.077919,-0.010724,LMT,126
2024-10-11,0.233126,0.178507,0.159019,0.076838,-0.013055,LMT,126
2024-10-14,0.233482,0.178412,0.159062,0.078265,-0.016332,LMT,126
2024-10-15,0.237568,0.178681,0.160201,0.071031,-0.003825,LMT,126
2024-10-16,0.238463,0.178484,0.158486,0.069154,-0.005558,LMT,126
2024-10-17,0.246096,0.178371,0.158054,0.06621,-0.005116,LMT,126
2024-10-18,0.247653,0.178368,0.15891,0.075558,-0.000703,LMT,126
2024-10-21,0.24786,0.178525,0.160394,0.092602,0.008642,LMT,126
2024-10-22,0.245618,0.171769,0.159347,0.02364,0.006017,LMT,126
2024-10-23,0.245758,0.173967,0.163585,0.013743,0.002687,LMT,126
2024-10-24,0.245685,0.172459,0.162089,0.003592,0.001735,LMT,126
2024-10-25,0.245783,0.200348,0.168429,-0.003679,0.012986,LMT,126
2024-10-28,0.245955,0.202941,0.169639,0.000361,0.009242,LMT,126
2024-10-29,0.249719,0.202644,0.170429,-0.000212,-0.000962,LMT,126
2024-10-30,0.249486,0.201708,0.170146,0.024586,0.001333,LMT,126
2024-10-31,0.249476,0.20347,0.172024,0.046893,-0.006735,LMT,126
2024-11-01,0.249859,0.199087,0.169873,0.031053,0.007497,LMT,126
2024-11-04,0.249871,0.200201,0.169411,0.039512,0.010426,LMT,126
2024-11-05,0.25034,0.198917,0.171013,0.038332,0.004681,LMT,126
2024-11-06,0.248658,0.199767,0.168035,-0.001201,-0.000109,LMT,126
2024-11-07,0.248885,0.192607,0.169764,-0.016329,0.008649,LMT,126
2024-11-08,0.250079,0.192037,0.16969,-0.017723,0.000957,LMT,126
2024-11-11,0.250574,0.192947,0.169797,-0.007309,-0.000709,LMT,126
2024-11-12,0.250358,0.193158,0.171521,-0.013388,-0.006274,LMT,126
2024-11-13,0.250379,0.19392,0.17249,-0.014351,-0.003937,LMT,126
2024-11-14,0.248052,0.197881,0.171778,-0.002827,0.015992,LMT,126
2024-11-15,0.247525,0.197937,0.176433,-0.008562,0.00129,LMT,126
2024-11-18,0.247363,0.196599,0.176059,-0.020578,0.02339,LMT,126
2024-11-19,0.247119,0.197427,0.176163,-0.017713,0.01671,LMT,126
2024-11-20,0.247215,0.196955,0.169984,0.013204,0.002796,LMT,126
2024-11-21,0.247129,0.192612,0.169826,-0.002496,0.006739,LMT,126
2024-11-22,0.247465,0.20789,0.179739,-0.012377,0.009262,LMT,126
2024-11-25,0.246047,0.20613,0.17949,-0.015599,0.015627,LMT,126
2024-11-26,0.246201,0.20811,0.179997,-0.016581,-0.00244,LMT,126
2024-11-27,0.246064,0.203642,0.179471,-0.020795,0.000485,LMT,126
2024-11-29,0.246137,0.200904,0.179595,-0.017394,0.001662,LMT,126
2024-12-02,0.247172,0.199952,0.178824,-0.010328,0.007834,LMT,126
2024-12-03,0.247139,0.202011,0.178986,-0.004202,0.00025,LMT,126
2024-12-04,0.24715,0.201944,0.179236,-0.014287,-0.007128,LMT,126
2024-12-05,0.247078,0.196057,0.178575,-0.015809,0.008392,LMT,126
2024-12-06,0.250437,0.199554,0.179279,-0.001939,0.004445,LMT,126
2024-12-09,0.250474,0.208351,0.179993,0.016642,-0.000578,LMT,126
2024-12-10,0.251791,0.207474,0.178733,0.01363,-0.001631,LMT,126
2024-12-11,0.252867,0.208389,0.179915,0.023551,0.006409,LMT,126
2024-12-12,0.252945,0.208455,0.179875,0.017326,-0.005722,LMT,126
2024-12-13,0.253708,0.208495,0.180897,0.013083,-0.001797,LMT,126
2024-12-16,0.255144,0.2058,0.180024,0.044168,0.003079,LMT,126
2024-12-17,0.256592,0.209066,0.18006,0.056988,-0.010753,LMT,126
2024-12-18,0.257055,0.20851,0.180205,0.079171,-0.003687,LMT,126
2024-12-19,0.257081,0.209906,0.180773,0.086779,0.002359,LMT,126
2024-12-20,0.257108,0.208594,0.182338,0.050785,0.00694,LMT,126
2024-12-23,0.257204,0.216663,0.182038,0.056279,-0.012604,LMT,126
2024-12-24,0.257275,0.215979,0.18103,0.047457,-0.008963,LMT,126
2024-12-26,0.257622,0.215966,0.18009,0.064455,-0.012751,LMT,126
2024-12-27,0.257769,0.215916,0.17896,0.07354,-0.010223,LMT,126
2024-12-30,0.257795,0.215341,0.181652,0.078663,-0.011727,LMT,126
2024-12-31,0.25825,0.214265,0.179997,0.088533,-0.000223,LMT,126
2025-01-02,0.258083,0.214008,0.181511,0.089677,-0.009967,LMT,126
2025-01-03,0.258273,0.21327,0.18081,0.080001,-0.004472,LMT,126
2025-01-06,0.258407,0.213808,0.179487,0.096315,-0.000293,LMT,126
2025-01-07,0.257772,0.213407,0.176049,0.102517,6.3e-05,LMT,126
2025-01-08,0.257713,0.213422,0.174665,0.092391,0.003665,LMT,126
2025-01-10,0.257599,0.213472,0.177807,0.103426,0.010741,LMT,126
2025-01-13,0.257049,0.21305,0.181166,0.103424,7.9e-05,LMT,126
2025-01-14,0.256992,0.212969,0.179041,0.085362,0.012465,LMT,126
2025-01-15,0.257379,0.213791,0.176691,0.084671,0.015706,LMT,126
2025-01-16,0.257594,0.213199,0.176832,0.084079,0.004425,LMT,126
2025-01-17,0.2639,0.21409,0.179584,0.086343,0.006101,LMT,126
2025-01-21,0.264389,0.215747,0.190121,0.07809,-0.003644,LMT,126
2025-01-22,0.264148,0.213136,0.18807,0.072186,0.002074,LMT,126
2025-01-23,0.263824,0.212741,0.1862,0.066877,0.01048,LMT,126
2025-01-24,0.264241,0.223431,0.182553,0.066098,0.010286,LMT,126
2025-01-27,0.263884,0.223925,0.186591,0.090914,0.018276,LMT,126
2025-01-28,0.261623,0.224236,0.197747,0.031408,-0.005735,LMT,126
2025-01-29,0.26125,0.218523,0.199056,-0.00693,-0.003548,LMT,126
2025-01-30,0.261162,0.217999,0.198232,-0.007395,0.009828,LMT,126
2025-01-31,0.260994,0.219856,0.196895,-0.012247,0.008138,LMT,126
2025-02-03,0.261038,0.222035,0.205043,0.002097,-0.000636,LMT,126
2025-02-04,0.261303,0.220939,0.199679,0.006093,-0.00466,LMT,126
2025-02-05,0.261495,0.216556,0.197472,-0.005095,-0.00168,LMT,126
2025-02-06,0.261697,0.216984,0.198219,-0.005531,-0.002802,LMT,126
2025-02-07,0.261496,0.219899,0.199847,0.018178,0.010043,LMT,126
2025-02-10,0.261125,0.220105,0.200645,0.015767,0.002052,LMT,126
2025-02-11,0.261367,0.221946,0.204832,0.014375,0.003932,LMT,126
2025-02-12,0.261745,0.22307,0.205813,0.023061,0.021802,LMT,126
2025-02-13,0.260698,0.222272,0.205418,0.031935,0.000278,LMT,126
2025-02-14,0.259264,0.221683,0.205948,0.032,0.012228,LMT,126
2025-02-18,0.258671,0.22383,0.20703,0.027509,0.019719,LMT,126
2025-02-19,0.25731,0.224652,0.206702,0.024565,0.001426,LMT,126
2025-02-20,0.256994,0.224404,0.208675,0.026353,0.004117,LMT,126
2025-02-21,0.256952,0.224045,0.209129,0.0352,-0.000473,LMT,126
2025-02-24,0.25616,0.22824,0.226137,0.026528,0.004603,LMT,126
2025-02-25,0.256047,0.225621,0.219953,0.02828,0.000304,LMT,126
2025-02-26,0.255685,0.221664,0.218392,0.018741,0.004859,LMT,126
2025-02-27,0.255836,0.222455,0.218281,0.040915,0.008128,LMT,126
2025-02-28,0.255808,0.220701,0.218871,0.036896,-0.011895,LMT,126
2025-03-03,0.256141,0.220127,0.211639,0.050881,0.007378,LMT,126
2025-03-04,0.254221,0.214348,0.211807,0.054808,0.016762,LMT,126
2025-03-05,0.25328,0.207775,0.213909,0.033354,0.004947,LMT,126
2025-03-06,0.252441,0.210584,0.221696,0.031918,0.006428,LMT,126
2025-03-07,0.251597,0.21193,0.220806,0.020356,0.00714,LMT,126
2025-03-10,0.248386,0.208434,0.214649,0.022234,0.001801,LMT,126
2025-03-11,0.247774,0.206107,0.21492,0.025872,0.014081,LMT,126
2025-03-12,0.247239,0.209067,0.218236,0.008916,0.012282,LMT,126
2025-03-13,0.247252,0.204942,0.212932,0.010759,-0.003388,LMT,126
2025-03-14,0.247023,0.205486,0.212368,0.000845,-0.001049,LMT,126
2025-03-17,0.246708,0.206403,0.217181,-0.005035,0.012374,LMT,126
2025-03-18,0.246522,0.203635,0.217473,0.013436,0.000945,LMT,126
2025-03-19,0.246126,0.203301,0.214422,0.005968,0.001992,LMT,126
2025-03-20,0.24614,0.201612,0.213051,0.009011,0.013653,LMT,126
2025-03-21,0.233862,0.210379,0.216542,-0.036001,0.009981,LMT,126
2025-03-24,0.233394,0.230016,0.230772,-0.041917,0.019434,LMT,126
2025-03-25,0.233123,0.228767,0.231461,-0.036416,0.010436,LMT,126
2025-03-26,0.23262,0.22905,0.230689,-0.03438,0.004362,LMT,126
2025-03-27,0.232397,0.22912,0.234333,-0.026362,0.008705,LMT,126
2025-03-28,0.23265,0.224159,0.223719,-0.022846,0.000138,LMT,126
2025-03-31,0.232096,0.223925,0.224516,-0.010586,0.00458,LMT,126
2025-04-01,0.232263,0.220694,0.22238,-0.019854,0.00551,LMT,126
2025-04-02,0.231738,0.221006,0.226092,-0.014199,0.006299,LMT,126
2025-04-03,0.230796,0.211579,0.21453,0.001473,-0.000362,LMT,126
2025-04-04,0.228065,0.208689,0.200404,0.074553,0.041843,LMT,126
2025-04-07,0.224268,0.212006,0.201238,0.081244,0.046975,LMT,126
2025-04-08,0.222466,0.218028,0.203874,0.106889,0.090031,LMT,126
2025-04-09,0.2158,0.213112,0.197424,0.001057,0.049696,LMT,126
2025-04-10,0.213461,0.215525,0.196805,0.016517,0.041792,LMT,126
2025-04-11,0.211469,0.213949,0.19154,-0.011652,0.03539,LMT,126
2025-04-14,0.210693,0.212314,0.191493,-0.033243,0.049465,LMT,126
2025-04-15,0.213868,0.209927,0.192253,-0.044748,0.052478,LMT,126
2025-04-16,0.213579,0.208672,0.193733,-0.026117,0.038185,LMT,126
2025-04-17,0.209099,0.211723,0.201799,-0.04922,0.044442,LMT,126
2025-04-21,0.208056,0.21339,0.196068,-0.017517,0.0376,LMT,126
2025-04-22,0.204088,0.211102,0.211371,-0.073795,0.018477,LMT,126
2025-04-23,0.202901,0.212024,0.210158,-0.096243,0.009492,LMT,126
2025-04-24,0.202849,0.209812,0.210926,-0.100813,0.015958,LMT,126
2025-04-25,0.202551,0.20844,0.210263,-0.114089,0.008498,LMT,126
2025-04-28,0.202176,0.207342,0.207336,-0.10346,0.005902,LMT,126
2025-04-29,0.202136,0.200903,0.202989,-0.11818,0.007878,LMT,126
2025-04-30,0.201801,0.204346,0.20372,-0.119793,0.010911,LMT,126
2025-05-01,0.202062,0.204088,0.205663,-0.110028,-0.014208,LMT,126
2025-05-02,0.197751,0.208231,0.207494,-0.132712,0.008961,LMT,126
2025-05-05,0.197912,0.20579,0.207082,-0.120872,0.017164,LMT,126
2025-05-06,0.197848,0.200685,0.207184,-0.098983,0.007718,LMT,126
2025-05-07,0.198164,0.19949,0.203725,-0.08882,0.000853,LMT,126
2025-05-08,0.198182,0.204615,0.204395,-0.08054,0.00126,LMT,126
2025-05-09,0.198424,0.205132,0.205356,-0.068139,0.010639,LMT,126
2025-05-12,0.198079,0.207379,0.211947,-0.060882,0.015194,LMT,126
2025-05-13,0.198554,0.20857,0.214492,-0.042403,0.010178,LMT,126
2025-05-14,0.196627,0.209003,0.213965,-0.05025,0.010611,LMT,126
2025-05-15,0.19605,0.207752,0.214411,-0.062616,0.010115,LMT,126
2025-05-16,0.196624,0.206941,0.213411,-0.06504,0.016522,LMT,126
2025-05-19,0.196674,0.205634,0.214998,-0.043211,0.010818,LMT,126
2025-05-20,0.198532,0.200745,0.200241,-0.03038,0.010063,LMT,126
2025-05-21,0.198327,0.203282,0.205538,0.027018,0.014804,LMT,126
2025-05-22,0.199443,0.202429,0.204481,0.029815,0.012636,LMT,126
2025-05-23,0.199756,0.201631,0.207155,0.043593,0.013806,LMT,126
2025-05-27,0.200155,0.201324,0.206652,0.03453,0.016218,LMT,126
2025-05-28,0.199903,0.20184,0.205986,0.034798,0.011623,LMT,126
2025-05-29,0.199437,0.200266,0.205264,0.030566,0.008212,LMT,126
2025-05-30,0.198898,0.200135,0.205093,0.030379,0.002618,LMT,126
2025-06-02,0.199662,0.200831,0.205052,0.028263,0.00978,LMT,126
2025-06-03,0.199828,0.198875,0.205267,0.059405,0.007153,LMT,126
2025-06-04,0.200558,0.196439,0.205254,0.057739,0.011273,LMT,126
2025-06-05,0.199148,0.199364,0.205689,0.045928,0.020616,LMT,126
2025-06-06,0.199325,0.19962,0.205798,0.051986,0.00694,LMT,126
2025-06-09,0.199975,0.199209,0.203823,0.061408,0.006747,LMT,126
2025-06-10,0.200352,0.199098,0.203288,0.06302,0.009549,LMT,126
2025-06-11,0.199004,0.205537,0.202378,0.068184,-0.005425,LMT,126
2025-06-12,0.199188,0.204121,0.203555,0.054177,-0.000519,LMT,126
2025-06-13,0.198166,0.208298,0.203575,0.09682,-0.006067,LMT,126
2025-06-16,0.196736,0.21016,0.207385,0.076095,-0.013364,LMT,126
2025-06-17,0.195467,0.210464,0.206897,0.088897,-0.004485,LMT,126
2025-06-18,0.196325,0.207365,0.20132,0.073159,-0.003322,LMT,126
2025-06-20,0.194857,0.206755,0.202128,0.055666,-0.004061,LMT,126
2025-06-23,0.193497,0.206718,0.201181,0.041428,0.001849,LMT,126
2025-06-24,0.193067,0.205722,0.202105,0.0303,0.000437,LMT,126
2025-06-25,0.192685,0.205288,0.202907,0.026237,0.001897,LMT,126
2025-06-26,0.192516,0.204046,0.203614,0.020847,0.000198,LMT,126
2025-06-27,0.192194,0.205039,0.207993,0.020439,-0.001356,LMT,126
2025-06-30,0.192089,0.206065,0.207014,0.036303,-0.006143,LMT,126
2025-07-01,0.191233,0.2054,0.212982,0.030626,0.001817,LMT,126
2025-07-02,0.190676,0.206384,0.2123,0.03825,-0.003236,LMT,126
2025-07-03,0.193529,0.205301,0.210938,0.032361,0.002974,LMT,126
2025-07-07,0.193913,0.206129,0.210626,0.037425,-0.000484,LMT,126
2025-07-08,0.197627,0.205549,0.209692,0.044655,-0.004145,LMT,126
2025-07-09,0.203792,0.205725,0.210574,0.049923,0.002365,LMT,126
2025-07-10,0.209342,0.205834,0.210445,0.042814,-0.002333,LMT,126
2025-07-11,0.210466,0.206729,0.210858,0.039556,-0.004015,LMT,126
2025-07-14,0.211594,0.207002,0.209497,0.072042,0.004524,LMT,126
2025-07-15,0.212524,0.210153,0.208209,0.0784,-0.00984,LMT,126
2025-07-16,0.214243,0.208934,0.201967,0.080737,-0.001674,LMT,126
2025-07-17,0.216151,0.208517,0.201996,0.089543,-0.005147,LMT,126
2025-07-18,0.215374,0.2031,0.206867,0.084526,0.007699,LMT,126
2025-07-21,0.216178,0.200722,0.195368,0.104721,-0.025328,LMT,126
2025-07-22,0.208482,0.207905,0.208676,0.024654,-0.04128,LMT,126
2025-07-23,0.207554,0.206598,0.209475,0.002177,-0.034936,LMT,126
2025-07-24,0.207585,0.207586,0.205453,-0.000319,-0.03805,LMT,126
2025-07-25,0.208062,0.206367,0.191999,-0.013972,-0.038835,LMT,126
2025-07-28,0.209701,0.209418,0.192968,-0.012889,-0.030393,LMT,126
2025-07-29,0.21095,0.208424,0.19263,-0.009285,-0.045927,LMT,126
2025-07-30,0.218334,0.209001,0.193981,-0.009712,-0.038436,LMT,126
2025-07-31,0.220196,0.206914,0.199131,-0.008384,-0.037055,LMT,126
2025-08-01,0.22226,0.205149,0.196271,0.002007,-0.027297,LMT,126
2025-08-04,0.225827,0.205667,0.198658,-0.012141,-0.029944,LMT,126
2025-08-05,0.229198,0.203962,0.197857,-0.016229,-0.023815,LMT,126
2025-08-06,0.230675,0.202658,0.196419,-0.027007,-0.030538,LMT,126
2025-08-07,0.230729,0.204621,0.19979,-0.02342,-0.018395,LMT,126
2025-08-08,0.230253,0.205003,0.197531,-0.026688,-0.028,LMT,126
2025-08-11,0.230582,0.2045,0.200719,-0.017276,-0.020522,LMT,126
2025-08-12,0.231113,0.201811,0.198391,-0.025726,-0.025854,LMT,126
2025-08-13,0.231211,0.201904,0.197568,-0.029395,-0.022804,LMT,126
2025-08-14,0.231116,0.201942,0.19851,-0.013196,-0.026434,LMT,126
2025-08-15,0.231831,0.208816,0.207843,-0.019255,-0.024293,LMT,126
2025-08-18,0.23228,0.209943,0.206792,-0.024812,-3.7e-05,LMT,126
2025-08-19,0.232522,0.210136,0.206101,-0.029738,-0.0149,LMT,126
2025-08-20,0.233961,0.204401,0.202541,0.021956,-0.020355,LMT,126
2025-08-21,0.234206,0.203755,0.201001,0.032803,-0.009903,LMT,126
2025-08-22,0.234888,0.202779,0.19901,0.017051,-0.011336,LMT,126
2025-08-25,0.238275,0.204052,0.201933,0.032699,-0.004333,LMT,126
2025-08-26,0.23793,0.201949,0.20106,0.045628,-0.013403,LMT,126
2025-08-27,0.238451,0.20068,0.197526,0.036745,-0.00973,LMT,126
2025-08-28,0.241387,0.202684,0.200087,0.042599,-0.020396,LMT,126
2025-08-29,0.244276,0.201028,0.200678,0.039885,-0.013045,LMT,126
2025-09-02,0.245102,0.202295,0.201988,0.038973,-0.013045,LMT,126
2025-09-03,0.245847,0.201373,0.202004,0.038832,-0.013045,LMT,126
2025-09-04,0.246412,0.201296,0.20097,0.040979,-0.013045,LMT,126
2025-09-05,0.247433,0.200647,0.200907,0.044136,-0.013045,LMT,126
2025-09-08,0.247268,0.201356,0.200214,0.040394,-0.013045,LMT,126
2025-09-09,0.247707,0.201624,0.201009,,,LMT,126
2025-09-10,0.248394,0.201071,0.199433,,,LMT,126
2025-09-11,0.249559,0.200839,0.197286,,,LMT,126
2025-09-12,0.250051,0.200754,0.19841,,,LMT,126
2025-09-15,0.250269,0.214562,0.201133,,,LMT,126
2025-09-16,0.250291,0.212084,0.201133,,,LMT,126
2025-09-17,0.251439,0.21097,0.201953,,,LMT,126
2025-09-18,0.252147,0.210574,0.201895,,,LMT,126
2025-09-19,0.253095,0.21089,0.201857,,,LMT,126
2025-09-22,0.253218,0.211375,0.201302,,,LMT,126
2025-09-23,0.253503,0.20757,0.197648,,,LMT,126
2025-09-24,0.253374,0.207884,0.197488,,,LMT,126
2025-09-25,0.254404,0.207865,0.197844,,,LMT,126
2025-09-26,0.256619,0.20766,0.198593,,,LMT,126
2025-09-29,0.256693,0.20817,0.198958,,,LMT,126
2025-09-30,0.256919,0.20805,0.199541,,,LMT,126
2025-10-01,0.256737,0.207195,0.198927,,,LMT,126
2025-10-02,0.256917,0.206237,0.198676,,,LMT,126
2025-10-03,0.256984,0.208608,0.198917,,,LMT,126
2025-10-06,0.258931,0.209271,0.200287,,,LMT,126
2025-10-07,0.259503,0.208633,0.198892,,,LMT,126
2025-10-08,0.260301,0.208849,0.198892,,,LMT,126
2025-10-09,0.259826,0.209103,0.200465,,,LMT,126
2025-10-10,0.258867,0.206793,0.196844,,,LMT,126
2025-10-13,0.258812,0.219643,0.199001,,,LMT,126
2025-10-14,0.259076,0.219993,0.198865,,,LMT,126
2025-10-15,0.257904,0.224492,0.205474,,,LMT,126
2025-10-16,0.259093,0.220983,0.203305,,,LMT,126
2025-10-17,0.259189,0.22068,0.202813,,,LMT,126
2025-10-20,0.261152,0.211322,0.185825,,,LMT,126
2025-10-21,0.258737,0.213941,0.186263,,,LMT,126
2025-10-22,0.261232,0.211882,0.185314,,,LMT,126
2025-10-23,0.262541,0.213914,0.185613,,,LMT,126
2025-10-24,0.262893,0.2137,0.185459,,,LMT,126
2025-10-27,0.263844,0.21427,0.186935,,,LMT,126
2025-10-28,0.264085,0.213564,0.187323,,,LMT,126
2025-10-29,0.264217,0.214639,0.18659,,,LMT,126
